policy,seed,rounds,S,k,top_gap_lambda,transition_dominance,context_noise_level,transition_variant,trust_scale_mult,gate_scale_mult,gate_mode,beta_gate_concentration,trust_floor,trust_cap,support_mask_enabled,avg_reward,cum_reward,oracle_cum_reward,reward_pct_oracle,cum_regret,top1_agreement,top2_agreement,transition_l1_error,off_support_leakage,runtime_seconds,policy_label,experiment_id
oracle,20261640,100,8,2,0.0,0.45,0.0,dense,1.0,1.0,deterministic,20.0,0.1,0.95,False,7882.104258367809,788210.4258367809,788210.4258367809,100.0,0.0,1.0,1.0,0.1898323551013091,0.046208016888581394,0.020729542000000212,oracle,context_noise_refinement
state_thompson,20262538,100,8,2,0.0,0.45,0.0,dense,1.0,1.0,deterministic,20.0,0.1,0.95,False,6954.59348993576,695459.348993576,756316.7772848505,91.95344726983971,60857.42829127447,0.65,0.83,0.1922956215341444,0.04323942325938663,0.02286016600000007,state_thompson,context_noise_refinement
global_ucb_tw,20262374,100,8,2,0.0,0.45,0.0,dense,1.0,1.0,deterministic,20.0,0.1,0.95,False,6299.425227422698,629942.5227422698,685287.8650864888,91.92378193691873,55345.34234421898,0.65,0.82,0.20015338131163102,0.040630315065252894,0.49424533299999984,global_ucb_tw_dense,context_noise_refinement
local_ucb_tw,20262272,100,8,2,0.0,0.45,0.0,dense,1.0,1.0,deterministic,20.0,0.1,0.95,False,6973.931692894921,697393.1692894921,760743.0895050052,91.67262626641364,63349.92021551309,0.77,0.92,0.18450865313905457,0.04293141597567746,0.4930537909999999,local_ucb_tw_dense,context_noise_refinement
exp4,20261395,100,8,2,0.0,0.45,0.0,dense,1.0,1.0,deterministic,20.0,0.1,0.95,False,7337.811586393799,733781.1586393799,775376.8688028727,94.63542029210728,41595.710163492826,0.81,0.88,0.18675285363569244,0.06260410226476554,0.5206383340000005,exp4_dense,context_noise_refinement
tw,20261245,100,8,2,0.0,0.45,0.0,dense,1.0,1.0,deterministic,20.0,0.1,0.95,False,7343.2498296747635,734324.9829674764,796301.5591642673,92.21694652188847,61976.576196790906,0.73,0.9,0.18670890688159425,0.0452545668502819,0.4829301249999993,tw_dense,context_noise_refinement
tm_tw,20261565,100,8,2,0.0,0.45,0.0,dense,1.0,1.0,deterministic,20.0,0.1,0.95,False,7536.606818688016,753660.6818688016,792510.6710734227,95.09785916800332,38849.98920462106,0.83,0.91,0.17938230450859308,0.05196758942825581,0.5128802910000001,tm_tw_dense,context_noise_refinement
tm_tw_refined,20262393,100,8,2,0.0,0.45,0.0,dense,1.0,1.0,deterministic,20.0,0.1,0.95,False,6867.762461160928,686776.2461160928,721437.5568824118,95.19552171415876,34661.310766319046,0.68,0.86,0.1876340558486731,0.048952288137473765,0.493746625,tm_tw_refined_dense,context_noise_refinement
tw,20261457,100,8,2,0.0,0.45,0.0,offline,1.0,1.0,deterministic,20.0,0.1,0.95,False,6523.962438898486,652396.2438898486,797979.3821275617,81.75602759941474,145583.13823771314,0.73,0.86,0.1072938412901976,0.025977530681932252,0.4800550000000001,tw_offline,context_noise_refinement
tm_tw,20261777,100,8,2,0.0,0.45,0.0,offline,1.0,1.0,deterministic,20.0,0.1,0.95,False,7467.572356357912,746757.2356357912,784210.3079711414,95.22410354025487,37453.07233535021,0.82,0.91,0.1121556568167483,0.02885738151703608,0.4920071669999997,tm_tw_offline,context_noise_refinement
tm_tw_refined,20262605,100,8,2,0.0,0.45,0.0,offline,1.0,1.0,deterministic,20.0,0.1,0.95,False,7047.29966803121,704729.966803121,728827.9479508351,96.69359809602969,24097.981147714076,0.76,0.9,0.10044518886333009,0.02779105812365305,0.49132229100000036,tm_tw_refined_offline,context_noise_refinement
tw,20262069,100,8,2,0.0,0.45,0.0,gated_offline,1.0,1.0,deterministic,20.0,0.1,0.95,False,6332.581593752684,633258.1593752684,766252.5847221419,82.64352669099317,132994.42534687347,0.63,0.77,0.11579286362625557,0.028064669247055248,0.48265758400000003,tw_gated_offline,context_noise_refinement
tm_tw,20262389,100,8,2,0.0,0.45,0.0,gated_offline,1.0,1.0,deterministic,20.0,0.1,0.95,False,6135.428051331578,613542.8051331578,809622.5773158013,75.78133593646552,196079.77218264353,0.7,0.8,0.10718297077940195,0.027790670801573422,0.49403566600000115,tm_tw_gated_offline,context_noise_refinement
tm_tw_refined,20263217,100,8,2,0.0,0.45,0.0,gated_offline,1.0,1.0,deterministic,20.0,0.1,0.95,False,7603.263527426224,760326.3527426224,744385.9746100539,102.14141301371492,-15940.37813256844,0.77,0.94,0.10536133977526593,0.02827623361220882,0.4940519170000002,tm_tw_refined_gated_offline,context_noise_refinement
tw,20262349,100,8,2,0.0,0.45,0.0,support_offline,1.0,1.0,deterministic,20.0,0.1,0.95,True,7320.911918543517,732091.1918543517,783739.5607032083,93.41000870205973,51648.368848856655,0.81,0.93,0.0740603595442827,2.6695972747871144e-07,0.4857259169999999,tw_support_offline,context_noise_refinement
tm_tw,20262669,100,8,2,0.0,0.45,0.0,support_offline,1.0,1.0,deterministic,20.0,0.1,0.95,True,5663.770869821538,566377.0869821538,704572.6463009088,80.38590342042112,138195.55931875494,0.58,0.76,0.0854739587286204,2.210362215713601e-07,0.49496154100000034,tm_tw_support_offline,context_noise_refinement
tm_tw_refined,20263497,100,8,2,0.0,0.45,0.0,support_offline,1.0,1.0,deterministic,20.0,0.1,0.95,True,7487.608219538812,748760.8219538812,751164.8052659957,99.67996592821423,2403.983312114491,0.8,0.94,0.0782600921688273,2.474627190213153e-07,0.49629079099999984,tm_tw_refined_support_offline,context_noise_refinement
oracle,20261641,100,8,2,0.0,0.45,0.0,dense,1.0,1.0,deterministic,20.0,0.1,0.95,False,11510.551935639027,1151055.1935639028,1151055.1935639028,100.0,0.0,1.0,1.0,0.17236319599695538,0.044960002739327175,0.01982695799999945,oracle,context_noise_refinement
state_thompson,20262539,100,8,2,0.0,0.45,0.0,dense,1.0,1.0,deterministic,20.0,0.1,0.95,False,8044.476208854665,804447.6208854665,1055398.0655377868,76.2221996754896,250950.44465232035,0.41,0.64,0.19227618546289613,0.04173286528783191,0.022404250000001014,state_thompson,context_noise_refinement
global_ucb_tw,20262375,100,8,2,0.0,0.45,0.0,dense,1.0,1.0,deterministic,20.0,0.1,0.95,False,11288.480500743106,1128848.0500743105,1245326.1479236209,90.64677971762508,116478.09784931038,0.73,0.89,0.1921092458443615,0.04730225725946731,0.49102524999999986,global_ucb_tw_dense,context_noise_refinement
local_ucb_tw,20262273,100,8,2,0.0,0.45,0.0,dense,1.0,1.0,deterministic,20.0,0.1,0.95,False,9977.963552130555,997796.3552130555,1160800.8221036282,85.95758516132229,163004.4668905727,0.61,0.7,0.1940848486805831,0.040701912089338564,0.4908498329999986,local_ucb_tw_dense,context_noise_refinement
exp4,20261396,100,8,2,0.0,0.45,0.0,dense,1.0,1.0,deterministic,20.0,0.1,0.95,False,9960.418363214589,996041.8363214588,1095518.0240443626,90.91971236076391,99476.1877229038,0.62,0.75,0.1969310022809764,0.04984971415192157,0.5024355420000006,exp4_dense,context_noise_refinement
tw,20261246,100,8,2,0.0,0.45,0.0,dense,1.0,1.0,deterministic,20.0,0.1,0.95,False,8622.593784989134,862259.3784989135,1119459.6418076348,77.02460600603608,257200.26330872136,0.68,0.87,0.185792058470144,0.038456627523920234,0.48093487500000087,tw_dense,context_noise_refinement
tm_tw,20261566,100,8,2,0.0,0.45,0.0,dense,1.0,1.0,deterministic,20.0,0.1,0.95,False,9189.61748325546,918961.748325546,1134800.9823488586,80.97999231754633,215839.23402331257,0.68,0.84,0.17683670146527974,0.03915169080949607,0.4910628329999991,tm_tw_dense,context_noise_refinement
tm_tw_refined,20262394,100,8,2,0.0,0.45,0.0,dense,1.0,1.0,deterministic,20.0,0.1,0.95,False,10169.144395116815,1016914.4395116814,1077965.9402523618,94.33641653590766,61051.50074068038,0.56,0.76,0.17702448201153126,0.0470418857993621,0.49335458300000035,tm_tw_refined_dense,context_noise_refinement
tw,20261458,100,8,2,0.0,0.45,0.0,offline,1.0,1.0,deterministic,20.0,0.1,0.95,False,9983.078870316907,998307.8870316908,1161417.2747442643,85.9560046798435,163109.38771257352,0.65,0.84,0.10111527960878514,0.025572435350706656,0.4819294999999997,tw_offline,context_noise_refinement
tm_tw,20261778,100,8,2,0.0,0.45,0.0,offline,1.0,1.0,deterministic,20.0,0.1,0.95,False,2539.345471886667,253934.54718866668,974252.8296953439,26.0645429449842,720318.2825066772,0.17,0.45,0.10672512890525733,0.02516859875013005,0.4935332500000005,tm_tw_offline,context_noise_refinement
tm_tw_refined,20262606,100,8,2,0.0,0.45,0.0,offline,1.0,1.0,deterministic,20.0,0.1,0.95,False,11626.446444147068,1162644.6444147069,1139782.2569534774,102.00585570811904,-22862.38746122946,0.74,0.85,0.10867094404604974,0.027548408630418193,0.49332683399999944,tm_tw_refined_offline,context_noise_refinement
tw,20262070,100,8,2,0.0,0.45,0.0,gated_offline,1.0,1.0,deterministic,20.0,0.1,0.95,False,4679.428387472016,467942.8387472016,1092217.7572750554,42.843364853786994,624274.9185278538,0.29,0.81,0.10055227163022108,0.025973296941102127,0.4878239579999999,tw_gated_offline,context_noise_refinement
tm_tw,20262390,100,8,2,0.0,0.45,0.0,gated_offline,1.0,1.0,deterministic,20.0,0.1,0.95,False,11881.937159657618,1188193.7159657618,1292469.6053505023,91.9320432021717,104275.8893847405,0.69,0.85,0.10910521400357646,0.031289292485678036,0.49715162500000076,tm_tw_gated_offline,context_noise_refinement
tm_tw_refined,20263218,100,8,2,0.0,0.45,0.0,gated_offline,1.0,1.0,deterministic,20.0,0.1,0.95,False,9711.727391825467,971172.7391825466,1086613.368092502,89.37610816323695,115440.62890995538,0.62,0.85,0.11178937101783278,0.025470134204396543,0.4940019580000019,tm_tw_refined_gated_offline,context_noise_refinement
tw,20262350,100,8,2,0.0,0.45,0.0,support_offline,1.0,1.0,deterministic,20.0,0.1,0.95,True,9857.295089158755,985729.5089158756,1098627.269273596,89.723743118777,112897.76035772031,0.68,0.83,0.08089294807188564,2.280719642764015e-07,0.4865805420000022,tw_support_offline,context_noise_refinement
tm_tw,20262670,100,8,2,0.0,0.45,0.0,support_offline,1.0,1.0,deterministic,20.0,0.1,0.95,True,10169.490160132355,1016949.0160132354,1172787.2343589712,86.71214916225493,155838.2183457358,0.6,0.78,0.09119667688915982,2.2267428741050285e-07,0.5006981669999995,tm_tw_support_offline,context_noise_refinement
tm_tw_refined,20263498,100,8,2,0.0,0.45,0.0,support_offline,1.0,1.0,deterministic,20.0,0.1,0.95,True,10812.003555403679,1081200.3555403678,1067676.0252447207,101.2667073134425,-13524.330295647029,0.71,0.88,0.08583345079792215,2.288048389445277e-07,0.5007045419999976,tm_tw_refined_support_offline,context_noise_refinement
oracle,20261642,100,8,2,0.0,0.45,0.0,dense,1.0,1.0,deterministic,20.0,0.1,0.95,False,17077.93418692942,1707793.4186929418,1707793.4186929418,100.0,0.0,1.0,1.0,0.20500654945924948,0.05072670904164115,0.020155499999997772,oracle,context_noise_refinement
state_thompson,20262540,100,8,2,0.0,0.45,0.0,dense,1.0,1.0,deterministic,20.0,0.1,0.95,False,8893.170129921225,889317.0129921226,1469502.044117512,60.518256272735506,580185.0311253894,0.45,0.69,0.17452147811802493,0.041827122605572496,0.022228625000000335,state_thompson,context_noise_refinement
global_ucb_tw,20262376,100,8,2,0.0,0.45,0.0,dense,1.0,1.0,deterministic,20.0,0.1,0.95,False,15377.596545463446,1537759.6545463447,1669327.2521479563,92.11852574548692,131567.59760161163,0.77,0.87,0.18620407274262074,0.04244496881621698,0.4942298749999985,global_ucb_tw_dense,context_noise_refinement
local_ucb_tw,20262274,100,8,2,0.0,0.45,0.0,dense,1.0,1.0,deterministic,20.0,0.1,0.95,False,16907.124358638823,1690712.4358638823,1749215.4652574786,96.65547037768816,58503.02939359634,0.88,0.94,0.17315728826998203,0.04884488051551913,0.49120650000000055,local_ucb_tw_dense,context_noise_refinement
exp4,20261397,100,8,2,0.0,0.45,0.0,dense,1.0,1.0,deterministic,20.0,0.1,0.95,False,16243.721366596905,1624372.1366596904,1690349.8483235943,96.09680139709911,65977.7116639039,0.85,0.86,0.18032450044683784,0.05841840947239811,0.49762179100000026,exp4_dense,context_noise_refinement
tw,20261247,100,8,2,0.0,0.45,0.0,dense,1.0,1.0,deterministic,20.0,0.1,0.95,False,12778.021369028436,1277802.1369028436,1607157.9596522094,79.50694138237421,329355.8227493658,0.66,0.78,0.19268035674134174,0.04208262656643252,0.4810885409999983,tw_dense,context_noise_refinement
tm_tw,20261567,100,8,2,0.0,0.45,0.0,dense,1.0,1.0,deterministic,20.0,0.1,0.95,False,9663.87487282253,966387.4872822529,1596009.4023381765,60.550237728329265,629621.9150559236,0.42,0.62,0.18076454360645083,0.03526660422639608,0.49006170799999893,tm_tw_dense,context_noise_refinement
tm_tw_refined,20262395,100,8,2,0.0,0.45,0.0,dense,1.0,1.0,deterministic,20.0,0.1,0.95,False,13428.994269272609,1342899.4269272608,1608383.6627809142,83.49372466301801,265484.2358536534,0.74,0.86,0.18540766282888235,0.04681701414094566,0.4942770000000003,tm_tw_refined_dense,context_noise_refinement
tw,20261459,100,8,2,0.0,0.45,0.0,offline,1.0,1.0,deterministic,20.0,0.1,0.95,False,10518.546014784079,1051854.6014784079,1612118.88893726,65.24671404177955,560264.2874588522,0.54,0.79,0.12016522583336842,0.023303082442538967,0.4802966669999975,tw_offline,context_noise_refinement
tm_tw,20261779,100,8,2,0.0,0.45,0.0,offline,1.0,1.0,deterministic,20.0,0.1,0.95,False,3531.8652829895996,353186.52829895995,1373879.3845782215,25.70724419213755,1020692.8562792615,0.1,0.59,0.11578261974226606,0.024847762210592213,0.4933437500000011,tm_tw_offline,context_noise_refinement
tm_tw_refined,20262607,100,8,2,0.0,0.45,0.0,offline,1.0,1.0,deterministic,20.0,0.1,0.95,False,15142.195242473883,1514219.5242473884,1645593.3671013433,92.01662783283057,131373.842853955,0.71,0.89,0.10993288700239842,0.02636841562161947,0.49122770800000026,tm_tw_refined_offline,context_noise_refinement
tw,20262071,100,8,2,0.0,0.45,0.0,gated_offline,1.0,1.0,deterministic,20.0,0.1,0.95,False,14664.179085909622,1466417.9085909622,1794818.0327866192,81.70287359516966,328400.124195657,0.69,0.87,0.11718793524353187,0.027976193616706974,0.4839441669999971,tw_gated_offline,context_noise_refinement
tm_tw,20262391,100,8,2,0.0,0.45,0.0,gated_offline,1.0,1.0,deterministic,20.0,0.1,0.95,False,2704.253804003605,270425.3804003605,1400084.7946211982,19.31492874140711,1129659.4142208376,0.11,0.46,0.1142654918785442,0.02622936760032056,0.4942790420000023,tm_tw_gated_offline,context_noise_refinement
tm_tw_refined,20263219,100,8,2,0.0,0.45,0.0,gated_offline,1.0,1.0,deterministic,20.0,0.1,0.95,False,12674.544731858263,1267454.4731858263,1569029.6611725425,80.77951007240057,301575.18798671616,0.74,0.85,0.10453125807022703,0.02730202609976117,0.4955032500000023,tm_tw_refined_gated_offline,context_noise_refinement
tw,20262351,100,8,2,0.0,0.45,0.0,support_offline,1.0,1.0,deterministic,20.0,0.1,0.95,True,15086.761047930231,1508676.104793023,1691670.0888850312,89.18264351339225,182993.9840920081,0.76,0.9,0.08518498550658915,2.4119463061309236e-07,0.48782675,tw_support_offline,context_noise_refinement
tm_tw,20262671,100,8,2,0.0,0.45,0.0,support_offline,1.0,1.0,deterministic,20.0,0.1,0.95,True,4058.353640935862,405835.3640935862,1384291.4336015629,29.317191036695874,978456.0695079766,0.08,0.67,0.06800940902252946,2.3602976287957472e-07,0.5013509169999999,tm_tw_support_offline,context_noise_refinement
tm_tw_refined,20263499,100,8,2,0.0,0.45,0.0,support_offline,1.0,1.0,deterministic,20.0,0.1,0.95,True,15253.650001969258,1525365.0001969258,1630038.2301393612,93.57848006218317,104673.2299424354,0.8,0.84,0.08872248079198547,2.639171073880392e-07,0.49652866699999976,tm_tw_refined_support_offline,context_noise_refinement
oracle,20261643,100,8,2,0.0,0.45,0.0,dense,1.0,1.0,deterministic,20.0,0.1,0.95,False,6153.062786882976,615306.2786882976,615306.2786882976,100.0,0.0,1.0,1.0,0.16559163310048963,0.040493870136001545,0.020300833000000296,oracle,context_noise_refinement
state_thompson,20262541,100,8,2,0.0,0.45,0.0,dense,1.0,1.0,deterministic,20.0,0.1,0.95,False,3228.6180315985594,322861.80315985595,573417.7656467515,56.30481343662307,250555.96248689556,0.31,0.55,0.18208999162442158,0.041667465651810294,0.02222262499999772,state_thompson,context_noise_refinement
global_ucb_tw,20262377,100,8,2,0.0,0.45,0.0,dense,1.0,1.0,deterministic,20.0,0.1,0.95,False,4856.763862737531,485676.3862737531,544480.7397669698,89.19992036478936,58804.35349321674,0.55,0.83,0.17981989454590436,0.03994695929615588,0.4924326249999993,global_ucb_tw_dense,context_noise_refinement
local_ucb_tw,20262275,100,8,2,0.0,0.45,0.0,dense,1.0,1.0,deterministic,20.0,0.1,0.95,False,5891.557765859879,589155.7765859879,602335.5481868307,97.81188879844183,13179.771600842825,0.67,0.81,0.17871830529405835,0.04375668984938247,0.4896530410000004,local_ucb_tw_dense,context_noise_refinement
exp4,20261398,100,8,2,0.0,0.45,0.0,dense,1.0,1.0,deterministic,20.0,0.1,0.95,False,4668.8747882722855,466887.4788272286,575769.0934302503,81.08936102243011,108881.6146030217,0.46,0.66,0.1976250875169422,0.06281335854964286,0.495266333,exp4_dense,context_noise_refinement
tw,20261248,100,8,2,0.0,0.45,0.0,dense,1.0,1.0,deterministic,20.0,0.1,0.95,False,5508.740130191483,550874.0130191484,615940.9847300794,89.43616785958073,65066.971710931044,0.66,0.89,0.20269462287336534,0.03974842569545712,0.48028866699999995,tw_dense,context_noise_refinement
tm_tw,20261568,100,8,2,0.0,0.45,0.0,dense,1.0,1.0,deterministic,20.0,0.1,0.95,False,4482.506386323563,448250.63863235625,526785.7147150643,85.09164658628086,78535.07608270802,0.59,0.81,0.187132667462549,0.034398379810130365,0.4909432080000009,tm_tw_dense,context_noise_refinement
tm_tw_refined,20262396,100,8,2,0.0,0.45,0.0,dense,1.0,1.0,deterministic,20.0,0.1,0.95,False,4775.4294437490735,477542.94437490735,541541.5253215506,88.18214708306205,63998.5809466432,0.51,0.78,0.17592105383725418,0.049937166438192696,0.48870070899999973,tm_tw_refined_dense,context_noise_refinement
tw,20261460,100,8,2,0.0,0.45,0.0,offline,1.0,1.0,deterministic,20.0,0.1,0.95,False,4161.974160607819,416197.41606078186,613383.0048360361,67.85277922267115,197185.58877525426,0.52,0.77,0.10878965424361822,0.025597437523326442,0.48077037499999875,tw_offline,context_noise_refinement
tm_tw,20261780,100,8,2,0.0,0.45,0.0,offline,1.0,1.0,deterministic,20.0,0.1,0.95,False,4891.196531249173,489119.6531249173,543123.8751740839,90.05673944422772,54004.222049166565,0.52,0.77,0.10459601566889261,0.026666629905816412,0.4964574999999982,tm_tw_offline,context_noise_refinement
tm_tw_refined,20262608,100,8,2,0.0,0.45,0.0,offline,1.0,1.0,deterministic,20.0,0.1,0.95,False,4774.6078085340205,477460.78085340204,573201.3211893619,83.2972226691133,95740.54033595981,0.51,0.77,0.1051545547821752,0.027695647431100104,0.49316741699999866,tm_tw_refined_offline,context_noise_refinement
tw,20262072,100,8,2,0.0,0.45,0.0,gated_offline,1.0,1.0,deterministic,20.0,0.1,0.95,False,4523.899897293397,452389.9897293397,615295.4645831855,73.52402476033177,162905.47485384578,0.55,0.75,0.11641792856385551,0.026174830320861545,0.4859676250000007,tw_gated_offline,context_noise_refinement
tm_tw,20262392,100,8,2,0.0,0.45,0.0,gated_offline,1.0,1.0,deterministic,20.0,0.1,0.95,False,5125.498172751601,512549.81727516005,568905.3243262267,90.09404471336063,56355.50705106667,0.55,0.88,0.12379695717136559,0.029194073261134133,0.494984917,tm_tw_gated_offline,context_noise_refinement
tm_tw_refined,20263220,100,8,2,0.0,0.45,0.0,gated_offline,1.0,1.0,deterministic,20.0,0.1,0.95,False,5434.885745426677,543488.5745426677,577019.0982714288,94.18900971749319,33530.52372876112,0.61,0.9,0.10293649610789617,0.02889682894044032,0.49528245799999837,tm_tw_refined_gated_offline,context_noise_refinement
tw,20262352,100,8,2,0.0,0.45,0.0,support_offline,1.0,1.0,deterministic,20.0,0.1,0.95,True,3876.5699634983703,387656.99634983705,638345.4755533737,60.72840040321145,250688.47920353664,0.49,0.79,0.07877501868769601,2.40541593601121e-07,0.4886160000000004,tw_support_offline,context_noise_refinement
tm_tw,20262672,100,8,2,0.0,0.45,0.0,support_offline,1.0,1.0,deterministic,20.0,0.1,0.95,True,4291.585116852755,429158.51168527553,615708.542345609,69.70156854578454,186550.03066033352,0.63,0.9,0.0899946136406948,2.2365627139410387e-07,0.5330839999999988,tm_tw_support_offline,context_noise_refinement
tm_tw_refined,20263500,100,8,2,0.0,0.45,0.0,support_offline,1.0,1.0,deterministic,20.0,0.1,0.95,True,5809.81780808532,580981.780808532,597549.2621218864,97.22742837058763,16567.481313354336,0.64,0.86,0.09187348138969961,2.335131961827356e-07,0.5079684590000042,tm_tw_refined_support_offline,context_noise_refinement
oracle,20261644,100,8,2,0.0,0.45,0.0,dense,1.0,1.0,deterministic,20.0,0.1,0.95,False,9112.985612051018,911298.5612051018,911298.5612051018,100.0,0.0,1.0,1.0,0.18780978412276705,0.044167510310753694,0.019787540999999464,oracle,context_noise_refinement
state_thompson,20262542,100,8,2,0.0,0.45,0.0,dense,1.0,1.0,deterministic,20.0,0.1,0.95,False,4143.137062854341,414313.70628543413,794789.182193665,52.12875509225024,380475.4759082308,0.25,0.51,0.18663492966042655,0.044049035493189496,0.022736541000000443,state_thompson,context_noise_refinement
global_ucb_tw,20262378,100,8,2,0.0,0.45,0.0,dense,1.0,1.0,deterministic,20.0,0.1,0.95,False,5596.496524014241,559649.6524014241,896920.4005794119,62.39680266385842,337270.74817798776,0.43,0.66,0.17531188709971832,0.034455095197900444,0.5152235839999975,global_ucb_tw_dense,context_noise_refinement
local_ucb_tw,20262276,100,8,2,0.0,0.45,0.0,dense,1.0,1.0,deterministic,20.0,0.1,0.95,False,6629.691078130537,662969.1078130536,824482.1265542911,80.410367485316,161513.01874123747,0.53,0.75,0.17368685703778214,0.03495878582074967,0.4941554580000016,local_ucb_tw_dense,context_noise_refinement
exp4,20261399,100,8,2,0.0,0.45,0.0,dense,1.0,1.0,deterministic,20.0,0.1,0.95,False,8661.695687547803,866169.5687547803,886991.6271547002,97.65250789720382,20822.058399919886,0.62,0.86,0.1864362214174363,0.06261385376033891,0.5017289589999976,exp4_dense,context_noise_refinement
tw,20261249,100,8,2,0.0,0.45,0.0,dense,1.0,1.0,deterministic,20.0,0.1,0.95,False,7093.242119970217,709324.2119970217,858201.2895748958,82.65242905290677,148877.07757787406,0.56,0.71,0.17717063204581004,0.0396442344953793,0.4833741670000009,tw_dense,context_noise_refinement
tm_tw,20261569,100,8,2,0.0,0.45,0.0,dense,1.0,1.0,deterministic,20.0,0.1,0.95,False,6644.042083122614,664404.2083122614,899598.3442821469,73.85565041723554,235194.1359698855,0.5,0.77,0.18300419479489285,0.04453146278540356,0.4970389170000047,tm_tw_dense,context_noise_refinement
tm_tw_refined,20262397,100,8,2,0.0,0.45,0.0,dense,1.0,1.0,deterministic,20.0,0.1,0.95,False,8916.212725116597,891621.2725116597,869395.8352939658,102.55642324421521,-22225.437217693892,0.71,0.85,0.18209361698333038,0.05139695757824184,0.49246887500000014,tm_tw_refined_dense,context_noise_refinement
tw,20261461,100,8,2,0.0,0.45,0.0,offline,1.0,1.0,deterministic,20.0,0.1,0.95,False,7792.4435211030095,779244.3521103009,934295.0762545245,83.40452303721827,155050.7241442236,0.65,0.84,0.12238894699233126,0.023796005955480596,0.4807022500000002,tw_offline,context_noise_refinement
tm_tw,20261781,100,8,2,0.0,0.45,0.0,offline,1.0,1.0,deterministic,20.0,0.1,0.95,False,3756.135205137891,375613.5205137891,849337.2680698587,44.22430695492507,473723.7475560696,0.33,0.64,0.11504901812002172,0.0231265416478572,0.492672958,tm_tw_offline,context_noise_refinement
tm_tw_refined,20262609,100,8,2,0.0,0.45,0.0,offline,1.0,1.0,deterministic,20.0,0.1,0.95,False,9337.622032489895,933762.2032489894,957906.3731521958,97.4794854090223,24144.169903206406,0.74,0.86,0.11617857616591212,0.027959056089422892,0.4931670829999959,tm_tw_refined_offline,context_noise_refinement
tw,20262073,100,8,2,0.0,0.45,0.0,gated_offline,1.0,1.0,deterministic,20.0,0.1,0.95,False,8706.585913842358,870658.5913842359,953570.0938870384,91.30514861630881,82911.50250280253,0.65,0.74,0.0960123252164165,0.028905862054555607,0.48499466700000227,tw_gated_offline,context_noise_refinement
tm_tw,20262393,100,8,2,0.0,0.45,0.0,gated_offline,1.0,1.0,deterministic,20.0,0.1,0.95,False,8874.92262081592,887492.262081592,965566.2153214304,91.91417926590896,78073.95323983836,0.7,0.89,0.10652382808777879,0.02799657260569229,0.4970361660000009,tm_tw_gated_offline,context_noise_refinement
tm_tw_refined,20263221,100,8,2,0.0,0.45,0.0,gated_offline,1.0,1.0,deterministic,20.0,0.1,0.95,False,8677.835121131087,867783.5121131086,875738.2693639587,99.09165129250003,7954.757250850089,0.66,0.77,0.10285198949003041,0.02902871553610698,0.49772479199999964,tm_tw_refined_gated_offline,context_noise_refinement
tw,20262353,100,8,2,0.0,0.45,0.0,support_offline,1.0,1.0,deterministic,20.0,0.1,0.95,True,7760.784755658133,776078.4755658132,912042.9980849557,85.09231222599907,135964.52251914248,0.67,0.92,0.08296762851916333,2.2208003423108187e-07,0.48540512499999977,tw_support_offline,context_noise_refinement
tm_tw,20262673,100,8,2,0.0,0.45,0.0,support_offline,1.0,1.0,deterministic,20.0,0.1,0.95,True,8256.483253414071,825648.3253414071,841418.944730033,98.12571139651652,15770.619388625957,0.75,0.83,0.08347334323860896,2.4642190621928146e-07,0.4965722499999998,tm_tw_support_offline,context_noise_refinement
tm_tw_refined,20263501,100,8,2,0.0,0.45,0.0,support_offline,1.0,1.0,deterministic,20.0,0.1,0.95,True,9738.73197419321,973873.1974193209,975926.2122648209,99.78963421417531,2053.0148455000017,0.72,0.86,0.07818321046455111,2.7388819083676487e-07,0.49853075000000047,tm_tw_refined_support_offline,context_noise_refinement
oracle,20261645,100,8,2,0.0,0.45,0.0,dense,1.0,1.0,deterministic,20.0,0.1,0.95,False,7053.153606056458,705315.3606056458,705315.3606056458,100.0,0.0,1.0,1.0,0.1684907592533077,0.039273420323646786,0.02007183299999582,oracle,context_noise_refinement
state_thompson,20262543,100,8,2,0.0,0.45,0.0,dense,1.0,1.0,deterministic,20.0,0.1,0.95,False,5484.8474923602425,548484.7492360242,642542.5595590293,85.36162174416026,94057.81032300508,0.55,0.87,0.1730580038777147,0.043800085738867074,0.02262358400000153,state_thompson,context_noise_refinement
global_ucb_tw,20262379,100,8,2,0.0,0.45,0.0,dense,1.0,1.0,deterministic,20.0,0.1,0.95,False,5496.905154366264,549690.5154366264,614428.7265734882,89.4636744121828,64738.21113686182,0.53,0.82,0.17635546878749875,0.046557968255459825,0.4914977499999935,global_ucb_tw_dense,context_noise_refinement
local_ucb_tw,20262277,100,8,2,0.0,0.45,0.0,dense,1.0,1.0,deterministic,20.0,0.1,0.95,False,5721.638552163143,572163.8552163143,661407.0113870428,86.50707436808452,89243.1561707285,0.66,0.85,0.1749328928551664,0.04000339851420662,0.49049645800000263,local_ucb_tw_dense,context_noise_refinement
exp4,20261400,100,8,2,0.0,0.45,0.0,dense,1.0,1.0,deterministic,20.0,0.1,0.95,False,5688.946334092415,568894.6334092414,657071.3141846961,86.58034845352128,88176.68077545462,0.58,0.76,0.18587335599107893,0.06276358453573797,0.49698087499999843,exp4_dense,context_noise_refinement
tw,20261250,100,8,2,0.0,0.45,0.0,dense,1.0,1.0,deterministic,20.0,0.1,0.95,False,4126.830179724164,412683.0179724164,650655.2241850334,63.425759547126546,237972.20621261693,0.43,0.67,0.18300587785123182,0.04049431982757208,0.4799258749999993,tw_dense,context_noise_refinement
tm_tw,20261570,100,8,2,0.0,0.45,0.0,dense,1.0,1.0,deterministic,20.0,0.1,0.95,False,5933.281224878064,593328.1224878064,702381.9829956209,84.47371043848452,109053.86050781456,0.63,0.83,0.1820675411588784,0.04876281608483285,0.49608970900000315,tm_tw_dense,context_noise_refinement
tm_tw_refined,20262398,100,8,2,0.0,0.45,0.0,dense,1.0,1.0,deterministic,20.0,0.1,0.95,False,6343.152036563298,634315.2036563298,680052.0936568191,93.27450199372963,45736.89000048931,0.67,0.84,0.18445477699016075,0.04963585648233489,0.495298916000003,tm_tw_refined_dense,context_noise_refinement
tw,20261462,100,8,2,0.0,0.45,0.0,offline,1.0,1.0,deterministic,20.0,0.1,0.95,False,4574.032624093897,457403.26240938966,645154.8254692478,70.89821611063691,187751.5630598581,0.41,0.68,0.11462537886277066,0.024889208931876225,0.48274070800000146,tw_offline,context_noise_refinement
tm_tw,20261782,100,8,2,0.0,0.45,0.0,offline,1.0,1.0,deterministic,20.0,0.1,0.95,False,3575.8568495857307,357585.6849585731,629937.4691193225,56.765266790446994,272351.7841607494,0.26,0.64,0.10508386037916571,0.02505588513030069,0.4935515829999986,tm_tw_offline,context_noise_refinement
tm_tw_refined,20262610,100,8,2,0.0,0.45,0.0,offline,1.0,1.0,deterministic,20.0,0.1,0.95,False,6794.47990084292,679447.990084292,725321.0788817722,93.67547833185783,45873.08879748022,0.77,0.9,0.11418330619567187,0.026647708260915327,0.4924025000000043,tm_tw_refined_offline,context_noise_refinement
tw,20262074,100,8,2,0.0,0.45,0.0,gated_offline,1.0,1.0,deterministic,20.0,0.1,0.95,False,4581.06268747479,458106.268747479,668961.9728419451,68.48016589064252,210855.7040944661,0.43,0.67,0.11614837139430734,0.025482892367560052,0.4839914169999986,tw_gated_offline,context_noise_refinement
tm_tw,20262394,100,8,2,0.0,0.45,0.0,gated_offline,1.0,1.0,deterministic,20.0,0.1,0.95,False,3961.7446503489373,396174.4650348937,681679.1011287185,58.117443292439425,285504.63609382475,0.39,0.58,0.10785537560800909,0.026871054880638134,0.4951572910000053,tm_tw_gated_offline,context_noise_refinement
tm_tw_refined,20263222,100,8,2,0.0,0.45,0.0,gated_offline,1.0,1.0,deterministic,20.0,0.1,0.95,False,6445.856125625111,644585.6125625111,655745.6160244012,98.29812000428612,11160.003461890039,0.78,0.91,0.11660400788768586,0.02735757704264428,0.4996648330000042,tm_tw_refined_gated_offline,context_noise_refinement
tw,20262354,100,8,2,0.0,0.45,0.0,support_offline,1.0,1.0,deterministic,20.0,0.1,0.95,True,6018.818395303335,601881.8395303335,700987.7220514567,85.86196599405656,99105.88252112316,0.65,0.84,0.08249425371813188,2.2645119332902715e-07,0.48532724999999743,tw_support_offline,context_noise_refinement
tm_tw,20262674,100,8,2,0.0,0.45,0.0,support_offline,1.0,1.0,deterministic,20.0,0.1,0.95,True,5710.210665045788,571021.0665045788,667935.5872092531,85.49043911410688,96914.5207046743,0.68,0.89,0.07966530079755568,2.2519760309459888e-07,0.4967047079999958,tm_tw_support_offline,context_noise_refinement
tm_tw_refined,20263502,100,8,2,0.0,0.45,0.0,support_offline,1.0,1.0,deterministic,20.0,0.1,0.95,True,6404.057944195956,640405.7944195956,668332.4354652278,95.82144460395784,27926.64104563219,0.69,0.85,0.06726774677592287,2.5004363198186023e-07,0.4983372919999951,tm_tw_refined_support_offline,context_noise_refinement
oracle,20261646,100,8,2,0.0,0.45,0.0,dense,1.0,1.0,deterministic,20.0,0.1,0.95,False,11701.111488331864,1170111.1488331864,1170111.1488331864,100.0,0.0,1.0,1.0,0.17585946376866957,0.0414539470341219,0.02021558300000237,oracle,context_noise_refinement
state_thompson,20262544,100,8,2,0.0,0.45,0.0,dense,1.0,1.0,deterministic,20.0,0.1,0.95,False,7709.916053593601,770991.6053593601,1219755.7097108252,63.20869000417663,448764.1043514651,0.36,0.58,0.17410693371132263,0.04038433124150343,0.02211737500000055,state_thompson,context_noise_refinement
global_ucb_tw,20262380,100,8,2,0.0,0.45,0.0,dense,1.0,1.0,deterministic,20.0,0.1,0.95,False,5070.783798007633,507078.3798007633,1160345.6455409855,43.700631940954906,653267.2657402223,0.28,0.55,0.1773867252525211,0.03287870792344234,0.4914012079999992,global_ucb_tw_dense,context_noise_refinement
local_ucb_tw,20262278,100,8,2,0.0,0.45,0.0,dense,1.0,1.0,deterministic,20.0,0.1,0.95,False,10090.887579174792,1009088.7579174793,1259352.9242081698,80.12755904401885,250264.16629069054,0.55,0.74,0.17955345449455062,0.03665670179385435,0.4936754169999986,local_ucb_tw_dense,context_noise_refinement
exp4,20261401,100,8,2,0.0,0.45,0.0,dense,1.0,1.0,deterministic,20.0,0.1,0.95,False,10965.08092817076,1096508.092817076,1244694.6957783648,88.09454210226059,148186.60296128877,0.6,0.79,0.18615642291975384,0.0628826595400579,0.4988212079999954,exp4_dense,context_noise_refinement
tw,20261251,100,8,2,0.0,0.45,0.0,dense,1.0,1.0,deterministic,20.0,0.1,0.95,False,10268.74267578778,1026874.2675787781,1198345.1888640313,85.69102434935307,171470.92128525325,0.53,0.79,0.1872568996718356,0.040980018758020376,0.47931333300000034,tw_dense,context_noise_refinement
tm_tw,20261571,100,8,2,0.0,0.45,0.0,dense,1.0,1.0,deterministic,20.0,0.1,0.95,False,9610.458721506515,961045.8721506514,1204287.3356408137,79.8020409007514,243241.46349016228,0.55,0.75,0.1631946616371746,0.03958087810167177,0.49520370799999824,tm_tw_dense,context_noise_refinement
tm_tw_refined,20262399,100,8,2,0.0,0.45,0.0,dense,1.0,1.0,deterministic,20.0,0.1,0.95,False,9398.304657343964,939830.4657343965,1220663.9355739648,76.9933835468385,280833.46983956837,0.42,0.63,0.16900752779855144,0.04255176441479972,0.49417808400000496,tm_tw_refined_dense,context_noise_refinement
tw,20261463,100,8,2,0.0,0.45,0.0,offline,1.0,1.0,deterministic,20.0,0.1,0.95,False,10003.597715323769,1000359.7715323769,1234518.9956650562,81.03235147009352,234159.2241326793,0.54,0.78,0.10851996535125681,0.025129549206792178,0.4809432919999992,tw_offline,context_noise_refinement
tm_tw,20261783,100,8,2,0.0,0.45,0.0,offline,1.0,1.0,deterministic,20.0,0.1,0.95,False,8681.862319434054,868186.2319434055,1107278.6364121754,78.4072051418348,239092.4044687699,0.46,0.67,0.11299921380458416,0.024647687698147385,0.4941340000000025,tm_tw_offline,context_noise_refinement
tm_tw_refined,20262611,100,8,2,0.0,0.45,0.0,offline,1.0,1.0,deterministic,20.0,0.1,0.95,False,11680.056849664268,1168005.6849664268,1387283.198873376,84.19374543820423,219277.5139069492,0.57,0.77,0.12455937121531993,0.026266424865729755,0.49304541600000107,tm_tw_refined_offline,context_noise_refinement
tw,20262075,100,8,2,0.0,0.45,0.0,gated_offline,1.0,1.0,deterministic,20.0,0.1,0.95,False,4298.628311890933,429862.83118909335,1183530.692044524,36.320378852745634,753667.8608554306,0.22,0.55,0.1163871699982275,0.025924923531898243,0.48431695800000085,tw_gated_offline,context_noise_refinement
tm_tw,20262395,100,8,2,0.0,0.45,0.0,gated_offline,1.0,1.0,deterministic,20.0,0.1,0.95,False,11410.964452468323,1141096.4452468322,1234579.5260419564,92.42794175480704,93483.08079512417,0.62,0.86,0.11474703697661542,0.026408236232522572,0.4966398749999996,tm_tw_gated_offline,context_noise_refinement
tm_tw_refined,20263223,100,8,2,0.0,0.45,0.0,gated_offline,1.0,1.0,deterministic,20.0,0.1,0.95,False,11646.702318542106,1164670.2318542106,1312558.0473738164,88.73285521996519,147887.81551960576,0.6,0.82,0.11426704737559572,0.0261185485735398,0.49763470800000675,tm_tw_refined_gated_offline,context_noise_refinement
tw,20262355,100,8,2,0.0,0.45,0.0,support_offline,1.0,1.0,deterministic,20.0,0.1,0.95,True,10647.905602707338,1064790.560270734,1288321.2603345849,82.64945965373585,223530.70006385096,0.56,0.71,0.09699626352669974,2.1458068221286763e-07,0.48685429199999675,tw_support_offline,context_noise_refinement
tm_tw,20262675,100,8,2,0.0,0.45,0.0,support_offline,1.0,1.0,deterministic,20.0,0.1,0.95,True,11735.545860828006,1173554.5860828005,1284912.8236750255,91.33340133739772,111358.23759222496,0.67,0.88,0.08407522183872525,2.2598230804289888e-07,0.49686533300000235,tm_tw_support_offline,context_noise_refinement
tm_tw_refined,20263503,100,8,2,0.0,0.45,0.0,support_offline,1.0,1.0,deterministic,20.0,0.1,0.95,True,11162.703776336619,1116270.377633662,1291388.6160492683,86.43953986900212,175118.23841560632,0.62,0.73,0.07469627496569474,2.386971685780753e-07,0.49798224999999974,tm_tw_refined_support_offline,context_noise_refinement
oracle,20261647,100,8,2,0.0,0.45,0.0,dense,1.0,1.0,deterministic,20.0,0.1,0.95,False,13900.343124611638,1390034.3124611638,1390034.3124611638,100.00000000000001,0.0,1.0,1.0,0.1864428783975644,0.03954071184799763,0.020074417000003564,oracle,context_noise_refinement
state_thompson,20262545,100,8,2,0.0,0.45,0.0,dense,1.0,1.0,deterministic,20.0,0.1,0.95,False,3438.3634541820734,343836.34541820735,970355.1959693178,35.43407062140154,626518.8505511105,0.13,0.33,0.17956547174159093,0.04258448522162734,0.022443875000000446,state_thompson,context_noise_refinement
global_ucb_tw,20262381,100,8,2,0.0,0.45,0.0,dense,1.0,1.0,deterministic,20.0,0.1,0.95,False,11354.014881156407,1135401.4881156406,1337729.228178197,84.8752844895152,202327.74006255646,0.58,0.81,0.17933540118488456,0.03309598509356582,0.4901680420000005,global_ucb_tw_dense,context_noise_refinement
local_ucb_tw,20262279,100,8,2,0.0,0.45,0.0,dense,1.0,1.0,deterministic,20.0,0.1,0.95,False,9315.070371185224,931507.0371185225,1376837.549888351,67.65555146241176,445330.51276982855,0.5,0.7,0.17583139227314956,0.038527911288551916,0.49162483399999957,local_ucb_tw_dense,context_noise_refinement
exp4,20261402,100,8,2,0.0,0.45,0.0,dense,1.0,1.0,deterministic,20.0,0.1,0.95,False,9906.24744710933,990624.744710933,1110398.9508313253,89.21340784492631,119774.20612039231,0.45,0.66,0.1821807349000734,0.04822281124325145,0.49672350000000165,exp4_dense,context_noise_refinement
tw,20261252,100,8,2,0.0,0.45,0.0,dense,1.0,1.0,deterministic,20.0,0.1,0.95,False,10243.140694538253,1024314.0694538254,1321535.5445156859,77.50938472330037,297221.4750618605,0.49,0.67,0.17861560679246014,0.03059143266430441,0.48136108399999955,tw_dense,context_noise_refinement
tm_tw,20261572,100,8,2,0.0,0.45,0.0,dense,1.0,1.0,deterministic,20.0,0.1,0.95,False,6847.827427734077,684782.7427734077,1104271.3915867475,62.012178164774426,419488.64881333977,0.36,0.63,0.1908832857874477,0.035180339668480734,0.4918367500000045,tm_tw_dense,context_noise_refinement
tm_tw_refined,20262400,100,8,2,0.0,0.45,0.0,dense,1.0,1.0,deterministic,20.0,0.1,0.95,False,12721.1094500867,1272110.94500867,1296405.7945925149,98.12598418757598,24294.849583844887,0.64,0.87,0.1873701281263291,0.038668910509932174,0.49213216599999754,tm_tw_refined_dense,context_noise_refinement
tw,20261464,100,8,2,0.0,0.45,0.0,offline,1.0,1.0,deterministic,20.0,0.1,0.95,False,3930.805304498331,393080.53044983314,1142480.980247986,34.405870841238105,749400.4497981529,0.34,0.52,0.11506312953959638,0.02339817111508185,0.4797610419999998,tw_offline,context_noise_refinement
tm_tw,20261784,100,8,2,0.0,0.45,0.0,offline,1.0,1.0,deterministic,20.0,0.1,0.95,False,10380.385627571733,1038038.5627571734,1281741.4773788876,80.98657811089353,243702.91462171415,0.49,0.68,0.10777953225597946,0.024942848976334243,0.4937317919999984,tm_tw_offline,context_noise_refinement
tm_tw_refined,20262612,100,8,2,0.0,0.45,0.0,offline,1.0,1.0,deterministic,20.0,0.1,0.95,False,12866.634244821025,1286663.4244821025,1323778.7769543773,97.19625717541219,37115.3524722748,0.63,0.84,0.10801785032734934,0.025055395683758603,0.4932547920000019,tm_tw_refined_offline,context_noise_refinement
tw,20262076,100,8,2,0.0,0.45,0.0,gated_offline,1.0,1.0,deterministic,20.0,0.1,0.95,False,12363.019670038351,1236301.9670038351,1359615.618175274,90.93025635164909,123313.65117143886,0.69,0.81,0.10556162984235858,0.025680231080846754,0.4838319580000032,tw_gated_offline,context_noise_refinement
tm_tw,20262396,100,8,2,0.0,0.45,0.0,gated_offline,1.0,1.0,deterministic,20.0,0.1,0.95,False,3269.2181909369183,326921.8190936918,996192.384009953,32.81713696482401,669270.5649162612,0.13,0.43,0.1002924613569727,0.031526866398936766,0.49546345799999614,tm_tw_gated_offline,context_noise_refinement
tm_tw_refined,20263224,100,8,2,0.0,0.45,0.0,gated_offline,1.0,1.0,deterministic,20.0,0.1,0.95,False,12669.956833382426,1266995.6833382426,1407043.2666572186,90.04667541946355,140047.583318976,0.63,0.78,0.1145368339567719,0.025206247460747903,0.4959062920000008,tm_tw_refined_gated_offline,context_noise_refinement
tw,20262356,100,8,2,0.0,0.45,0.0,support_offline,1.0,1.0,deterministic,20.0,0.1,0.95,True,8686.346891552224,868634.6891552224,1280161.9328106253,67.85350094328416,411527.2436554029,0.36,0.61,0.10249666116759266,2.155944721534903e-07,0.4842918749999967,tw_support_offline,context_noise_refinement
tm_tw,20262676,100,8,2,0.0,0.45,0.0,support_offline,1.0,1.0,deterministic,20.0,0.1,0.95,True,9683.48836873119,968348.836873119,1270983.021274423,76.18896717456929,302634.184401304,0.39,0.62,0.09378793230266982,2.3783630538906588e-07,0.4986118750000017,tm_tw_support_offline,context_noise_refinement
tm_tw_refined,20263504,100,8,2,0.0,0.45,0.0,support_offline,1.0,1.0,deterministic,20.0,0.1,0.95,True,13312.81661168788,1331281.661168788,1356215.1000545104,98.16154245114066,24933.43888572231,0.67,0.87,0.06878332996138231,2.2101877057622456e-07,0.5003481670000056,tm_tw_refined_support_offline,context_noise_refinement
oracle,20261648,100,8,2,0.0,0.45,0.0,dense,1.0,1.0,deterministic,20.0,0.1,0.95,False,11500.194185095781,1150019.418509578,1150019.418509578,100.0,0.0,1.0,1.0,0.18529246358727314,0.04683446103241973,0.020119291000000317,oracle,context_noise_refinement
state_thompson,20262546,100,8,2,0.0,0.45,0.0,dense,1.0,1.0,deterministic,20.0,0.1,0.95,False,8903.057433466898,890305.7433466899,1124395.6431546167,79.18082471832052,234089.89980792685,0.54,0.77,0.16463525191664752,0.044218221310375366,0.022451082999999983,state_thompson,context_noise_refinement
global_ucb_tw,20262382,100,8,2,0.0,0.45,0.0,dense,1.0,1.0,deterministic,20.0,0.1,0.95,False,8737.941948163572,873794.1948163572,1106719.5806057933,78.95353169210777,232925.38578943606,0.58,0.67,0.17919883192471575,0.044457468153996725,0.49279187499999466,global_ucb_tw_dense,context_noise_refinement
local_ucb_tw,20262280,100,8,2,0.0,0.45,0.0,dense,1.0,1.0,deterministic,20.0,0.1,0.95,False,10856.48685960769,1085648.685960769,1125625.8240385004,96.4484522988019,39977.13807773148,0.83,0.9,0.1748091668125308,0.045103897722291904,0.5005605419999952,local_ucb_tw_dense,context_noise_refinement
exp4,20261403,100,8,2,0.0,0.45,0.0,dense,1.0,1.0,deterministic,20.0,0.1,0.95,False,8489.323413430442,848932.3413430442,985030.519465335,86.18335417707021,136098.17812229076,0.53,0.72,0.1878730145145711,0.04693544349617983,0.5390818330000045,exp4_dense,context_noise_refinement
tw,20261253,100,8,2,0.0,0.45,0.0,dense,1.0,1.0,deterministic,20.0,0.1,0.95,False,9167.132550742715,916713.2550742716,1101781.5806026752,83.20281181074282,185068.32552840363,0.62,0.77,0.18902120987472026,0.036059618843960944,0.5015898749999934,tw_dense,context_noise_refinement
tm_tw,20261573,100,8,2,0.0,0.45,0.0,dense,1.0,1.0,deterministic,20.0,0.1,0.95,False,10985.84426246612,1098584.426246612,1114387.031779367,98.58194639006858,15802.605532754911,0.74,0.83,0.20034199337216263,0.04548463544766424,0.5060750420000062,tm_tw_dense,context_noise_refinement
tm_tw_refined,20262401,100,8,2,0.0,0.45,0.0,dense,1.0,1.0,deterministic,20.0,0.1,0.95,False,10620.177082141996,1062017.7082141996,1121435.7372488142,94.70161088495512,59418.02903461456,0.75,0.86,0.17742904185439218,0.04623695430352485,0.5055847089999901,tm_tw_refined_dense,context_noise_refinement
tw,20261465,100,8,2,0.0,0.45,0.0,offline,1.0,1.0,deterministic,20.0,0.1,0.95,False,10152.09486833258,1015209.4868332581,1075691.0043082316,94.37742648839304,60481.517474973574,0.75,0.87,0.11272326215570674,0.027156505852391457,0.48446512499999983,tw_offline,context_noise_refinement
tm_tw,20261785,100,8,2,0.0,0.45,0.0,offline,1.0,1.0,deterministic,20.0,0.1,0.95,False,10330.184999486217,1033018.4999486216,1104915.2898848932,93.49300434210105,71896.78993627161,0.73,0.85,0.11330867488586045,0.027554593385521905,0.49542779099999734,tm_tw_offline,context_noise_refinement
tm_tw_refined,20262613,100,8,2,0.0,0.45,0.0,offline,1.0,1.0,deterministic,20.0,0.1,0.95,False,9683.701912720651,968370.191272065,1055212.78826968,91.77013414137845,86842.59699761495,0.74,0.92,0.11877743571718229,0.02532664323357775,0.49516524999999945,tm_tw_refined_offline,context_noise_refinement
tw,20262077,100,8,2,0.0,0.45,0.0,gated_offline,1.0,1.0,deterministic,20.0,0.1,0.95,False,10860.561194259939,1086056.1194259939,1082510.6635865544,100.32752156248445,-3545.455839439528,0.82,0.95,0.10009218534608719,0.02992722010919279,0.48397962500000347,tw_gated_offline,context_noise_refinement
tm_tw,20262397,100,8,2,0.0,0.45,0.0,gated_offline,1.0,1.0,deterministic,20.0,0.1,0.95,False,9643.378289851275,964337.8289851274,982546.4685177277,98.1467910052061,18208.639532600297,0.68,0.82,0.11256580769855275,0.02934168913688634,0.4980733339999972,tm_tw_gated_offline,context_noise_refinement
tm_tw_refined,20263225,100,8,2,0.0,0.45,0.0,gated_offline,1.0,1.0,deterministic,20.0,0.1,0.95,False,9698.667749901355,969866.7749901356,1096517.0801140484,88.44976449334105,126650.30512391287,0.69,0.93,0.10808043671757224,0.027005293177581515,0.5002037500000114,tm_tw_refined_gated_offline,context_noise_refinement
tw,20262357,100,8,2,0.0,0.45,0.0,support_offline,1.0,1.0,deterministic,20.0,0.1,0.95,True,8827.91686275511,882791.6862755109,1161144.8079314872,76.02769958108443,278353.1216559763,0.64,0.75,0.06859990988881236,2.2672465091791355e-07,0.4855296250000123,tw_support_offline,context_noise_refinement
tm_tw,20262677,100,8,2,0.0,0.45,0.0,support_offline,1.0,1.0,deterministic,20.0,0.1,0.95,True,11357.072150394322,1135707.2150394323,1169794.1845160613,97.08607121425119,34086.96947662905,0.93,0.98,0.08336609820655809,2.5133077755967747e-07,0.4975640830000003,tm_tw_support_offline,context_noise_refinement
tm_tw_refined,20263505,100,8,2,0.0,0.45,0.0,support_offline,1.0,1.0,deterministic,20.0,0.1,0.95,True,10196.172507927044,1019617.2507927044,1154159.2254055275,88.34285845044039,134541.9746128231,0.72,0.91,0.08637705524918302,2.3444959319529797e-07,0.5012967920000051,tm_tw_refined_support_offline,context_noise_refinement
oracle,20261649,100,8,2,0.0,0.45,0.0,dense,1.0,1.0,deterministic,20.0,0.1,0.95,False,10592.9948177897,1059299.48177897,1059299.48177897,100.0,0.0,1.0,1.0,0.1968633788706486,0.04271604661022553,0.02011412500000631,oracle,context_noise_refinement
state_thompson,20262547,100,8,2,0.0,0.45,0.0,dense,1.0,1.0,deterministic,20.0,0.1,0.95,False,5105.066390084788,510506.6390084788,823539.4365931962,61.98933728302483,313032.79758471745,0.34,0.61,0.18406362807373924,0.041575048835814234,0.02245066700000109,state_thompson,context_noise_refinement
global_ucb_tw,20262383,100,8,2,0.0,0.45,0.0,dense,1.0,1.0,deterministic,20.0,0.1,0.95,False,6548.196794569784,654819.6794569785,934546.5471089184,70.06817172271477,279726.86765194,0.45,0.78,0.1795960933299888,0.03709669566963126,0.4957491660000102,global_ucb_tw_dense,context_noise_refinement
local_ucb_tw,20262281,100,8,2,0.0,0.45,0.0,dense,1.0,1.0,deterministic,20.0,0.1,0.95,False,6949.335117133628,694933.5117133628,971675.6559312794,71.51908226488604,276742.14421791665,0.41,0.69,0.18443533046234392,0.0436328748922487,0.49205862499999853,local_ucb_tw_dense,context_noise_refinement
exp4,20261404,100,8,2,0.0,0.45,0.0,dense,1.0,1.0,deterministic,20.0,0.1,0.95,False,6708.472380441727,670847.2380441728,928385.6689386517,72.25954261132641,257538.43089447892,0.48,0.69,0.18514922213879087,0.05090933002197008,0.4985874999999993,exp4_dense,context_noise_refinement
tw,20261254,100,8,2,0.0,0.45,0.0,dense,1.0,1.0,deterministic,20.0,0.1,0.95,False,7716.550495190088,771655.0495190088,978001.0722634476,78.90124780058987,206346.02274443873,0.58,0.8,0.17576389496973543,0.036382629115180254,0.48239641600000027,tw_dense,context_noise_refinement
tm_tw,20261574,100,8,2,0.0,0.45,0.0,dense,1.0,1.0,deterministic,20.0,0.1,0.95,False,8363.14429625781,836314.429625781,985880.6964276063,84.8291717908884,149566.26680182526,0.6,0.83,0.17813730244834763,0.036706854856312705,0.4968203330000023,tm_tw_dense,context_noise_refinement
tm_tw_refined,20262402,100,8,2,0.0,0.45,0.0,dense,1.0,1.0,deterministic,20.0,0.1,0.95,False,7585.439366682504,758543.9366682505,906716.5551319715,83.6583309717826,148172.618463721,0.63,0.89,0.19120354074800652,0.040424377333665835,0.49513508299999387,tm_tw_refined_dense,context_noise_refinement
tw,20261466,100,8,2,0.0,0.45,0.0,offline,1.0,1.0,deterministic,20.0,0.1,0.95,False,6660.500636472407,666050.0636472406,968540.7378652169,68.76840979505901,302490.6742179763,0.44,0.7,0.0978670726939665,0.025492073476727085,0.4822387499999934,tw_offline,context_noise_refinement
tm_tw,20261786,100,8,2,0.0,0.45,0.0,offline,1.0,1.0,deterministic,20.0,0.1,0.95,False,6293.123766875646,629312.3766875645,938720.1060372255,67.03940531796907,309407.7293496609,0.4,0.57,0.1140271588790842,0.025705835356299087,0.4975800840000062,tm_tw_offline,context_noise_refinement
tm_tw_refined,20262614,100,8,2,0.0,0.45,0.0,offline,1.0,1.0,deterministic,20.0,0.1,0.95,False,8361.81404478719,836181.404478719,896598.306494757,93.26154180992853,60416.90201603796,0.71,0.84,0.11731038518364491,0.02386470550720326,0.5006857079999918,tm_tw_refined_offline,context_noise_refinement
tw,20262078,100,8,2,0.0,0.45,0.0,gated_offline,1.0,1.0,deterministic,20.0,0.1,0.95,False,6106.411813519957,610641.1813519957,921146.1620977323,66.29145367781574,310504.9807457366,0.52,0.73,0.11089160553042537,0.02300166815923265,0.4885386659999966,tw_gated_offline,context_noise_refinement
tm_tw,20262398,100,8,2,0.0,0.45,0.0,gated_offline,1.0,1.0,deterministic,20.0,0.1,0.95,False,4175.681490425825,417568.14904258255,819435.0850205476,50.95805106173991,401866.93597796507,0.35,0.64,0.11000163141725802,0.028991960802348296,0.4976107500000069,tm_tw_gated_offline,context_noise_refinement
tm_tw_refined,20263226,100,8,2,0.0,0.45,0.0,gated_offline,1.0,1.0,deterministic,20.0,0.1,0.95,False,8937.221903485939,893722.190348594,988771.3523307503,90.38714443353312,95049.16198215634,0.72,0.89,0.11311540020115791,0.025113951201291524,0.5022271670000009,tm_tw_refined_gated_offline,context_noise_refinement
tw,20262358,100,8,2,0.0,0.45,0.0,support_offline,1.0,1.0,deterministic,20.0,0.1,0.95,True,8449.107424474056,844910.7424474056,973198.9904913008,86.81788110167157,128288.24804389523,0.62,0.82,0.08581101340704321,2.2831984511662756e-07,0.4912767080000009,tw_support_offline,context_noise_refinement
tm_tw,20262678,100,8,2,0.0,0.45,0.0,support_offline,1.0,1.0,deterministic,20.0,0.1,0.95,True,7154.767784203744,715476.7784203744,917526.4739596416,77.97887022623888,202049.69553926727,0.54,0.75,0.07894514055478734,2.3698992481252008e-07,0.49680954100000463,tm_tw_support_offline,context_noise_refinement
tm_tw_refined,20263506,100,8,2,0.0,0.45,0.0,support_offline,1.0,1.0,deterministic,20.0,0.1,0.95,True,9809.132562168073,980913.2562168074,1036378.0731571424,94.64820625050747,55464.816940334975,0.83,0.93,0.08181587958867484,2.352848239543095e-07,0.4988020839999905,tm_tw_refined_support_offline,context_noise_refinement
oracle,20261640,100,8,2,0.0,0.45,0.1,dense,1.0,1.0,deterministic,20.0,0.1,0.95,False,7789.692939480965,778969.2939480965,785960.9348860017,99.11043403971225,6991.640937905293,0.93,0.99,0.1955199955203001,0.06484568111122688,0.02337254200000416,oracle,context_noise_refinement
state_thompson,20262538,100,8,2,0.0,0.45,0.1,dense,1.0,1.0,deterministic,20.0,0.1,0.95,False,5485.15083606359,548515.083606359,676622.309537853,81.06665651935215,128107.22593149403,0.56,0.69,0.19730951802828323,0.06583987075073255,0.02531570799999372,state_thompson,context_noise_refinement
global_ucb_tw,20262374,100,8,2,0.0,0.45,0.1,dense,1.0,1.0,deterministic,20.0,0.1,0.95,False,6407.151482443754,640715.1482443754,768558.1329044405,83.36586665514336,127842.98466006515,0.68,0.81,0.19954586387239717,0.0627703510419178,0.4986054580000001,global_ucb_tw_dense,context_noise_refinement
local_ucb_tw,20262272,100,8,2,0.0,0.45,0.1,dense,1.0,1.0,deterministic,20.0,0.1,0.95,False,6653.400998223859,665340.0998223858,764480.281631041,87.0316888230084,99140.18180865515,0.73,0.81,0.2065243984766838,0.06301141001829412,0.5007029590000087,local_ucb_tw_dense,context_noise_refinement
exp4,20261395,100,8,2,0.0,0.45,0.1,dense,1.0,1.0,deterministic,20.0,0.1,0.95,False,7202.582107942062,720258.2107942062,734759.3366522676,98.02641148813001,14501.125858061365,0.78,0.85,0.2051905589455029,0.07515843978644907,0.504110790999988,exp4_dense,context_noise_refinement
tw,20261245,100,8,2,0.0,0.45,0.1,dense,1.0,1.0,deterministic,20.0,0.1,0.95,False,6627.4093318725845,662740.9331872584,766092.3001216053,86.50928002827578,103351.36693434685,0.74,0.83,0.1927559610198452,0.06843758903030203,0.48549879200000134,tw_dense,context_noise_refinement
tm_tw,20261565,100,8,2,0.0,0.45,0.1,dense,1.0,1.0,deterministic,20.0,0.1,0.95,False,7615.062443035483,761506.2443035482,779489.6553097947,97.69292499473912,17983.41100624646,0.83,0.92,0.20363223438949754,0.07495461305585804,0.4975530410000033,tm_tw_dense,context_noise_refinement
tm_tw_refined,20262393,100,8,2,0.0,0.45,0.1,dense,1.0,1.0,deterministic,20.0,0.1,0.95,False,7322.0328770864035,732203.2877086403,810071.0252227352,90.38754194514185,77867.73751409492,0.75,0.85,0.18164927472620784,0.061343696016135735,0.500812499999995,tm_tw_refined_dense,context_noise_refinement
tw,20261457,100,8,2,0.0,0.45,0.1,offline,1.0,1.0,deterministic,20.0,0.1,0.95,False,5335.9799679430225,533597.9967943022,717222.0481044287,74.39787973676592,183624.05131012644,0.57,0.76,0.12453849654774791,0.041427008255273096,0.4877891669999883,tw_offline,context_noise_refinement
tm_tw,20261777,100,8,2,0.0,0.45,0.1,offline,1.0,1.0,deterministic,20.0,0.1,0.95,False,6373.065840762712,637306.5840762712,752493.5413464933,84.69263177141568,115186.95727022213,0.68,0.82,0.13182066789971655,0.040257661759229735,0.49928658299999995,tm_tw_offline,context_noise_refinement
tm_tw_refined,20262605,100,8,2,0.0,0.45,0.1,offline,1.0,1.0,deterministic,20.0,0.1,0.95,False,6253.670661698448,625367.0661698448,725585.6066276005,86.18790952544461,100218.54045775568,0.67,0.85,0.11947024753469024,0.0399919650961717,0.5006427920000078,tm_tw_refined_offline,context_noise_refinement
tw,20262069,100,8,2,0.0,0.45,0.1,gated_offline,1.0,1.0,deterministic,20.0,0.1,0.95,False,7237.429241693226,723742.9241693226,798058.739532522,90.6879266297201,74315.81536319945,0.78,0.9,0.12802559233765595,0.04038067848084276,0.49375337499999716,tw_gated_offline,context_noise_refinement
tm_tw,20262389,100,8,2,0.0,0.45,0.1,gated_offline,1.0,1.0,deterministic,20.0,0.1,0.95,False,6579.137446795827,657913.7446795827,758576.4230435613,86.73005444064559,100662.67836397863,0.72,0.82,0.11595596950248352,0.04109383484717186,0.5061255419999924,tm_tw_gated_offline,context_noise_refinement
tm_tw_refined,20263217,100,8,2,0.0,0.45,0.1,gated_offline,1.0,1.0,deterministic,20.0,0.1,0.95,False,7357.856765018195,735785.6765018195,773920.4354171226,95.07252203584088,38134.75891530304,0.77,0.91,0.11279784549412648,0.038102868626773936,0.5105566249999924,tm_tw_refined_gated_offline,context_noise_refinement
tw,20262349,100,8,2,0.0,0.45,0.1,support_offline,1.0,1.0,deterministic,20.0,0.1,0.95,True,7071.3272796505635,707132.7279650563,770302.1857252647,91.79939263696464,63169.4577602084,0.78,0.94,0.08131233723659477,0.01209640221614194,0.49309812500000305,tw_support_offline,context_noise_refinement
tm_tw,20262669,100,8,2,0.0,0.45,0.1,support_offline,1.0,1.0,deterministic,20.0,0.1,0.95,True,6980.846086338689,698084.6086338689,783133.64847071,89.13990734494381,85049.03983684117,0.79,0.9,0.07653452089381016,0.01224830165230993,0.5025254170000011,tm_tw_support_offline,context_noise_refinement
tm_tw_refined,20263497,100,8,2,0.0,0.45,0.1,support_offline,1.0,1.0,deterministic,20.0,0.1,0.95,True,7136.613096175993,713661.3096175992,741174.6512546991,96.2878733655389,27513.34163709986,0.81,0.9,0.08500474206077185,0.013839193371351885,0.5003124999999926,tm_tw_refined_support_offline,context_noise_refinement
oracle,20261641,100,8,2,0.0,0.45,0.1,dense,1.0,1.0,deterministic,20.0,0.1,0.95,False,11461.878378233618,1146187.8378233619,1200421.0048359584,95.48215444463939,54233.1670125965,0.9,0.96,0.18434283728045386,0.06382246778644124,0.02339333300000135,oracle,context_noise_refinement
state_thompson,20262539,100,8,2,0.0,0.45,0.1,dense,1.0,1.0,deterministic,20.0,0.1,0.95,False,4763.275218741666,476327.5218741666,990275.6768377288,48.10049696416202,513948.1549635622,0.32,0.63,0.17652221090656595,0.05588275011564222,0.025540500000005295,state_thompson,context_noise_refinement
global_ucb_tw,20262375,100,8,2,0.0,0.45,0.1,dense,1.0,1.0,deterministic,20.0,0.1,0.95,False,7283.047221722588,728304.7221722588,1105986.0622820521,65.85116639440291,377681.34010979335,0.5,0.69,0.18798783215390483,0.05545699316354853,0.499975708000008,global_ucb_tw_dense,context_noise_refinement
local_ucb_tw,20262273,100,8,2,0.0,0.45,0.1,dense,1.0,1.0,deterministic,20.0,0.1,0.95,False,9771.892568345987,977189.2568345987,1141850.3214542496,85.57945279465876,164661.06461965083,0.59,0.77,0.18883152571652362,0.057267008183281023,0.5002294579999926,local_ucb_tw_dense,context_noise_refinement
exp4,20261396,100,8,2,0.0,0.45,0.1,dense,1.0,1.0,deterministic,20.0,0.1,0.95,False,10937.852952499941,1093785.2952499941,1128670.8638159586,96.90914599779613,34885.568565964466,0.7,0.83,0.19339778000590296,0.059881937921368734,0.5055899169999947,exp4_dense,context_noise_refinement
tw,20261246,100,8,2,0.0,0.45,0.1,dense,1.0,1.0,deterministic,20.0,0.1,0.95,False,9775.623483951804,977562.3483951804,1193471.5035848974,81.90914868589836,215909.15518971696,0.63,0.78,0.19892205238004648,0.0513983801034748,0.486263749999992,tw_dense,context_noise_refinement
tm_tw,20261566,100,8,2,0.0,0.45,0.1,dense,1.0,1.0,deterministic,20.0,0.1,0.95,False,8910.117024975176,891011.7024975176,1069176.817205786,83.33623477041995,178165.11470826843,0.65,0.83,0.18041028484619218,0.0582746149283565,0.4958685840000072,tm_tw_dense,context_noise_refinement
tm_tw_refined,20262394,100,8,2,0.0,0.45,0.1,dense,1.0,1.0,deterministic,20.0,0.1,0.95,False,9060.494269754883,906049.4269754883,973962.1435019079,93.02717082183118,67912.71652641962,0.65,0.8,0.18834294275355726,0.056326226812426036,0.5020890830000013,tm_tw_refined_dense,context_noise_refinement
tw,20261458,100,8,2,0.0,0.45,0.1,offline,1.0,1.0,deterministic,20.0,0.1,0.95,False,10609.119724909202,1060911.9724909202,1166314.4428727834,90.96277414500302,105402.47038186318,0.65,0.75,0.1368949557755566,0.04385098149573667,0.49095112499999516,tw_offline,context_noise_refinement
tm_tw,20261778,100,8,2,0.0,0.45,0.1,offline,1.0,1.0,deterministic,20.0,0.1,0.95,False,9781.711706967524,978171.1706967524,1088642.395694691,89.85238629004118,110471.22499793861,0.63,0.77,0.12166983611994178,0.04114771349594779,0.49536808299998825,tm_tw_offline,context_noise_refinement
tm_tw_refined,20262606,100,8,2,0.0,0.45,0.1,offline,1.0,1.0,deterministic,20.0,0.1,0.95,False,10016.782330660537,1001678.2330660537,1091263.7398698777,91.7906640227498,89585.50680382398,0.69,0.85,0.11198769581259635,0.04027587130362373,0.4996011659999908,tm_tw_refined_offline,context_noise_refinement
tw,20262070,100,8,2,0.0,0.45,0.1,gated_offline,1.0,1.0,deterministic,20.0,0.1,0.95,False,3675.9316787629405,367593.16787629406,995404.2687974193,36.9290326954691,627811.1009211252,0.23,0.61,0.11949173220715957,0.037261330395221004,0.4918651250000039,tw_gated_offline,context_noise_refinement
tm_tw,20262390,100,8,2,0.0,0.45,0.1,gated_offline,1.0,1.0,deterministic,20.0,0.1,0.95,False,8146.554344365104,814655.4344365104,1048786.422430058,77.67600886259935,234130.98799354758,0.54,0.78,0.12180732375743347,0.038510224392553825,0.5040182079999909,tm_tw_gated_offline,context_noise_refinement
tm_tw_refined,20263218,100,8,2,0.0,0.45,0.1,gated_offline,1.0,1.0,deterministic,20.0,0.1,0.95,False,10946.690161484516,1094669.0161484515,1166253.3545055185,93.8620250839563,71584.33835706697,0.71,0.84,0.12091391347726443,0.03978189058360753,0.5000106250000016,tm_tw_refined_gated_offline,context_noise_refinement
tw,20262350,100,8,2,0.0,0.45,0.1,support_offline,1.0,1.0,deterministic,20.0,0.1,0.95,True,9641.399832352448,964139.9832352449,1195448.1459979282,80.65092463131528,231308.16276268335,0.64,0.78,0.09725509609482073,0.014251616366947745,0.48832895799999676,tw_support_offline,context_noise_refinement
tm_tw,20262670,100,8,2,0.0,0.45,0.1,support_offline,1.0,1.0,deterministic,20.0,0.1,0.95,True,9977.356709579086,997735.6709579085,1105320.735544675,90.26662025536405,107585.06458676653,0.65,0.79,0.092660926711663,0.01260747328186229,0.5030994579999941,tm_tw_support_offline,context_noise_refinement
tm_tw_refined,20263498,100,8,2,0.0,0.45,0.1,support_offline,1.0,1.0,deterministic,20.0,0.1,0.95,True,9362.18280048397,936218.2800483969,912159.1356410168,102.63760384206125,-24059.14440738014,0.65,0.79,0.07777213747673291,0.011795753950443496,0.5037485840000073,tm_tw_refined_support_offline,context_noise_refinement
oracle,20261642,100,8,2,0.0,0.45,0.1,dense,1.0,1.0,deterministic,20.0,0.1,0.95,False,18708.3261739566,1870832.6173956601,1904419.065247917,98.23639405500887,33586.44785225694,0.94,0.99,0.2012017155947207,0.06619093335966288,0.022950917000002846,oracle,context_noise_refinement
state_thompson,20262540,100,8,2,0.0,0.45,0.1,dense,1.0,1.0,deterministic,20.0,0.1,0.95,False,13938.376342542802,1393837.6342542802,1733583.275485753,80.40211589280155,339745.64123147284,0.65,0.79,0.17867836899527503,0.0641152244747036,0.025302791000001434,state_thompson,context_noise_refinement
global_ucb_tw,20262376,100,8,2,0.0,0.45,0.1,dense,1.0,1.0,deterministic,20.0,0.1,0.95,False,14390.269459746445,1439026.9459746445,1633161.9332734686,88.11293703682495,194134.98729882413,0.73,0.8,0.20578096868768442,0.06636764834221166,0.4944965839999895,global_ucb_tw_dense,context_noise_refinement
local_ucb_tw,20262274,100,8,2,0.0,0.45,0.1,dense,1.0,1.0,deterministic,20.0,0.1,0.95,False,13942.003166117218,1394200.3166117219,1681400.8784214323,82.918971585209,287200.56180971046,0.64,0.79,0.19487136982523048,0.05643592220524939,0.495732916999998,local_ucb_tw_dense,context_noise_refinement
exp4,20261397,100,8,2,0.0,0.45,0.1,dense,1.0,1.0,deterministic,20.0,0.1,0.95,False,16658.197380605132,1665819.7380605133,1712038.7674393754,97.30035147229813,46219.02937886212,0.88,0.9,0.1856454043028756,0.06633795570862548,0.5058909579999948,exp4_dense,context_noise_refinement
tw,20261247,100,8,2,0.0,0.45,0.1,dense,1.0,1.0,deterministic,20.0,0.1,0.95,False,13796.237269466295,1379623.7269466296,1687395.6745851573,81.76053475340377,307771.9476385277,0.74,0.9,0.20055513342900189,0.06353095990439366,0.48836020900000676,tw_dense,context_noise_refinement
tm_tw,20261567,100,8,2,0.0,0.45,0.1,dense,1.0,1.0,deterministic,20.0,0.1,0.95,False,13263.063498785743,1326306.3498785743,1753654.685189092,75.6309871652732,427348.3353105178,0.64,0.75,0.19127046170122064,0.05579532891783045,0.49620662499999924,tm_tw_dense,context_noise_refinement
tm_tw_refined,20262395,100,8,2,0.0,0.45,0.1,dense,1.0,1.0,deterministic,20.0,0.1,0.95,False,13292.79756550278,1329279.756550278,1533601.844253405,86.67697952576499,204322.08770312695,0.7,0.8,0.178997976782033,0.055897562125222684,0.5149252500000046,tm_tw_refined_dense,context_noise_refinement
tw,20261459,100,8,2,0.0,0.45,0.1,offline,1.0,1.0,deterministic,20.0,0.1,0.95,False,16341.716024366773,1634171.6024366773,1680239.5016093215,97.25825400911472,46067.89917264413,0.86,0.9,0.117425264754433,0.040945080247049355,0.48911108400000103,tw_offline,context_noise_refinement
tm_tw,20261779,100,8,2,0.0,0.45,0.1,offline,1.0,1.0,deterministic,20.0,0.1,0.95,False,16170.968702144803,1617096.8702144802,1740597.072399541,92.90472194033931,123500.20218506083,0.86,0.9,0.11901727748719117,0.03837343956525604,0.49897970800000735,tm_tw_offline,context_noise_refinement
tm_tw_refined,20262607,100,8,2,0.0,0.45,0.1,offline,1.0,1.0,deterministic,20.0,0.1,0.95,False,14122.268517544166,1412226.8517544165,1663172.3290619275,84.91163706114261,250945.47730751103,0.71,0.85,0.12918247148528297,0.03986130013417132,0.4983154579999933,tm_tw_refined_offline,context_noise_refinement
tw,20262071,100,8,2,0.0,0.45,0.1,gated_offline,1.0,1.0,deterministic,20.0,0.1,0.95,False,10176.221073800252,1017622.1073800252,1721575.656202623,59.10992663689565,703953.5488225977,0.43,0.73,0.12233308840162754,0.039652259132565426,0.4895898329999966,tw_gated_offline,context_noise_refinement
tm_tw,20262391,100,8,2,0.0,0.45,0.1,gated_offline,1.0,1.0,deterministic,20.0,0.1,0.95,False,16537.523430829904,1653752.3430829905,1729515.197041872,95.61941669616638,75762.85395888146,0.84,0.88,0.1303002717458042,0.04224238598857699,0.5015057920000032,tm_tw_gated_offline,context_noise_refinement
tm_tw_refined,20263219,100,8,2,0.0,0.45,0.1,gated_offline,1.0,1.0,deterministic,20.0,0.1,0.95,False,14205.099359085094,1420509.9359085094,1594666.6229784698,89.07880276915336,174156.6870699604,0.8,0.9,0.12081333497351793,0.04202978723942324,0.5030222500000008,tm_tw_refined_gated_offline,context_noise_refinement
tw,20262351,100,8,2,0.0,0.45,0.1,support_offline,1.0,1.0,deterministic,20.0,0.1,0.95,True,16004.978708044293,1600497.8708044293,1751259.8025943309,91.39122981258626,150761.93178990157,0.8,0.84,0.08324672348410496,0.01212747278393715,0.4870704169999982,tw_support_offline,context_noise_refinement
tm_tw,20262671,100,8,2,0.0,0.45,0.1,support_offline,1.0,1.0,deterministic,20.0,0.1,0.95,True,12951.91612651645,1295191.612651645,1626781.8711577572,79.61679654875154,331590.25850611227,0.62,0.81,0.08572527927535276,0.01441850001445573,0.49750633400000766,tm_tw_support_offline,context_noise_refinement
tm_tw_refined,20263499,100,8,2,0.0,0.45,0.1,support_offline,1.0,1.0,deterministic,20.0,0.1,0.95,True,16144.866353136282,1614486.6353136282,1724196.124644348,93.63706438249015,109709.48933071969,0.82,0.89,0.0890980151082429,0.008624112564015287,0.5014003750000029,tm_tw_refined_support_offline,context_noise_refinement
oracle,20261643,100,8,2,0.0,0.45,0.1,dense,1.0,1.0,deterministic,20.0,0.1,0.95,False,5905.312041616009,590531.2041616009,627974.4248849401,94.03746088382505,37443.22072333924,0.89,0.98,0.1794909977749507,0.05536615445474944,0.023707707999989225,oracle,context_noise_refinement
state_thompson,20262541,100,8,2,0.0,0.45,0.1,dense,1.0,1.0,deterministic,20.0,0.1,0.95,False,4110.1422608986495,411014.22608986497,603711.9334335093,68.08118298279963,192697.70734364435,0.45,0.66,0.1838954222066821,0.05487150254081945,0.02612541599999929,state_thompson,context_noise_refinement
global_ucb_tw,20262377,100,8,2,0.0,0.45,0.1,dense,1.0,1.0,deterministic,20.0,0.1,0.95,False,4044.3459011586865,404434.59011586866,559231.0509083832,72.31976648273161,154796.46079251455,0.37,0.59,0.19325521227198397,0.06238156286871248,0.49541537500000743,global_ucb_tw_dense,context_noise_refinement
local_ucb_tw,20262275,100,8,2,0.0,0.45,0.1,dense,1.0,1.0,deterministic,20.0,0.1,0.95,False,4680.102735550772,468010.27355507726,553806.3745548214,84.50792462099925,85796.10099974414,0.48,0.8,0.1941216769364732,0.06148722939952414,0.49436095800000146,local_ucb_tw_dense,context_noise_refinement
exp4,20261398,100,8,2,0.0,0.45,0.1,dense,1.0,1.0,deterministic,20.0,0.1,0.95,False,4079.0409912932346,407904.09912932344,524041.093467817,77.83818944999857,116136.99433849356,0.44,0.6,0.19969375602030276,0.07562561803263348,0.5036522910000087,exp4_dense,context_noise_refinement
tw,20261248,100,8,2,0.0,0.45,0.1,dense,1.0,1.0,deterministic,20.0,0.1,0.95,False,4382.912445252037,438291.2445252037,559850.7094959512,78.28716425487953,121559.46497074747,0.41,0.65,0.1992674006124258,0.0593148160278438,0.5146661249999909,tw_dense,context_noise_refinement
tm_tw,20261568,100,8,2,0.0,0.45,0.1,dense,1.0,1.0,deterministic,20.0,0.1,0.95,False,4616.611550790761,461661.15507907607,566188.7499622335,81.53838364147474,104527.5948831574,0.49,0.69,0.20458052302909838,0.0516207363593181,0.4991058749999979,tm_tw_dense,context_noise_refinement
tm_tw_refined,20262396,100,8,2,0.0,0.45,0.1,dense,1.0,1.0,deterministic,20.0,0.1,0.95,False,5885.153339892065,588515.3339892065,615412.7254524156,95.6293735324638,26897.391463209176,0.69,0.82,0.19188057142205497,0.053167349137346824,0.496631457999996,tm_tw_refined_dense,context_noise_refinement
tw,20261460,100,8,2,0.0,0.45,0.1,offline,1.0,1.0,deterministic,20.0,0.1,0.95,False,3189.5800323106237,318958.0032310624,637248.2440761379,50.05239421153329,318290.2408450755,0.34,0.62,0.13242458011164152,0.03996917304821774,0.4836285830000122,tw_offline,context_noise_refinement
tm_tw,20261780,100,8,2,0.0,0.45,0.1,offline,1.0,1.0,deterministic,20.0,0.1,0.95,False,4672.346798463153,467234.67984631535,541789.7078123345,86.23912066047524,74555.02796601917,0.54,0.71,0.12585034411829296,0.04470568351621324,0.5012474170000019,tm_tw_offline,context_noise_refinement
tm_tw_refined,20262608,100,8,2,0.0,0.45,0.1,offline,1.0,1.0,deterministic,20.0,0.1,0.95,False,4539.606431884189,453960.64318841894,520674.18758875685,87.18708436281652,66713.54440033791,0.45,0.66,0.11334293401213724,0.04038516751763055,0.5002825830000006,tm_tw_refined_offline,context_noise_refinement
tw,20262072,100,8,2,0.0,0.45,0.1,gated_offline,1.0,1.0,deterministic,20.0,0.1,0.95,False,4235.110255463903,423511.0255463903,561461.6149645455,75.43009428581037,137950.5894181552,0.54,0.8,0.11601898390748856,0.03847040990667537,0.48881658300000197,tw_gated_offline,context_noise_refinement
tm_tw,20262392,100,8,2,0.0,0.45,0.1,gated_offline,1.0,1.0,deterministic,20.0,0.1,0.95,False,4384.155800335767,438415.5800335767,576121.0061842076,76.09782933229806,137705.42615063093,0.5,0.75,0.11147995746528938,0.03903842138985096,0.5016067910000004,tm_tw_gated_offline,context_noise_refinement
tm_tw_refined,20263220,100,8,2,0.0,0.45,0.1,gated_offline,1.0,1.0,deterministic,20.0,0.1,0.95,False,4954.947408577384,495494.74085773836,532793.3517491682,92.99942261498234,37298.61089142988,0.51,0.73,0.12090533347515417,0.04079978789446989,0.501094916999989,tm_tw_refined_gated_offline,context_noise_refinement
tw,20262352,100,8,2,0.0,0.45,0.1,support_offline,1.0,1.0,deterministic,20.0,0.1,0.95,True,3290.3647606818813,329036.47606818815,632102.8789124992,52.05426000183366,303066.40284431103,0.39,0.63,0.08592996249001857,0.010423153075314013,0.4888556660000063,tw_support_offline,context_noise_refinement
tm_tw,20262672,100,8,2,0.0,0.45,0.1,support_offline,1.0,1.0,deterministic,20.0,0.1,0.95,True,3559.4542503052817,355945.42503052816,606467.2678492824,58.69161352974894,250521.8428187542,0.5,0.7,0.08899511035134534,0.010004532606000049,0.49703766700000074,tm_tw_support_offline,context_noise_refinement
tm_tw_refined,20263500,100,8,2,0.0,0.45,0.1,support_offline,1.0,1.0,deterministic,20.0,0.1,0.95,True,4641.632136504206,464163.2136504206,557836.4404374571,83.20776127253758,93673.22678703646,0.52,0.8,0.09598267541101432,0.015501342380400924,0.5009153329999947,tm_tw_refined_support_offline,context_noise_refinement
oracle,20261644,100,8,2,0.0,0.45,0.1,dense,1.0,1.0,deterministic,20.0,0.1,0.95,False,9424.036659849473,942403.6659849472,958034.8033921749,98.36841653853477,15631.137407227652,0.96,0.99,0.1963961334703674,0.060985162712039465,0.02352650000000267,oracle,context_noise_refinement
state_thompson,20262542,100,8,2,0.0,0.45,0.1,dense,1.0,1.0,deterministic,20.0,0.1,0.95,False,5985.6882185735485,598568.8218573548,834150.5595992797,71.75788770613585,235581.73774192482,0.35,0.48,0.191430531467969,0.05996147018565495,0.025996541999987244,state_thompson,context_noise_refinement
global_ucb_tw,20262378,100,8,2,0.0,0.45,0.1,dense,1.0,1.0,deterministic,20.0,0.1,0.95,False,2462.8821572230036,246288.21572230035,796231.0815252138,30.931751025157798,549942.8658029134,0.25,0.5,0.18664924071184788,0.05138513690607824,0.4984384170000027,global_ucb_tw_dense,context_noise_refinement
local_ucb_tw,20262276,100,8,2,0.0,0.45,0.1,dense,1.0,1.0,deterministic,20.0,0.1,0.95,False,6841.61016413925,684161.016413925,830960.3341940307,82.33377554387238,146799.31778010575,0.51,0.69,0.217196744113037,0.05693869366030652,0.4945763329999977,local_ucb_tw_dense,context_noise_refinement
exp4,20261399,100,8,2,0.0,0.45,0.1,dense,1.0,1.0,deterministic,20.0,0.1,0.95,False,9030.746259977246,903074.6259977246,947481.6662935382,95.31315044126079,44407.04029581358,0.75,0.83,0.1909461606247083,0.07055079015474028,0.5022448750000024,exp4_dense,context_noise_refinement
tw,20261249,100,8,2,0.0,0.45,0.1,dense,1.0,1.0,deterministic,20.0,0.1,0.95,False,6592.253421498108,659225.3421498107,845832.6675188743,77.93803283615793,186607.32536906353,0.47,0.75,0.18645886837007683,0.050587969838335474,0.48835608299999933,tw_dense,context_noise_refinement
tm_tw,20261569,100,8,2,0.0,0.45,0.1,dense,1.0,1.0,deterministic,20.0,0.1,0.95,False,8237.131456149662,823713.1456149663,908783.8879599205,90.63905693399508,85070.74234495417,0.67,0.8,0.19440631120414004,0.06137548732971918,0.5194297500000005,tm_tw_dense,context_noise_refinement
tm_tw_refined,20262397,100,8,2,0.0,0.45,0.1,dense,1.0,1.0,deterministic,20.0,0.1,0.95,False,9715.891553669946,971589.1553669946,950717.8102403196,102.19532493257901,-20871.345126674976,0.75,0.89,0.19315678854543666,0.06662349816569933,0.5158445830000034,tm_tw_refined_dense,context_noise_refinement
tw,20261461,100,8,2,0.0,0.45,0.1,offline,1.0,1.0,deterministic,20.0,0.1,0.95,False,8111.91329038201,811191.329038201,857489.1215869994,94.60077202342664,46297.792548798374,0.6,0.79,0.11644214751161389,0.03931887395707915,0.4879806670000022,tw_offline,context_noise_refinement
tm_tw,20261781,100,8,2,0.0,0.45,0.1,offline,1.0,1.0,deterministic,20.0,0.1,0.95,False,7397.781953794834,739778.1953794834,937577.7693357108,78.9031288469679,197799.5739562274,0.6,0.76,0.13184221567828536,0.04073252903593845,0.4967247080000021,tm_tw_offline,context_noise_refinement
tm_tw_refined,20262609,100,8,2,0.0,0.45,0.1,offline,1.0,1.0,deterministic,20.0,0.1,0.95,False,8979.823614228922,897982.3614228923,903456.1605738973,99.39412675568809,5473.799151004991,0.71,0.9,0.10922143839369661,0.04215409220321144,0.5010409169999974,tm_tw_refined_offline,context_noise_refinement
tw,20262073,100,8,2,0.0,0.45,0.1,gated_offline,1.0,1.0,deterministic,20.0,0.1,0.95,False,9017.934613196892,901793.4613196893,907820.2440608467,99.33612598082209,6026.782741157454,0.73,0.89,0.11381635682227606,0.04109422244792856,0.4887836249999964,tw_gated_offline,context_noise_refinement
tm_tw,20262393,100,8,2,0.0,0.45,0.1,gated_offline,1.0,1.0,deterministic,20.0,0.1,0.95,False,8374.217129606826,837421.7129606827,885228.238051673,94.59952551940624,47806.525090990355,0.69,0.87,0.11209443627887213,0.038203494242540485,0.49985691700000245,tm_tw_gated_offline,context_noise_refinement
tm_tw_refined,20263221,100,8,2,0.0,0.45,0.1,gated_offline,1.0,1.0,deterministic,20.0,0.1,0.95,False,8787.374635782826,878737.4635782826,901442.3339745692,97.48127311747407,22704.8703962866,0.68,0.85,0.12062670609842449,0.04298708220772899,0.49998691600001166,tm_tw_refined_gated_offline,context_noise_refinement
tw,20262353,100,8,2,0.0,0.45,0.1,support_offline,1.0,1.0,deterministic,20.0,0.1,0.95,True,7248.9929718303765,724899.2971830376,912681.6083478698,79.42521143767162,187782.3111648322,0.61,0.78,0.08058303350310807,0.01292025703703923,0.4903076249999998,tw_support_offline,context_noise_refinement
tm_tw,20262673,100,8,2,0.0,0.45,0.1,support_offline,1.0,1.0,deterministic,20.0,0.1,0.95,True,7817.82403018113,781782.403018113,917028.5568275948,85.25169660175493,135246.15380948177,0.61,0.72,0.10129417135319085,0.018414075282971527,0.4992717079999949,tm_tw_support_offline,context_noise_refinement
tm_tw_refined,20263501,100,8,2,0.0,0.45,0.1,support_offline,1.0,1.0,deterministic,20.0,0.1,0.95,True,9423.622254843081,942362.2254843081,932313.2882770668,101.07784983155308,-10048.93720724131,0.73,0.89,0.0797767567480006,0.01081859213332953,0.4991435830000057,tm_tw_refined_support_offline,context_noise_refinement
oracle,20261645,100,8,2,0.0,0.45,0.1,dense,1.0,1.0,deterministic,20.0,0.1,0.95,False,6460.665642268985,646066.5642268985,692165.3481093792,93.33991740436045,46098.7838824807,0.9,0.96,0.17977274464597678,0.053139126062130206,0.02342674999999872,oracle,context_noise_refinement
state_thompson,20262543,100,8,2,0.0,0.45,0.1,dense,1.0,1.0,deterministic,20.0,0.1,0.95,False,4481.660124763755,448166.01247637556,543745.8352589462,82.421966921907,95579.82278257061,0.36,0.65,0.1867572737364082,0.06107563756541816,0.025809792000003995,state_thompson,context_noise_refinement
global_ucb_tw,20262379,100,8,2,0.0,0.45,0.1,dense,1.0,1.0,deterministic,20.0,0.1,0.95,False,4474.758252445753,447475.82524457533,631095.1720297217,70.90465037236909,183619.34678514634,0.44,0.69,0.1777673782297758,0.0520908615741068,0.4980652919999926,global_ucb_tw_dense,context_noise_refinement
local_ucb_tw,20262277,100,8,2,0.0,0.45,0.1,dense,1.0,1.0,deterministic,20.0,0.1,0.95,False,5383.203015799053,538320.3015799053,643179.4202102195,83.69675469466334,104859.11863031413,0.54,0.74,0.1931211813992295,0.05816140761616882,0.4962849170000112,local_ucb_tw_dense,context_noise_refinement
exp4,20261400,100,8,2,0.0,0.45,0.1,dense,1.0,1.0,deterministic,20.0,0.1,0.95,False,5940.109760216583,594010.9760216583,661955.9214648446,89.73572963999918,67944.94544318633,0.64,0.86,0.1942479930553915,0.05830910979006646,0.5037022910000104,exp4_dense,context_noise_refinement
tw,20261250,100,8,2,0.0,0.45,0.1,dense,1.0,1.0,deterministic,20.0,0.1,0.95,False,4633.23191285554,463323.19128555397,629668.9911584811,73.58202449085512,166345.79987292713,0.46,0.71,0.1906318557426128,0.05633178728902746,0.4864883340000006,tw_dense,context_noise_refinement
tm_tw,20261570,100,8,2,0.0,0.45,0.1,dense,1.0,1.0,deterministic,20.0,0.1,0.95,False,5257.229550284863,525722.9550284863,693836.8335657378,75.7704015693016,168113.8785372515,0.5,0.68,0.1937493316356045,0.052174202067982824,0.4996884580000085,tm_tw_dense,context_noise_refinement
tm_tw_refined,20262398,100,8,2,0.0,0.45,0.1,dense,1.0,1.0,deterministic,20.0,0.1,0.95,False,5888.562194644802,588856.2194644802,627421.5499587915,93.85336214593774,38565.33049431129,0.69,0.84,0.179239199009542,0.06020108577841956,0.5053744169999987,tm_tw_refined_dense,context_noise_refinement
tw,20261462,100,8,2,0.0,0.45,0.1,offline,1.0,1.0,deterministic,20.0,0.1,0.95,False,4246.924810249318,424692.4810249318,697892.7562783431,60.85354478955935,273200.2752534113,0.37,0.67,0.11738367494225088,0.03580424291260515,0.48698679199999617,tw_offline,context_noise_refinement
tm_tw,20261782,100,8,2,0.0,0.45,0.1,offline,1.0,1.0,deterministic,20.0,0.1,0.95,False,5647.073105260893,564707.3105260893,699736.2292915102,80.70288301319785,135028.9187654209,0.65,0.72,0.12785405017890816,0.04356532311272699,0.4957365000000067,tm_tw_offline,context_noise_refinement
tm_tw_refined,20262610,100,8,2,0.0,0.45,0.1,offline,1.0,1.0,deterministic,20.0,0.1,0.95,False,5916.107085194513,591610.7085194513,673794.5080930984,87.80283920594204,82183.79957364709,0.63,0.84,0.11400574719261532,0.03636766136198935,0.49997666699999854,tm_tw_refined_offline,context_noise_refinement
tw,20262074,100,8,2,0.0,0.45,0.1,gated_offline,1.0,1.0,deterministic,20.0,0.1,0.95,False,4916.250488779448,491625.04887794476,698106.2929862823,70.42266397211881,206481.2441083375,0.54,0.68,0.11260101228005728,0.03980092770546765,0.4921707080000033,tw_gated_offline,context_noise_refinement
tm_tw,20262394,100,8,2,0.0,0.45,0.1,gated_offline,1.0,1.0,deterministic,20.0,0.1,0.95,False,3570.146347238812,357014.6347238812,623864.3564634138,57.22632348283839,266849.7217395326,0.3,0.52,0.10882312406869815,0.03828012961271595,0.5030232919999946,tm_tw_gated_offline,context_noise_refinement
tm_tw_refined,20263222,100,8,2,0.0,0.45,0.1,gated_offline,1.0,1.0,deterministic,20.0,0.1,0.95,False,5783.256609473156,578325.6609473155,674524.5571231742,85.7382662854939,96198.89617585868,0.59,0.74,0.10754471205965957,0.039637196402667094,0.49934341700000573,tm_tw_refined_gated_offline,context_noise_refinement
tw,20262354,100,8,2,0.0,0.45,0.1,support_offline,1.0,1.0,deterministic,20.0,0.1,0.95,True,5057.920974671858,505792.09746718575,682837.6152992937,74.07209066030914,177045.5178321079,0.49,0.72,0.09222968127781302,0.01481169238888895,0.49013170800000694,tw_support_offline,context_noise_refinement
tm_tw,20262674,100,8,2,0.0,0.45,0.1,support_offline,1.0,1.0,deterministic,20.0,0.1,0.95,True,4838.3552118463895,483835.52118463896,650422.7586791252,74.38785232042146,166587.23749448627,0.47,0.63,0.08926840650371914,0.014809877292558648,0.5018442080000085,tm_tw_support_offline,context_noise_refinement
tm_tw_refined,20263502,100,8,2,0.0,0.45,0.1,support_offline,1.0,1.0,deterministic,20.0,0.1,0.95,True,5986.619851327621,598661.9851327621,661365.5093450415,90.51908160823575,62703.52421227936,0.61,0.82,0.07661305583195914,0.013126707954646374,0.5006721669999905,tm_tw_refined_support_offline,context_noise_refinement
oracle,20261646,100,8,2,0.0,0.45,0.1,dense,1.0,1.0,deterministic,20.0,0.1,0.95,False,11653.84989710357,1165384.989710357,1240241.5967526864,93.9643528133288,74856.60704232939,0.87,0.94,0.19804976035572147,0.06427927452464673,0.02297304199998962,oracle,context_noise_refinement
state_thompson,20262544,100,8,2,0.0,0.45,0.1,dense,1.0,1.0,deterministic,20.0,0.1,0.95,False,7667.807825308564,766780.7825308564,1231284.5520803635,62.27486418434414,464503.76954950707,0.47,0.67,0.17785582859403742,0.05508708380626879,0.025347624999994878,state_thompson,context_noise_refinement
global_ucb_tw,20262380,100,8,2,0.0,0.45,0.1,dense,1.0,1.0,deterministic,20.0,0.1,0.95,False,8768.105294085346,876810.5294085346,1086024.1098883515,80.73582542275925,209213.58047981688,0.47,0.71,0.20486318132602976,0.05738494200422664,0.49643925000000877,global_ucb_tw_dense,context_noise_refinement
local_ucb_tw,20262278,100,8,2,0.0,0.45,0.1,dense,1.0,1.0,deterministic,20.0,0.1,0.95,False,10410.230904085493,1041023.0904085493,1219611.524220398,85.35694110253623,178588.43381184863,0.71,0.85,0.19292293942685165,0.05409580648274499,0.49734195899999634,local_ucb_tw_dense,context_noise_refinement
exp4,20261401,100,8,2,0.0,0.45,0.1,dense,1.0,1.0,deterministic,20.0,0.1,0.95,False,9938.17113416046,993817.1134160461,1211409.3411603805,82.03809229868511,217592.22774433438,0.51,0.75,0.18009945853307308,0.061038396727223304,0.5023174170000004,exp4_dense,context_noise_refinement
tw,20261251,100,8,2,0.0,0.45,0.1,dense,1.0,1.0,deterministic,20.0,0.1,0.95,False,5262.092373508443,526209.2373508443,1127782.6010076455,46.65874760620438,601573.3636568012,0.3,0.65,0.18597302072623598,0.048342144377278,0.4858029170000009,tw_dense,context_noise_refinement
tm_tw,20261571,100,8,2,0.0,0.45,0.1,dense,1.0,1.0,deterministic,20.0,0.1,0.95,False,10198.358899418174,1019835.8899418174,1288713.6109258765,79.13596017730549,268877.72098405915,0.55,0.7,0.18041925969970735,0.055023157448634154,0.497414292000002,tm_tw_dense,context_noise_refinement
tm_tw_refined,20262399,100,8,2,0.0,0.45,0.1,dense,1.0,1.0,deterministic,20.0,0.1,0.95,False,9380.542992922032,938054.2992922032,1151940.9345725842,81.43249980436354,213886.63528038107,0.42,0.79,0.1920467488638641,0.06091253793779825,0.4988795419999974,tm_tw_refined_dense,context_noise_refinement
tw,20261463,100,8,2,0.0,0.45,0.1,offline,1.0,1.0,deterministic,20.0,0.1,0.95,False,7468.931621902557,746893.1621902557,1178563.7807067938,63.37316439016462,431670.61851653806,0.45,0.7,0.1278451640331452,0.03625351246780254,0.48613770899999054,tw_offline,context_noise_refinement
tm_tw,20261783,100,8,2,0.0,0.45,0.1,offline,1.0,1.0,deterministic,20.0,0.1,0.95,False,11480.399350816317,1148039.9350816316,1238411.1577972863,92.70264789309599,90371.22271565464,0.67,0.87,0.11862057255408523,0.039182860031836034,0.49500779200000977,tm_tw_offline,context_noise_refinement
tm_tw_refined,20262611,100,8,2,0.0,0.45,0.1,offline,1.0,1.0,deterministic,20.0,0.1,0.95,False,10244.448968143948,1024444.8968143949,1231209.7826836617,83.20636427867049,206764.88586926681,0.5,0.74,0.12715365518806707,0.03994103036880305,0.497410333000019,tm_tw_refined_offline,context_noise_refinement
tw,20262075,100,8,2,0.0,0.45,0.1,gated_offline,1.0,1.0,deterministic,20.0,0.1,0.95,False,9994.979573602714,999497.9573602714,1243785.718872409,80.35933699788706,244287.76151213772,0.55,0.67,0.12293423514248514,0.04091771375123747,0.4865672090000146,tw_gated_offline,context_noise_refinement
tm_tw,20262395,100,8,2,0.0,0.45,0.1,gated_offline,1.0,1.0,deterministic,20.0,0.1,0.95,False,9179.646761586791,917964.6761586792,1236168.8237518687,74.25884381815946,318204.1475931895,0.52,0.68,0.12508307643592986,0.041787775003053494,0.4981906669999887,tm_tw_gated_offline,context_noise_refinement
tm_tw_refined,20263223,100,8,2,0.0,0.45,0.1,gated_offline,1.0,1.0,deterministic,20.0,0.1,0.95,False,8192.308125880956,819230.8125880957,1113147.9804795405,73.59585849809238,293917.1678914449,0.43,0.72,0.11973022706103525,0.039504286679626695,0.4985352920000139,tm_tw_refined_gated_offline,context_noise_refinement
tw,20262355,100,8,2,0.0,0.45,0.1,support_offline,1.0,1.0,deterministic,20.0,0.1,0.95,True,9841.040697365148,984104.0697365147,1193186.8303352569,82.47694700586035,209082.76059874217,0.55,0.77,0.11119697879707746,0.018497661368330143,0.48650770799997645,tw_support_offline,context_noise_refinement
tm_tw,20262675,100,8,2,0.0,0.45,0.1,support_offline,1.0,1.0,deterministic,20.0,0.1,0.95,True,10145.103299181863,1014510.3299181863,1223679.4237819626,82.90654481896017,209169.0938637763,0.53,0.73,0.08053235076486737,0.014160399966068462,0.4993093749999957,tm_tw_support_offline,context_noise_refinement
tm_tw_refined,20263503,100,8,2,0.0,0.45,0.1,support_offline,1.0,1.0,deterministic,20.0,0.1,0.95,True,11319.102413188675,1131910.2413188675,1348146.1523471773,83.96049933815898,216235.91102830973,0.61,0.78,0.08584762419744314,0.012770018239872066,0.4993439579999972,tm_tw_refined_support_offline,context_noise_refinement
oracle,20261647,100,8,2,0.0,0.45,0.1,dense,1.0,1.0,deterministic,20.0,0.1,0.95,False,12327.70786088533,1232770.786088533,1354293.348251662,91.02686561076227,121522.56216312898,0.89,0.95,0.1747696654699103,0.05593233340800246,0.02336016699999277,oracle,context_noise_refinement
state_thompson,20262545,100,8,2,0.0,0.45,0.1,dense,1.0,1.0,deterministic,20.0,0.1,0.95,False,7788.108541608708,778810.8541608708,1173444.50404665,66.36963669565317,394633.64988577913,0.42,0.59,0.18677660563586668,0.0565872366488664,0.025363999999996167,state_thompson,context_noise_refinement
global_ucb_tw,20262381,100,8,2,0.0,0.45,0.1,dense,1.0,1.0,deterministic,20.0,0.1,0.95,False,9170.373729305054,917037.3729305054,1295150.2726578414,70.80548043653715,378112.899727336,0.42,0.5,0.20130612259233657,0.05959506177785717,0.4947015000000192,global_ucb_tw_dense,context_noise_refinement
local_ucb_tw,20262279,100,8,2,0.0,0.45,0.1,dense,1.0,1.0,deterministic,20.0,0.1,0.95,False,10111.435915154594,1011143.5915154595,1292045.4412657793,78.25913541592404,280901.84975031985,0.46,0.65,0.186012808579249,0.055078661888082525,0.5042452080000146,local_ucb_tw_dense,context_noise_refinement
exp4,20261402,100,8,2,0.0,0.45,0.1,dense,1.0,1.0,deterministic,20.0,0.1,0.95,False,8511.921728769352,851192.1728769352,1125923.0634548243,75.5994970264758,274730.89057788905,0.42,0.72,0.1898651584149069,0.07709419932837644,0.5114402910000138,exp4_dense,context_noise_refinement
tw,20261252,100,8,2,0.0,0.45,0.1,dense,1.0,1.0,deterministic,20.0,0.1,0.95,False,6450.151340227269,645015.1340227269,1129437.4691588827,57.109415229785505,484422.33513615583,0.32,0.61,0.19017091704407552,0.05811914703115893,0.49279262499999277,tw_dense,context_noise_refinement
tm_tw,20261572,100,8,2,0.0,0.45,0.1,dense,1.0,1.0,deterministic,20.0,0.1,0.95,False,9596.380206433685,959638.0206433686,1170476.0283711152,81.98698626736014,210838.00772774662,0.46,0.65,0.20955918857256017,0.06269280345014433,0.4972693749999735,tm_tw_dense,context_noise_refinement
tm_tw_refined,20262400,100,8,2,0.0,0.45,0.1,dense,1.0,1.0,deterministic,20.0,0.1,0.95,False,11072.001656062224,1107200.1656062223,1264625.333348706,87.55163576190392,157425.16774248355,0.54,0.74,0.1902486027176509,0.0503546145503111,0.49941566700002227,tm_tw_refined_dense,context_noise_refinement
tw,20261464,100,8,2,0.0,0.45,0.1,offline,1.0,1.0,deterministic,20.0,0.1,0.95,False,10436.07263229773,1043607.263229773,1338248.7822127698,77.98305345768277,294641.5189829968,0.49,0.61,0.1300050205663718,0.040367423302275086,0.48934649999998214,tw_offline,context_noise_refinement
tm_tw,20261784,100,8,2,0.0,0.45,0.1,offline,1.0,1.0,deterministic,20.0,0.1,0.95,False,11591.061530054743,1159106.1530054742,1340875.435119133,86.44398447813245,181769.28211365873,0.62,0.72,0.12958960997654764,0.040068396298970604,0.5622016250000001,tm_tw_offline,context_noise_refinement
tm_tw_refined,20262612,100,8,2,0.0,0.45,0.1,offline,1.0,1.0,deterministic,20.0,0.1,0.95,False,11800.462988068995,1180046.2988068995,1370201.1072855517,86.12212415625908,190154.80847865227,0.55,0.78,0.12989867648168119,0.034250994845650556,0.5158786670000097,tm_tw_refined_offline,context_noise_refinement
tw,20262076,100,8,2,0.0,0.45,0.1,gated_offline,1.0,1.0,deterministic,20.0,0.1,0.95,False,3978.915464820773,397891.54648207733,998365.0282644721,39.85431532730669,600473.4817823948,0.25,0.51,0.11400542665345717,0.038892465162201365,0.48691745799999353,tw_gated_offline,context_noise_refinement
tm_tw,20262396,100,8,2,0.0,0.45,0.1,gated_offline,1.0,1.0,deterministic,20.0,0.1,0.95,False,3362.580402958888,336258.0402958888,1088942.4242452553,30.879322249654184,752684.3839493665,0.16,0.5,0.1212943354809576,0.04218573421468221,0.5009325000000047,tm_tw_gated_offline,context_noise_refinement
tm_tw_refined,20263224,100,8,2,0.0,0.45,0.1,gated_offline,1.0,1.0,deterministic,20.0,0.1,0.95,False,8086.137037822756,808613.7037822756,1222224.9363211268,66.15915612196451,413611.2325388512,0.36,0.58,0.13119602780486764,0.039066468389205765,0.49583820899999864,tm_tw_refined_gated_offline,context_noise_refinement
tw,20262356,100,8,2,0.0,0.45,0.1,support_offline,1.0,1.0,deterministic,20.0,0.1,0.95,True,8092.503979607293,809250.3979607293,1037415.5774878843,78.00638582277124,228165.179527155,0.44,0.73,0.0827945435659027,0.014630622747418838,0.48899833299998363,tw_support_offline,context_noise_refinement
tm_tw,20262676,100,8,2,0.0,0.45,0.1,support_offline,1.0,1.0,deterministic,20.0,0.1,0.95,True,10881.851442859683,1088185.1442859683,1378683.9863705947,78.92926552013063,290498.84208462643,0.56,0.73,0.08957262060167016,0.01596547899116772,0.5016985409999961,tm_tw_support_offline,context_noise_refinement
tm_tw_refined,20263504,100,8,2,0.0,0.45,0.1,support_offline,1.0,1.0,deterministic,20.0,0.1,0.95,True,7788.173950577985,778817.3950577985,1205360.206733066,64.61283446287456,426542.8116752674,0.55,0.74,0.08882754824529138,0.012689096565190709,0.5006470829999898,tm_tw_refined_support_offline,context_noise_refinement
oracle,20261648,100,8,2,0.0,0.45,0.1,dense,1.0,1.0,deterministic,20.0,0.1,0.95,False,10153.232080336327,1015323.2080336327,1055718.6127463367,96.17365799702823,40395.40471270401,0.89,0.95,0.20427886501436757,0.06049372788437696,0.02295662499997775,oracle,context_noise_refinement
state_thompson,20262546,100,8,2,0.0,0.45,0.1,dense,1.0,1.0,deterministic,20.0,0.1,0.95,False,9827.34044397372,982734.044397372,1137740.5506623657,86.3759355175701,155006.5062649937,0.65,0.87,0.19124226366260616,0.06576776040000856,0.025757791999978963,state_thompson,context_noise_refinement
global_ucb_tw,20262382,100,8,2,0.0,0.45,0.1,dense,1.0,1.0,deterministic,20.0,0.1,0.95,False,9339.965777501964,933996.5777501964,1012636.024118723,92.23418439641578,78639.44636852655,0.66,0.77,0.19296175517203748,0.06415075338835441,0.49417316699998537,global_ucb_tw_dense,context_noise_refinement
local_ucb_tw,20262280,100,8,2,0.0,0.45,0.1,dense,1.0,1.0,deterministic,20.0,0.1,0.95,False,3577.0751864731124,357707.51864731126,972368.9942427011,36.787219745308775,614661.4755953898,0.23,0.58,0.1749576246084309,0.057024060229050065,0.49480400000001623,local_ucb_tw_dense,context_noise_refinement
exp4,20261403,100,8,2,0.0,0.45,0.1,dense,1.0,1.0,deterministic,20.0,0.1,0.95,False,10228.874087498361,1022887.4087498361,1082925.3420487447,94.45594899595524,60037.93329890852,0.69,0.78,0.19107112133672052,0.07301685795997676,0.4998987090000071,exp4_dense,context_noise_refinement
tw,20261253,100,8,2,0.0,0.45,0.1,dense,1.0,1.0,deterministic,20.0,0.1,0.95,False,9352.431927035772,935243.1927035772,1029573.7287407096,90.83790374561036,94330.53603713238,0.6,0.75,0.1814581282416814,0.05631791688971898,0.4869669590000001,tw_dense,context_noise_refinement
tm_tw,20261573,100,8,2,0.0,0.45,0.1,dense,1.0,1.0,deterministic,20.0,0.1,0.95,False,9821.396792184874,982139.6792184873,1109928.4661310026,88.48675470429527,127788.7869125153,0.62,0.7,0.2124058185606649,0.06152598334047214,0.4962711670000033,tm_tw_dense,context_noise_refinement
tm_tw_refined,20262401,100,8,2,0.0,0.45,0.1,dense,1.0,1.0,deterministic,20.0,0.1,0.95,False,10562.854135196309,1056285.413519631,1176652.6723745135,89.77036625328199,120367.25885488256,0.71,0.88,0.1852232044985932,0.06000032468294401,0.4979524169999934,tm_tw_refined_dense,context_noise_refinement
tw,20261465,100,8,2,0.0,0.45,0.1,offline,1.0,1.0,deterministic,20.0,0.1,0.95,False,6997.192886393052,699719.2886393052,990359.3534313368,70.65307014216208,290640.06479203166,0.4,0.61,0.1205029366788399,0.038337647194056516,0.48688008400000626,tw_offline,context_noise_refinement
tm_tw,20261785,100,8,2,0.0,0.45,0.1,offline,1.0,1.0,deterministic,20.0,0.1,0.95,False,9506.962167251115,950696.2167251115,1104033.289062714,86.11119122433524,153337.0723376025,0.67,0.76,0.12267335718845747,0.03813482186302177,0.49787225000000035,tm_tw_offline,context_noise_refinement
tm_tw_refined,20262613,100,8,2,0.0,0.45,0.1,offline,1.0,1.0,deterministic,20.0,0.1,0.95,False,8914.49871506123,891449.871506123,1067289.1907376775,83.52467908814668,175839.31923155452,0.64,0.91,0.1215593252219371,0.039461090962599824,0.5145671250000134,tm_tw_refined_offline,context_noise_refinement
tw,20262077,100,8,2,0.0,0.45,0.1,gated_offline,1.0,1.0,deterministic,20.0,0.1,0.95,False,10029.683831319484,1002968.3831319484,1113935.305437734,90.03829739805404,110966.92230578547,0.77,0.88,0.12284975958012707,0.04245554000947557,0.5272810419999985,tw_gated_offline,context_noise_refinement
tm_tw,20262397,100,8,2,0.0,0.45,0.1,gated_offline,1.0,1.0,deterministic,20.0,0.1,0.95,False,10274.146338517976,1027414.6338517977,1134299.454152841,90.57701915400543,106884.82030104322,0.71,0.8,0.11947250261673915,0.03930997591844106,0.5137199590000137,tm_tw_gated_offline,context_noise_refinement
tm_tw_refined,20263225,100,8,2,0.0,0.45,0.1,gated_offline,1.0,1.0,deterministic,20.0,0.1,0.95,False,9524.917910920862,952491.7910920862,1096824.331404319,86.84086993881358,144332.5403122328,0.73,0.89,0.11496178930759778,0.03817265025147011,0.4984957089999966,tm_tw_refined_gated_offline,context_noise_refinement
tw,20262357,100,8,2,0.0,0.45,0.1,support_offline,1.0,1.0,deterministic,20.0,0.1,0.95,True,7580.899821286453,758089.9821286453,1096728.0722504843,69.12287569817065,338638.09012183896,0.6,0.77,0.11528202369866836,0.014394926198901106,0.4878954159999864,tw_support_offline,context_noise_refinement
tm_tw,20262677,100,8,2,0.0,0.45,0.1,support_offline,1.0,1.0,deterministic,20.0,0.1,0.95,True,10718.020255948046,1071802.0255948047,1156909.3554897471,92.64356109741074,85107.32989494246,0.74,0.86,0.08830749788888606,0.01214034376355991,0.4990830410000058,tm_tw_support_offline,context_noise_refinement
tm_tw_refined,20263505,100,8,2,0.0,0.45,0.1,support_offline,1.0,1.0,deterministic,20.0,0.1,0.95,True,10269.959665024477,1026995.9665024476,1143608.6435583688,89.80309586563828,116612.67705592117,0.7,0.86,0.08855569463608869,0.014799868554156223,0.49903891700000713,tm_tw_refined_support_offline,context_noise_refinement
oracle,20261649,100,8,2,0.0,0.45,0.1,dense,1.0,1.0,deterministic,20.0,0.1,0.95,False,9496.428025743951,949642.8025743951,991279.0995580818,95.79974025456116,41636.29698368674,0.89,0.98,0.19645901002524205,0.05843782523536593,0.023941417000003185,oracle,context_noise_refinement
state_thompson,20262547,100,8,2,0.0,0.45,0.1,dense,1.0,1.0,deterministic,20.0,0.1,0.95,False,6236.1702954543,623617.02954543,841742.6885398924,74.08642071215033,218125.65899446246,0.43,0.7,0.17850135262981223,0.055669784253899096,0.02532679199998711,state_thompson,context_noise_refinement
global_ucb_tw,20262383,100,8,2,0.0,0.45,0.1,dense,1.0,1.0,deterministic,20.0,0.1,0.95,False,6393.9135877770395,639391.358777704,918397.9918067033,69.62029147296717,279006.6330289993,0.5,0.74,0.18107439168613523,0.05730362555532997,0.49511766699998816,global_ucb_tw_dense,context_noise_refinement
local_ucb_tw,20262281,100,8,2,0.0,0.45,0.1,dense,1.0,1.0,deterministic,20.0,0.1,0.95,False,6382.47419062434,638247.419062434,916767.4668133804,69.61933556400484,278520.04775094637,0.46,0.68,0.19304343407832616,0.06460080450391854,0.49483479099998817,local_ucb_tw_dense,context_noise_refinement
exp4,20261404,100,8,2,0.0,0.45,0.1,dense,1.0,1.0,deterministic,20.0,0.1,0.95,False,9067.056907347449,906705.6907347449,995306.4379906533,91.0981438606207,88600.74725590844,0.7,0.88,0.19392825649318046,0.06269865103889859,0.5010432079999987,exp4_dense,context_noise_refinement
tw,20261254,100,8,2,0.0,0.45,0.1,dense,1.0,1.0,deterministic,20.0,0.1,0.95,False,5006.731591106133,500673.15911061334,898358.3804808928,55.73200740250256,397685.2213702795,0.39,0.55,0.19205402557954374,0.058007721726444535,0.4855995000000064,tw_dense,context_noise_refinement
tm_tw,20261574,100,8,2,0.0,0.45,0.1,dense,1.0,1.0,deterministic,20.0,0.1,0.95,False,6504.181069267412,650418.1069267412,872076.1554401073,74.58271882213053,221658.04851336614,0.51,0.67,0.19406581028197098,0.05398312386517647,0.49855995900000494,tm_tw_dense,context_noise_refinement
tm_tw_refined,20262402,100,8,2,0.0,0.45,0.1,dense,1.0,1.0,deterministic,20.0,0.1,0.95,False,8763.680215210037,876368.0215210038,994573.8584895759,88.11492621090132,118205.83696857211,0.67,0.86,0.19481541439039413,0.061146359893095616,0.4974625410000044,tm_tw_refined_dense,context_noise_refinement
tw,20261466,100,8,2,0.0,0.45,0.1,offline,1.0,1.0,deterministic,20.0,0.1,0.95,False,7732.862104286366,773286.2104286366,1024997.8111954544,75.44271821680803,251711.6007668178,0.59,0.77,0.1240650125115378,0.039346737315897946,0.4861862920000135,tw_offline,context_noise_refinement
tm_tw,20261786,100,8,2,0.0,0.45,0.1,offline,1.0,1.0,deterministic,20.0,0.1,0.95,False,5748.387849999715,574838.7849999715,930943.0133691248,61.74801000112821,356104.22836915334,0.4,0.67,0.11717590839850578,0.03812306453777607,0.498005916000011,tm_tw_offline,context_noise_refinement
tm_tw_refined,20262614,100,8,2,0.0,0.45,0.1,offline,1.0,1.0,deterministic,20.0,0.1,0.95,False,8778.906555119076,877890.6555119077,953929.513160358,92.02888089744341,76038.8576484503,0.74,0.88,0.13098512281789357,0.038201992652606494,0.49345520899998974,tm_tw_refined_offline,context_noise_refinement
tw,20262078,100,8,2,0.0,0.45,0.1,gated_offline,1.0,1.0,deterministic,20.0,0.1,0.95,False,7833.790366701558,783379.0366701558,973175.9349717066,80.49716485158783,189796.89830155077,0.58,0.8,0.12012278719906463,0.037477836387739036,0.4924653329999842,tw_gated_offline,context_noise_refinement
tm_tw,20262398,100,8,2,0.0,0.45,0.1,gated_offline,1.0,1.0,deterministic,20.0,0.1,0.95,False,6824.134886746237,682413.4886746237,997333.7799217106,68.42378172813842,314920.29124708695,0.55,0.79,0.1262130746660909,0.03907892531705173,0.5018010419999825,tm_tw_gated_offline,context_noise_refinement
tm_tw_refined,20263226,100,8,2,0.0,0.45,0.1,gated_offline,1.0,1.0,deterministic,20.0,0.1,0.95,False,8829.804523340827,882980.4523340827,976091.1088087736,90.46086419244986,93110.65647469088,0.67,0.89,0.12615189135756394,0.03670765431535034,0.4989496670000051,tm_tw_refined_gated_offline,context_noise_refinement
tw,20262358,100,8,2,0.0,0.45,0.1,support_offline,1.0,1.0,deterministic,20.0,0.1,0.95,True,7141.064329207248,714106.4329207249,970817.8748907467,73.55719866623681,256711.4419700218,0.56,0.8,0.0884450873498073,0.015993357580293764,0.4897158750000017,tw_support_offline,context_noise_refinement
tm_tw,20262678,100,8,2,0.0,0.45,0.1,support_offline,1.0,1.0,deterministic,20.0,0.1,0.95,True,6215.308716363981,621530.8716363981,952699.1632111316,65.23894379643305,331168.29157473345,0.49,0.74,0.08503055177117688,0.01444113791335117,0.49930687500000204,tm_tw_support_offline,context_noise_refinement
tm_tw_refined,20263506,100,8,2,0.0,0.45,0.1,support_offline,1.0,1.0,deterministic,20.0,0.1,0.95,True,8173.039893226258,817303.9893226258,923478.1663480522,88.50279509635855,106174.17702542641,0.72,0.86,0.08885744524113524,0.011725226140255509,0.5010575419999839,tm_tw_refined_support_offline,context_noise_refinement
oracle,20261640,100,8,2,0.0,0.45,0.2,dense,1.0,1.0,deterministic,20.0,0.1,0.95,False,8085.828294661125,808582.8294661125,823589.3898760838,98.1779075113839,15006.56040997128,0.94,0.99,0.2088512414861527,0.07985713429574183,0.023704915999985587,oracle,context_noise_refinement
state_thompson,20262538,100,8,2,0.0,0.45,0.2,dense,1.0,1.0,deterministic,20.0,0.1,0.95,False,5036.552907809268,503655.29078092676,665297.9532734446,75.70371865760409,161642.6624925178,0.41,0.64,0.1983920117792699,0.07460210536623268,0.02539887499997917,state_thompson,context_noise_refinement
global_ucb_tw,20262374,100,8,2,0.0,0.45,0.2,dense,1.0,1.0,deterministic,20.0,0.1,0.95,False,6246.301395596737,624630.1395596737,774095.5385511462,80.69160826437228,149465.39899147244,0.62,0.82,0.2051776689409069,0.06413044401800023,0.4982731249999972,global_ucb_tw_dense,context_noise_refinement
local_ucb_tw,20262272,100,8,2,0.0,0.45,0.2,dense,1.0,1.0,deterministic,20.0,0.1,0.95,False,7515.3061801028,751530.61801028,813681.6509280299,92.36175071087511,62151.03291774995,0.82,0.86,0.20840329801118543,0.08067170817868853,0.4955707919999952,local_ucb_tw_dense,context_noise_refinement
exp4,20261395,100,8,2,0.0,0.45,0.2,dense,1.0,1.0,deterministic,20.0,0.1,0.95,False,7254.971346641085,725497.1346641085,741647.834595361,97.8223222427307,16150.699931252515,0.77,0.91,0.2089271666411522,0.08096969222772685,0.5025291249999952,exp4_dense,context_noise_refinement
tw,20261245,100,8,2,0.0,0.45,0.2,dense,1.0,1.0,deterministic,20.0,0.1,0.95,False,6905.153092437389,690515.3092437389,794421.3051756906,86.92054263210221,103905.99593195168,0.74,0.86,0.20529331562101724,0.07636435372437889,0.48483916699998986,tw_dense,context_noise_refinement
tm_tw,20261565,100,8,2,0.0,0.45,0.2,dense,1.0,1.0,deterministic,20.0,0.1,0.95,False,6270.1136108833925,627011.3610883392,764997.4060857068,81.9625473368065,137986.04499736754,0.66,0.74,0.2182721383119884,0.08274984285458786,0.4992440830000078,tm_tw_dense,context_noise_refinement
tm_tw_refined,20262393,100,8,2,0.0,0.45,0.2,dense,1.0,1.0,deterministic,20.0,0.1,0.95,False,7274.368043935233,727436.8043935233,745911.9024528596,97.52315280147927,18475.098059336306,0.76,0.93,0.21969606784889675,0.08498164302188152,0.49706645800000615,tm_tw_refined_dense,context_noise_refinement
tw,20261457,100,8,2,0.0,0.45,0.2,offline,1.0,1.0,deterministic,20.0,0.1,0.95,False,2792.257703266955,279225.7703266955,715802.8067630952,39.008755999347336,436577.0364363997,0.27,0.52,0.14952292889091226,0.050959982936878444,0.4835209999999961,tw_offline,context_noise_refinement
tm_tw,20261777,100,8,2,0.0,0.45,0.2,offline,1.0,1.0,deterministic,20.0,0.1,0.95,False,7169.424523529206,716942.4523529207,783289.0726104523,91.52974009500483,66346.62025753164,0.77,0.93,0.1360354547048488,0.05265612346975894,0.506607458000019,tm_tw_offline,context_noise_refinement
tm_tw_refined,20262605,100,8,2,0.0,0.45,0.2,offline,1.0,1.0,deterministic,20.0,0.1,0.95,False,7354.072776195437,735407.2776195437,770411.989311075,95.45636462344861,35004.711691531236,0.8,0.92,0.14372883139776263,0.049924281789229266,0.5167872920000036,tm_tw_refined_offline,context_noise_refinement
tw,20262069,100,8,2,0.0,0.45,0.2,gated_offline,1.0,1.0,deterministic,20.0,0.1,0.95,False,7334.397504015259,733439.7504015259,782129.0170757994,93.77477812339562,48689.26667427353,0.81,0.9,0.12780661346230415,0.05315386121582269,0.5127396249999947,tw_gated_offline,context_noise_refinement
tm_tw,20262389,100,8,2,0.0,0.45,0.2,gated_offline,1.0,1.0,deterministic,20.0,0.1,0.95,False,7337.488205094784,733748.8205094783,799986.9643949427,91.72009709738676,66238.14388546441,0.8,0.9,0.1405582880134207,0.05390920098992871,0.5251509160000012,tm_tw_gated_offline,context_noise_refinement
tm_tw_refined,20263217,100,8,2,0.0,0.45,0.2,gated_offline,1.0,1.0,deterministic,20.0,0.1,0.95,False,6913.182272837976,691318.2272837976,773573.6964612708,89.36682186147841,82255.46917747322,0.73,0.88,0.12937397695916086,0.05216797325718526,0.5450049159999821,tm_tw_refined_gated_offline,context_noise_refinement
tw,20262349,100,8,2,0.0,0.45,0.2,support_offline,1.0,1.0,deterministic,20.0,0.1,0.95,True,6753.73564868181,675373.564868181,776346.9195656808,86.99378433110957,100973.35469749977,0.7,0.84,0.09244582870223865,0.023614307632162528,0.5134579169999824,tw_support_offline,context_noise_refinement
tm_tw,20262669,100,8,2,0.0,0.45,0.2,support_offline,1.0,1.0,deterministic,20.0,0.1,0.95,True,7072.106376893672,707210.6376893672,790178.5210930093,89.50010900209269,82967.8834036421,0.83,0.91,0.0947720797514476,0.017660895576514457,0.5149505409999904,tm_tw_support_offline,context_noise_refinement
tm_tw_refined,20263497,100,8,2,0.0,0.45,0.2,support_offline,1.0,1.0,deterministic,20.0,0.1,0.95,True,6680.073922503404,668007.3922503404,753718.3917072426,88.62824625218992,85710.99945690215,0.71,0.85,0.09980824280825588,0.025316852109913204,0.500004792000027,tm_tw_refined_support_offline,context_noise_refinement
oracle,20261641,100,8,2,0.0,0.45,0.2,dense,1.0,1.0,deterministic,20.0,0.1,0.95,False,10451.748722601498,1045174.8722601498,1143133.6108157635,91.4306833751736,97958.73855561367,0.86,0.96,0.20659803617019878,0.07605780490984873,0.023874333999998498,oracle,context_noise_refinement
state_thompson,20262539,100,8,2,0.0,0.45,0.2,dense,1.0,1.0,deterministic,20.0,0.1,0.95,False,8107.190218499134,810719.0218499134,1065832.3205193393,76.06440583964287,255113.2986694259,0.42,0.59,0.21348357326577833,0.07187490924112455,0.025674125000023196,state_thompson,context_noise_refinement
global_ucb_tw,20262375,100,8,2,0.0,0.45,0.2,dense,1.0,1.0,deterministic,20.0,0.1,0.95,False,2726.9654816398192,272696.54816398193,1003638.4676000978,27.170794759995044,730941.9194361158,0.14,0.49,0.20521874911350882,0.0711167015063337,0.4937525830000027,global_ucb_tw_dense,context_noise_refinement
local_ucb_tw,20262273,100,8,2,0.0,0.45,0.2,dense,1.0,1.0,deterministic,20.0,0.1,0.95,False,8397.88644266205,839788.644266205,1012998.8724362082,82.9012417601767,173210.22817000316,0.53,0.75,0.2197374288915839,0.07369087690143182,0.49509937499999523,local_ucb_tw_dense,context_noise_refinement
exp4,20261396,100,8,2,0.0,0.45,0.2,dense,1.0,1.0,deterministic,20.0,0.1,0.95,False,10004.108839321887,1000410.8839321887,1125585.8560033778,88.87912713156788,125174.97207118908,0.59,0.74,0.20921646273919164,0.08109029650212968,0.5021513749999826,exp4_dense,context_noise_refinement
tw,20261246,100,8,2,0.0,0.45,0.2,dense,1.0,1.0,deterministic,20.0,0.1,0.95,False,8923.974392957774,892397.4392957775,1157904.7777132278,77.07001961406475,265507.3384174503,0.5,0.75,0.22593226018349183,0.0707153231284756,0.48526491699999497,tw_dense,context_noise_refinement
tm_tw,20261566,100,8,2,0.0,0.45,0.2,dense,1.0,1.0,deterministic,20.0,0.1,0.95,False,9911.78071665969,991178.0716659691,1180957.611593262,83.93002948926708,189779.53992729296,0.6,0.74,0.19855800510663751,0.06628563096909217,0.4969780000000128,tm_tw_dense,context_noise_refinement
tm_tw_refined,20262394,100,8,2,0.0,0.45,0.2,dense,1.0,1.0,deterministic,20.0,0.1,0.95,False,9664.75759198516,966475.759198516,1021628.588092461,94.60147948708797,55152.82889394497,0.63,0.78,0.20111553040750774,0.07064368397552083,0.4950340830000073,tm_tw_refined_dense,context_noise_refinement
tw,20261458,100,8,2,0.0,0.45,0.2,offline,1.0,1.0,deterministic,20.0,0.1,0.95,False,8821.805387491546,882180.5387491547,1097983.7464738423,80.34550070365465,215803.20772468764,0.63,0.86,0.13428601321021963,0.05171046184222165,0.4842441250000036,tw_offline,context_noise_refinement
tm_tw,20261778,100,8,2,0.0,0.45,0.2,offline,1.0,1.0,deterministic,20.0,0.1,0.95,False,9011.780097056973,901178.0097056974,1108914.8589614695,81.26665473214747,207736.84925577207,0.59,0.74,0.14398046511114249,0.050451783489873024,0.49703820900001006,tm_tw_offline,context_noise_refinement
tm_tw_refined,20262606,100,8,2,0.0,0.45,0.2,offline,1.0,1.0,deterministic,20.0,0.1,0.95,False,9920.79122390802,992079.122390802,1098721.699191477,90.29394096074095,106642.5768006749,0.61,0.77,0.13822881933851763,0.05224484346083018,0.4999900420000074,tm_tw_refined_offline,context_noise_refinement
tw,20262070,100,8,2,0.0,0.45,0.2,gated_offline,1.0,1.0,deterministic,20.0,0.1,0.95,False,7800.337245236679,780033.724523668,1027046.0181591241,75.94924771937673,247012.29363545612,0.53,0.8,0.1366656768942897,0.04924970070754768,0.4929955839999991,tw_gated_offline,context_noise_refinement
tm_tw,20262390,100,8,2,0.0,0.45,0.2,gated_offline,1.0,1.0,deterministic,20.0,0.1,0.95,False,2824.4941155648157,282449.41155648156,1056183.4067657178,26.742458719495335,773733.9952092362,0.22,0.61,0.13840610118704977,0.05292556336995337,0.5041909580000095,tm_tw_gated_offline,context_noise_refinement
tm_tw_refined,20263218,100,8,2,0.0,0.45,0.2,gated_offline,1.0,1.0,deterministic,20.0,0.1,0.95,False,10455.31273186853,1045531.2731868529,1077958.04822915,96.99183330041765,32426.775042297086,0.71,0.9,0.13785455824205933,0.05237887778093576,0.5008882920000133,tm_tw_refined_gated_offline,context_noise_refinement
tw,20262350,100,8,2,0.0,0.45,0.2,support_offline,1.0,1.0,deterministic,20.0,0.1,0.95,True,6417.967119584693,641796.7119584694,1098322.5084154592,58.43426744339276,456525.79645698983,0.43,0.65,0.10637059068444972,0.028709646990798622,0.4926962499999945,tw_support_offline,context_noise_refinement
tm_tw,20262670,100,8,2,0.0,0.45,0.2,support_offline,1.0,1.0,deterministic,20.0,0.1,0.95,True,10600.47054676157,1060047.054676157,1142155.8007286442,92.811073060251,82108.74605248729,0.69,0.81,0.09818532497911628,0.024192601278753365,0.5212412920000133,tm_tw_support_offline,context_noise_refinement
tm_tw_refined,20263498,100,8,2,0.0,0.45,0.2,support_offline,1.0,1.0,deterministic,20.0,0.1,0.95,True,11112.327994350642,1111232.7994350642,1219186.7525002717,91.14541288741707,107953.95306520746,0.64,0.8,0.10926471416412373,0.0243707359269296,0.4992556249999893,tm_tw_refined_support_offline,context_noise_refinement
oracle,20261642,100,8,2,0.0,0.45,0.2,dense,1.0,1.0,deterministic,20.0,0.1,0.95,False,17215.477217763462,1721547.7217763462,1740142.2500359532,98.93143630877172,18594.528259607032,0.93,0.97,0.21518164028890036,0.08109037070606691,0.023428583000026038,oracle,context_noise_refinement
state_thompson,20262540,100,8,2,0.0,0.45,0.2,dense,1.0,1.0,deterministic,20.0,0.1,0.95,False,7030.837903591106,703083.7903591106,1504697.2308604987,46.72593103378242,801613.4405013882,0.23,0.58,0.19912535906323464,0.0731614860487499,0.025534042000003865,state_thompson,context_noise_refinement
global_ucb_tw,20262376,100,8,2,0.0,0.45,0.2,dense,1.0,1.0,deterministic,20.0,0.1,0.95,False,12721.790395162108,1272179.0395162108,1569606.4011488075,81.05083150687285,297427.3616325967,0.74,0.87,0.19705294424414446,0.07255882537579678,0.4937744580000185,global_ucb_tw_dense,context_noise_refinement
local_ucb_tw,20262274,100,8,2,0.0,0.45,0.2,dense,1.0,1.0,deterministic,20.0,0.1,0.95,False,9207.791212932676,920779.1212932676,1484732.302667378,62.01650759797257,563953.1813741104,0.53,0.78,0.2097800398982015,0.08072149910355912,0.49326641700000096,local_ucb_tw_dense,context_noise_refinement
exp4,20261397,100,8,2,0.0,0.45,0.2,dense,1.0,1.0,deterministic,20.0,0.1,0.95,False,16295.750095912017,1629575.0095912018,1710927.3707608522,95.24513064903083,81352.36116965045,0.87,0.9,0.1996301762551412,0.0825099069693164,0.5015244580000058,exp4_dense,context_noise_refinement
tw,20261247,100,8,2,0.0,0.45,0.2,dense,1.0,1.0,deterministic,20.0,0.1,0.95,False,13745.338057575205,1374533.8057575205,1702661.8067961158,80.7285275485194,328128.00103859534,0.65,0.79,0.20935130667033683,0.07127389567090486,0.4854046660000222,tw_dense,context_noise_refinement
tm_tw,20261567,100,8,2,0.0,0.45,0.2,dense,1.0,1.0,deterministic,20.0,0.1,0.95,False,13252.315168865804,1325231.5168865803,1789411.5698699364,74.05962603577582,464180.0529833562,0.62,0.77,0.21277187004930698,0.06856869494180216,0.49529304200001434,tm_tw_dense,context_noise_refinement
tm_tw_refined,20262395,100,8,2,0.0,0.45,0.2,dense,1.0,1.0,deterministic,20.0,0.1,0.95,False,13658.588574904783,1365858.8574904783,1607424.7610916102,84.97186870276384,241565.90360113187,0.72,0.8,0.20416000386633015,0.07154640714576353,0.4960924579999926,tm_tw_refined_dense,context_noise_refinement
tw,20261459,100,8,2,0.0,0.45,0.2,offline,1.0,1.0,deterministic,20.0,0.1,0.95,False,14572.253872945632,1457225.3872945632,1675620.1027882372,86.96633472406637,218394.71549367392,0.69,0.76,0.13835972439900185,0.04894232523062591,0.4849024590000113,tw_offline,context_noise_refinement
tm_tw,20261779,100,8,2,0.0,0.45,0.2,offline,1.0,1.0,deterministic,20.0,0.1,0.95,False,3698.4836830395657,369848.3683039566,1404329.3976253918,26.336297518896956,1034481.0293214353,0.12,0.56,0.14616992844899718,0.04833592482407875,0.49740099999999643,tm_tw_offline,context_noise_refinement
tm_tw_refined,20262607,100,8,2,0.0,0.45,0.2,offline,1.0,1.0,deterministic,20.0,0.1,0.95,False,14985.292961011872,1498529.2961011871,1600642.9793399845,93.62045849344223,102113.68323879736,0.8,0.95,0.14479208284113376,0.049787179721607504,0.4962898750000022,tm_tw_refined_offline,context_noise_refinement
tw,20262071,100,8,2,0.0,0.45,0.2,gated_offline,1.0,1.0,deterministic,20.0,0.1,0.95,False,14803.524559342906,1480352.4559342905,1749645.8626337408,84.60869068131976,269293.4066994502,0.72,0.84,0.13834131799886076,0.045967849684855365,0.4881445000000042,tw_gated_offline,context_noise_refinement
tm_tw,20262391,100,8,2,0.0,0.45,0.2,gated_offline,1.0,1.0,deterministic,20.0,0.1,0.95,False,14317.133660034959,1431713.3660034959,1723730.6926163204,83.05899361984477,292017.3266128246,0.74,0.84,0.13024843166624014,0.05123576305629129,0.49945966700002487,tm_tw_gated_offline,context_noise_refinement
tm_tw_refined,20263219,100,8,2,0.0,0.45,0.2,gated_offline,1.0,1.0,deterministic,20.0,0.1,0.95,False,10657.64054517753,1065764.054517753,1524123.3225871222,69.92636610984158,458359.26806936925,0.61,0.78,0.13881578824105364,0.053111421768645584,0.49878704100001414,tm_tw_refined_gated_offline,context_noise_refinement
tw,20262351,100,8,2,0.0,0.45,0.2,support_offline,1.0,1.0,deterministic,20.0,0.1,0.95,True,15249.073246873946,1524907.3246873945,1683343.8547603223,90.58798773495471,158436.5300729277,0.77,0.86,0.09819520713384823,0.021671341983716386,0.48727341699998306,tw_support_offline,context_noise_refinement
tm_tw,20262671,100,8,2,0.0,0.45,0.2,support_offline,1.0,1.0,deterministic,20.0,0.1,0.95,True,12710.479337382512,1271047.9337382512,1618723.24369029,78.52163355859246,347675.3099520388,0.67,0.74,0.09863572823298511,0.024120516587398996,0.4987090829999943,tm_tw_support_offline,context_noise_refinement
tm_tw_refined,20263499,100,8,2,0.0,0.45,0.2,support_offline,1.0,1.0,deterministic,20.0,0.1,0.95,True,15617.80078279376,1561780.078279376,1719745.4859399165,90.81460547784457,157965.40766054043,0.78,0.9,0.09776982362069013,0.02246164603256348,0.4984652499999811,tm_tw_refined_support_offline,context_noise_refinement
oracle,20261643,100,8,2,0.0,0.45,0.2,dense,1.0,1.0,deterministic,20.0,0.1,0.95,False,5287.865994733274,528786.5994733274,575706.1813929412,91.85008196262716,46919.58191961376,0.81,0.91,0.20017492575147633,0.06726048235686902,0.023319249999985914,oracle,context_noise_refinement
state_thompson,20262541,100,8,2,0.0,0.45,0.2,dense,1.0,1.0,deterministic,20.0,0.1,0.95,False,4079.880932546928,407988.0932546928,596395.200149335,68.40901689895126,188407.10689464217,0.46,0.72,0.19884456632873276,0.06841739359602378,0.02591016599998852,state_thompson,context_noise_refinement
global_ucb_tw,20262377,100,8,2,0.0,0.45,0.2,dense,1.0,1.0,deterministic,20.0,0.1,0.95,False,4205.405694669465,420540.56946694653,537032.3331132431,78.30824021880035,116491.76364629657,0.43,0.76,0.20533304890402393,0.06828174204137234,0.4937556250000057,global_ucb_tw_dense,context_noise_refinement
local_ucb_tw,20262275,100,8,2,0.0,0.45,0.2,dense,1.0,1.0,deterministic,20.0,0.1,0.95,False,4208.579380576325,420857.93805763253,502974.129415419,83.67387375306441,82116.19135778648,0.43,0.72,0.22539388289966572,0.07179790199179212,0.49361470900001336,local_ucb_tw_dense,context_noise_refinement
exp4,20261398,100,8,2,0.0,0.45,0.2,dense,1.0,1.0,deterministic,20.0,0.1,0.95,False,4408.898407396989,440889.84073969885,526872.2999760451,83.6805884005943,85982.4592363463,0.42,0.7,0.21323047923318159,0.0855306895867683,0.5035508339999808,exp4_dense,context_noise_refinement
tw,20261248,100,8,2,0.0,0.45,0.2,dense,1.0,1.0,deterministic,20.0,0.1,0.95,False,4292.316068340065,429231.60683400644,550251.0402807677,78.00650528802079,121019.43344676128,0.39,0.69,0.19474298235416374,0.0713029526488294,0.4879694999999913,tw_dense,context_noise_refinement
tm_tw,20261568,100,8,2,0.0,0.45,0.2,dense,1.0,1.0,deterministic,20.0,0.1,0.95,False,4902.812501232098,490281.2501232098,629051.8967530682,77.9397141402576,138770.6466298584,0.53,0.78,0.21204322538444298,0.06526938633368799,0.4984997500000077,tm_tw_dense,context_noise_refinement
tm_tw_refined,20262396,100,8,2,0.0,0.45,0.2,dense,1.0,1.0,deterministic,20.0,0.1,0.95,False,4750.403634110166,475040.36341101665,526908.7666957362,90.15609407867927,51868.40328471956,0.43,0.73,0.21006147706072714,0.07339833037821687,0.49722933300000705,tm_tw_refined_dense,context_noise_refinement
tw,20261460,100,8,2,0.0,0.45,0.2,offline,1.0,1.0,deterministic,20.0,0.1,0.95,False,4082.698493218155,408269.8493218155,614293.9214709214,66.46164564744787,206024.0721491059,0.49,0.64,0.1390466917321768,0.04842277646946482,0.48420016699998314,tw_offline,context_noise_refinement
tm_tw,20261780,100,8,2,0.0,0.45,0.2,offline,1.0,1.0,deterministic,20.0,0.1,0.95,False,4694.526067766094,469452.6067766093,559909.4544093003,83.84437931520156,90456.84763269103,0.54,0.76,0.14020874418927545,0.051973621155314884,0.4944841250000138,tm_tw_offline,context_noise_refinement
tm_tw_refined,20262608,100,8,2,0.0,0.45,0.2,offline,1.0,1.0,deterministic,20.0,0.1,0.95,False,4710.833164047145,471083.3164047145,513368.7554351809,91.76314518895464,42285.43903046643,0.46,0.79,0.1453967976898066,0.05647528105429443,0.4930464580000091,tm_tw_refined_offline,context_noise_refinement
tw,20262072,100,8,2,0.0,0.45,0.2,gated_offline,1.0,1.0,deterministic,20.0,0.1,0.95,False,4831.529598214648,483152.9598214648,565216.1341155046,85.48109840805256,82063.17429403978,0.55,0.79,0.14144494919289588,0.04888152140894397,0.48872941700000183,tw_gated_offline,context_noise_refinement
tm_tw,20262392,100,8,2,0.0,0.45,0.2,gated_offline,1.0,1.0,deterministic,20.0,0.1,0.95,False,4152.366953594019,415236.69535940187,551604.1138209538,75.27802729444188,136367.4184615519,0.49,0.7,0.1288226402106694,0.049423473738401835,0.5001444170000013,tm_tw_gated_offline,context_noise_refinement
tm_tw_refined,20263220,100,8,2,0.0,0.45,0.2,gated_offline,1.0,1.0,deterministic,20.0,0.1,0.95,False,4442.918157700309,444291.8157700309,496517.2571364545,89.48164628403423,52225.44136642362,0.42,0.74,0.14382525713649918,0.050432823117853354,0.4993213340000011,tm_tw_refined_gated_offline,context_noise_refinement
tw,20262352,100,8,2,0.0,0.45,0.2,support_offline,1.0,1.0,deterministic,20.0,0.1,0.95,True,3748.9708987057807,374897.0898705781,616357.3732154705,60.82462969734264,241460.28334489238,0.48,0.79,0.1032313414487189,0.026550311097042992,0.4874976669999853,tw_support_offline,context_noise_refinement
tm_tw,20262672,100,8,2,0.0,0.45,0.2,support_offline,1.0,1.0,deterministic,20.0,0.1,0.95,True,3828.4757798749715,382847.57798749715,643181.7853791061,59.524008093891844,260334.2073916089,0.46,0.78,0.10743756984372864,0.029102994392919305,0.4994562499999802,tm_tw_support_offline,context_noise_refinement
tm_tw_refined,20263500,100,8,2,0.0,0.45,0.2,support_offline,1.0,1.0,deterministic,20.0,0.1,0.95,True,4771.0167875888865,477101.6787588887,580023.3617104362,82.25559697319073,102921.6829515475,0.56,0.77,0.10125169614491386,0.027115463414066437,0.500556582999991,tm_tw_refined_support_offline,context_noise_refinement
oracle,20261644,100,8,2,0.0,0.45,0.2,dense,1.0,1.0,deterministic,20.0,0.1,0.95,False,8484.938291875065,848493.8291875066,900187.7881334436,94.25742499205356,51693.95894593699,0.84,0.93,0.20256391645244856,0.07578632495935371,0.02325591700000018,oracle,context_noise_refinement
state_thompson,20262542,100,8,2,0.0,0.45,0.2,dense,1.0,1.0,deterministic,20.0,0.1,0.95,False,3862.241355723326,386224.1355723326,837004.3334826676,46.14362436635227,450780.197910335,0.34,0.62,0.20364086781317642,0.07163375386315161,0.025547165999995514,state_thompson,context_noise_refinement
global_ucb_tw,20262378,100,8,2,0.0,0.45,0.2,dense,1.0,1.0,deterministic,20.0,0.1,0.95,False,7110.209937451407,711020.9937451407,883549.4188681243,80.47325690689696,172528.42512298352,0.6,0.78,0.19990880479440296,0.07053722120271329,0.49002250000000913,global_ucb_tw_dense,context_noise_refinement
local_ucb_tw,20262276,100,8,2,0.0,0.45,0.2,dense,1.0,1.0,deterministic,20.0,0.1,0.95,False,7884.526262781408,788452.6262781408,866025.9165484112,91.04261329967554,77573.29027027043,0.52,0.76,0.21256005455473653,0.07322740505473467,0.49300820899998143,local_ucb_tw_dense,context_noise_refinement
exp4,20261399,100,8,2,0.0,0.45,0.2,dense,1.0,1.0,deterministic,20.0,0.1,0.95,False,8955.317406518096,895531.7406518095,921383.4215908782,97.19425373484225,25851.68093906867,0.64,0.77,0.21574612185843248,0.08457921274599307,0.5156375420000074,exp4_dense,context_noise_refinement
tw,20261249,100,8,2,0.0,0.45,0.2,dense,1.0,1.0,deterministic,20.0,0.1,0.95,False,6056.148165375579,605614.8165375579,861256.3871686484,70.31759944660571,255641.57063109055,0.49,0.67,0.20969672534532915,0.07343197906949968,0.4867432500000177,tw_dense,context_noise_refinement
tm_tw,20261569,100,8,2,0.0,0.45,0.2,dense,1.0,1.0,deterministic,20.0,0.1,0.95,False,7883.804074165378,788380.4074165378,877677.8339010422,89.82571701878337,89297.42648450448,0.62,0.79,0.2154357833757051,0.0686263988702788,0.49629545799999164,tm_tw_dense,context_noise_refinement
tm_tw_refined,20262397,100,8,2,0.0,0.45,0.2,dense,1.0,1.0,deterministic,20.0,0.1,0.95,False,8060.8046616161455,806080.4661616145,828803.4515697749,97.25833846792959,22722.98540816037,0.59,0.78,0.21897904256053682,0.08128718238147266,0.49713470799997594,tm_tw_refined_dense,context_noise_refinement
tw,20261461,100,8,2,0.0,0.45,0.2,offline,1.0,1.0,deterministic,20.0,0.1,0.95,False,8503.254834804453,850325.4834804452,924530.2777408753,91.97378430463606,74204.79426043003,0.62,0.79,0.14417045021962047,0.05144880306450145,0.48484262499999886,tw_offline,context_noise_refinement
tm_tw,20261781,100,8,2,0.0,0.45,0.2,offline,1.0,1.0,deterministic,20.0,0.1,0.95,False,2069.939714931598,206993.97149315977,813038.783448309,25.459298585393977,606044.8119551493,0.18,0.44,0.14841480192645654,0.053560109808421984,0.496101082999985,tm_tw_offline,context_noise_refinement
tm_tw_refined,20262609,100,8,2,0.0,0.45,0.2,offline,1.0,1.0,deterministic,20.0,0.1,0.95,False,9390.961970156153,939096.1970156153,965580.0692257764,97.25720599935369,26483.872210161062,0.69,0.85,0.12753221578452864,0.05160597859742503,0.4962667080000074,tm_tw_refined_offline,context_noise_refinement
tw,20262073,100,8,2,0.0,0.45,0.2,gated_offline,1.0,1.0,deterministic,20.0,0.1,0.95,False,3345.127048927067,334512.7048927067,803758.006651475,41.61858446503263,469245.30175876827,0.32,0.71,0.13097368432455325,0.0485282629037421,0.4881325830000094,tw_gated_offline,context_noise_refinement
tm_tw,20262393,100,8,2,0.0,0.45,0.2,gated_offline,1.0,1.0,deterministic,20.0,0.1,0.95,False,6687.751089735003,668775.1089735003,873108.7963004136,76.59699590787223,204333.68732691323,0.52,0.77,0.13927768875649518,0.05026103561130706,0.4976683750000177,tm_tw_gated_offline,context_noise_refinement
tm_tw_refined,20263221,100,8,2,0.0,0.45,0.2,gated_offline,1.0,1.0,deterministic,20.0,0.1,0.95,False,8739.082905378711,873908.2905378711,911261.0021067333,95.90098649206902,37352.7115688622,0.65,0.8,0.13415503699485168,0.05497282526323541,0.4993039999999951,tm_tw_refined_gated_offline,context_noise_refinement
tw,20262353,100,8,2,0.0,0.45,0.2,support_offline,1.0,1.0,deterministic,20.0,0.1,0.95,True,2303.8189096240353,230381.89096240353,772457.6237459014,29.824534560900037,542075.7327834979,0.21,0.56,0.09836889378736709,0.023059772018089893,0.4876888330000213,tw_support_offline,context_noise_refinement
tm_tw,20262673,100,8,2,0.0,0.45,0.2,support_offline,1.0,1.0,deterministic,20.0,0.1,0.95,True,7718.897503801159,771889.7503801158,847103.4584019114,91.12107177986397,75213.70802179561,0.6,0.73,0.09734076211272034,0.022253049025271514,0.497761875000009,tm_tw_support_offline,context_noise_refinement
tm_tw_refined,20263501,100,8,2,0.0,0.45,0.2,support_offline,1.0,1.0,deterministic,20.0,0.1,0.95,True,8623.795375175698,862379.5375175697,890518.966209455,96.84010899715449,28139.428691885318,0.68,0.86,0.09769203171504003,0.02485420893700551,0.49841370799998685,tm_tw_refined_support_offline,context_noise_refinement
oracle,20261645,100,8,2,0.0,0.45,0.2,dense,1.0,1.0,deterministic,20.0,0.1,0.95,False,6230.030295552132,623003.0295552132,688067.0573270054,90.54394087335729,65064.02777179226,0.83,0.94,0.19980035002594423,0.0703056277287595,0.023380708000019013,oracle,context_noise_refinement
state_thompson,20262543,100,8,2,0.0,0.45,0.2,dense,1.0,1.0,deterministic,20.0,0.1,0.95,False,5570.642468526424,557064.2468526424,641169.0663284659,86.88258309817815,84104.81947582355,0.56,0.79,0.20409296223177145,0.07601786556012764,0.02581750000001648,state_thompson,context_noise_refinement
global_ucb_tw,20262379,100,8,2,0.0,0.45,0.2,dense,1.0,1.0,deterministic,20.0,0.1,0.95,False,3713.3025678866557,371330.25678866555,661395.825037648,56.14342315625121,290065.5682489824,0.3,0.59,0.2049320136017635,0.07058131471264818,0.4933568329999787,global_ucb_tw_dense,context_noise_refinement
local_ucb_tw,20262277,100,8,2,0.0,0.45,0.2,dense,1.0,1.0,deterministic,20.0,0.1,0.95,False,5524.565237125102,552456.5237125101,698888.6476091192,79.04786057155889,146432.12389660906,0.56,0.71,0.19657453336094433,0.07007447718500412,0.49337316700001566,local_ucb_tw_dense,context_noise_refinement
exp4,20261400,100,8,2,0.0,0.45,0.2,dense,1.0,1.0,deterministic,20.0,0.1,0.95,False,5957.2047123643515,595720.4712364351,679188.8507051953,87.7105786730604,83468.37946876022,0.64,0.86,0.21571307236024673,0.08823946974788825,0.5016722499999844,exp4_dense,context_noise_refinement
tw,20261250,100,8,2,0.0,0.45,0.2,dense,1.0,1.0,deterministic,20.0,0.1,0.95,False,3857.800348424517,385780.0348424517,646614.2017339654,59.66154684013142,260834.16689151374,0.3,0.56,0.2180057541788933,0.07300721369223792,0.48635170899999025,tw_dense,context_noise_refinement
tm_tw,20261570,100,8,2,0.0,0.45,0.2,dense,1.0,1.0,deterministic,20.0,0.1,0.95,False,5537.120758185492,553712.0758185493,724228.6353271991,76.45542426921406,170516.55950864987,0.6,0.83,0.1974817786329573,0.07131250960724951,0.49927012500000956,tm_tw_dense,context_noise_refinement
tm_tw_refined,20262398,100,8,2,0.0,0.45,0.2,dense,1.0,1.0,deterministic,20.0,0.1,0.95,False,5652.620461530984,565262.0461530985,645607.5748224504,87.55505173689329,80345.52866935194,0.58,0.79,0.22063445966568226,0.07693492378154711,0.4994492080000157,tm_tw_refined_dense,context_noise_refinement
tw,20261462,100,8,2,0.0,0.45,0.2,offline,1.0,1.0,deterministic,20.0,0.1,0.95,False,4241.495276817694,424149.5276817694,689928.6836929116,61.47730014810619,265779.15601114224,0.39,0.6,0.14322368314679615,0.05294428154592929,0.4868001249999736,tw_offline,context_noise_refinement
tm_tw,20261782,100,8,2,0.0,0.45,0.2,offline,1.0,1.0,deterministic,20.0,0.1,0.95,False,4476.9685652790995,447696.85652791,693174.0293762144,64.58650173763597,245477.17284830438,0.43,0.58,0.13353418596705488,0.05146201294595202,0.4962699579999992,tm_tw_offline,context_noise_refinement
tm_tw_refined,20262610,100,8,2,0.0,0.45,0.2,offline,1.0,1.0,deterministic,20.0,0.1,0.95,False,5806.75352682429,580675.352682429,694708.189734661,83.58550557813547,114032.837052232,0.65,0.84,0.1365516371242102,0.053134618003799164,0.4975744170000098,tm_tw_refined_offline,context_noise_refinement
tw,20262074,100,8,2,0.0,0.45,0.2,gated_offline,1.0,1.0,deterministic,20.0,0.1,0.95,False,4209.117986963925,420911.7986963925,670742.8040635703,62.75308451262939,249831.00536717783,0.46,0.58,0.1405249229289333,0.052786608731108665,0.48795275000000515,tw_gated_offline,context_noise_refinement
tm_tw,20262394,100,8,2,0.0,0.45,0.2,gated_offline,1.0,1.0,deterministic,20.0,0.1,0.95,False,3779.622141138356,377962.2141138356,652664.1915334958,57.91067121757943,274701.9774196602,0.35,0.59,0.1338787117106191,0.05036292741427417,0.5021411660000012,tm_tw_gated_offline,context_noise_refinement
tm_tw_refined,20263222,100,8,2,0.0,0.45,0.2,gated_offline,1.0,1.0,deterministic,20.0,0.1,0.95,False,5855.1720977529385,585517.2097752938,667907.3016335341,87.664442107949,82390.09185824031,0.64,0.81,0.12673928685579544,0.04606417690072898,0.5001404999999863,tm_tw_refined_gated_offline,context_noise_refinement
tw,20262354,100,8,2,0.0,0.45,0.2,support_offline,1.0,1.0,deterministic,20.0,0.1,0.95,True,3376.436137675293,337643.6137675293,593318.7217674676,56.90762846008051,255675.10799993825,0.26,0.54,0.10636663426785432,0.025986388143600433,0.4873976670000104,tw_support_offline,context_noise_refinement
tm_tw,20262674,100,8,2,0.0,0.45,0.2,support_offline,1.0,1.0,deterministic,20.0,0.1,0.95,True,5144.724318757002,514472.4318757002,650338.5616570589,79.10840017925854,135866.1297813587,0.54,0.73,0.1141860192847471,0.023621295031568065,0.4982007499999952,tm_tw_support_offline,context_noise_refinement
tm_tw_refined,20263502,100,8,2,0.0,0.45,0.2,support_offline,1.0,1.0,deterministic,20.0,0.1,0.95,True,5643.744613044555,564374.4613044555,663798.5779506735,85.0219449169103,99424.116646218,0.54,0.75,0.08629730156504835,0.022852261941061134,0.49994891700001176,tm_tw_refined_support_offline,context_noise_refinement
oracle,20261646,100,8,2,0.0,0.45,0.2,dense,1.0,1.0,deterministic,20.0,0.1,0.95,False,11823.635153575873,1182363.5153575873,1288545.8407678846,91.75952286284048,106182.32541029737,0.8,0.88,0.20449732290840844,0.07667302941747957,0.02352450000000772,oracle,context_noise_refinement
state_thompson,20262544,100,8,2,0.0,0.45,0.2,dense,1.0,1.0,deterministic,20.0,0.1,0.95,False,5412.941590141434,541294.1590141434,1130182.2081382303,47.894415176277384,588888.0491240869,0.25,0.5,0.18269541679042978,0.0669960405928417,0.02547983300001988,state_thompson,context_noise_refinement
global_ucb_tw,20262380,100,8,2,0.0,0.45,0.2,dense,1.0,1.0,deterministic,20.0,0.1,0.95,False,4363.351533061396,436335.15330613963,1104918.206309978,39.490267317011565,668583.0530038383,0.21,0.63,0.2034741649703748,0.07447566968506239,0.4937554169999885,global_ucb_tw_dense,context_noise_refinement
local_ucb_tw,20262278,100,8,2,0.0,0.45,0.2,dense,1.0,1.0,deterministic,20.0,0.1,0.95,False,8899.870230137782,889987.0230137781,1242421.9418980952,71.63323449150545,352434.91888431704,0.49,0.67,0.20655345760483648,0.067965315251953,0.4928892499999904,local_ucb_tw_dense,context_noise_refinement
exp4,20261401,100,8,2,0.0,0.45,0.2,dense,1.0,1.0,deterministic,20.0,0.1,0.95,False,3259.3099007246506,325930.99007246504,1136431.1592395985,28.68022294377689,810500.1691671335,0.13,0.41,0.2144496668395667,0.08853023042160289,0.5000588330000255,exp4_dense,context_noise_refinement
tw,20261251,100,8,2,0.0,0.45,0.2,dense,1.0,1.0,deterministic,20.0,0.1,0.95,False,10243.809845859943,1024380.9845859944,1208440.7919588042,84.76881874581039,184059.80737280985,0.58,0.76,0.2065677750347811,0.07218430590145943,0.48614258399999244,tw_dense,context_noise_refinement
tm_tw,20261571,100,8,2,0.0,0.45,0.2,dense,1.0,1.0,deterministic,20.0,0.1,0.95,False,4668.606523576565,466860.6523576565,1199372.7460746209,38.92540112201366,732512.0937169644,0.38,0.61,0.2241452226485875,0.07080384396595334,0.49926112500000386,tm_tw_dense,context_noise_refinement
tm_tw_refined,20262399,100,8,2,0.0,0.45,0.2,dense,1.0,1.0,deterministic,20.0,0.1,0.95,False,8355.86038441143,835586.0384411429,1188677.20025143,70.29545433061213,353091.16181028716,0.45,0.69,0.2046374977049711,0.07373250376782071,0.49847862499998996,tm_tw_refined_dense,context_noise_refinement
tw,20261463,100,8,2,0.0,0.45,0.2,offline,1.0,1.0,deterministic,20.0,0.1,0.95,False,9396.530830888001,939653.0830888001,1251028.9479968916,75.11041887506626,311375.8649080915,0.51,0.7,0.13951535655895825,0.0462168882779259,0.4843393330000083,tw_offline,context_noise_refinement
tm_tw,20261783,100,8,2,0.0,0.45,0.2,offline,1.0,1.0,deterministic,20.0,0.1,0.95,False,7933.118818630868,793311.8818630868,1180448.6426609042,67.20426905442032,387136.7607978174,0.37,0.62,0.14351785307893505,0.04877315759174291,0.4966183330000149,tm_tw_offline,context_noise_refinement
tm_tw_refined,20262611,100,8,2,0.0,0.45,0.2,offline,1.0,1.0,deterministic,20.0,0.1,0.95,False,6865.535285642758,686553.5285642758,1192247.696661032,57.58480645314007,505694.1680967562,0.45,0.66,0.13041312050980766,0.04813609672001397,0.4991734170000086,tm_tw_refined_offline,context_noise_refinement
tw,20262075,100,8,2,0.0,0.45,0.2,gated_offline,1.0,1.0,deterministic,20.0,0.1,0.95,False,6445.822134286919,644582.213428692,1154093.2999380592,55.85182874411341,509511.0865093672,0.32,0.62,0.1362683102248861,0.046481476818178324,0.49230504199999814,tw_gated_offline,context_noise_refinement
tm_tw,20262395,100,8,2,0.0,0.45,0.2,gated_offline,1.0,1.0,deterministic,20.0,0.1,0.95,False,10120.685201202987,1012068.5201202986,1239714.014735317,81.6372573102175,227645.49461501848,0.55,0.76,0.14314687488762096,0.0522402575554713,0.5001477079999859,tm_tw_gated_offline,context_noise_refinement
tm_tw_refined,20263223,100,8,2,0.0,0.45,0.2,gated_offline,1.0,1.0,deterministic,20.0,0.1,0.95,False,6213.880862767398,621388.0862767398,1171932.0370497378,53.022536003115306,550543.9507729979,0.31,0.57,0.13820335084549162,0.053379688470608776,0.4990658749999852,tm_tw_refined_gated_offline,context_noise_refinement
tw,20262355,100,8,2,0.0,0.45,0.2,support_offline,1.0,1.0,deterministic,20.0,0.1,0.95,True,9179.191300936009,917919.130093601,1192653.013948098,76.9644749443904,274733.8838544971,0.56,0.72,0.12126724625271354,0.02777224251730686,0.48780441700000665,tw_support_offline,context_noise_refinement
tm_tw,20262675,100,8,2,0.0,0.45,0.2,support_offline,1.0,1.0,deterministic,20.0,0.1,0.95,True,10619.37291297898,1061937.2912978982,1210324.794818417,87.73986089058177,148387.50352051877,0.6,0.76,0.10056344398411007,0.02739421587509892,0.5000616669999829,tm_tw_support_offline,context_noise_refinement
tm_tw_refined,20263503,100,8,2,0.0,0.45,0.2,support_offline,1.0,1.0,deterministic,20.0,0.1,0.95,True,9448.409291915032,944840.9291915031,1247671.1578918854,75.72836185361083,302830.2287003823,0.46,0.76,0.10698802756714454,0.02780060702430109,0.49845179199999734,tm_tw_refined_support_offline,context_noise_refinement
oracle,20261647,100,8,2,0.0,0.45,0.2,dense,1.0,1.0,deterministic,20.0,0.1,0.95,False,11669.391782425526,1166939.1782425526,1379789.9965817654,84.57368013491035,212850.8183392128,0.82,0.93,0.2114735691058119,0.0768808988505009,0.023423334000000295,oracle,context_noise_refinement
state_thompson,20262545,100,8,2,0.0,0.45,0.2,dense,1.0,1.0,deterministic,20.0,0.1,0.95,False,3540.8653874807615,354086.5387480761,1040926.2293956382,34.01648731184906,686839.690647562,0.23,0.51,0.19862767855375377,0.07031862714167943,0.02550424999998313,state_thompson,context_noise_refinement
global_ucb_tw,20262381,100,8,2,0.0,0.45,0.2,dense,1.0,1.0,deterministic,20.0,0.1,0.95,False,6697.214106427763,669721.4106427763,1318843.4482378387,50.78096354329384,649122.0375950624,0.32,0.56,0.20105377940866168,0.07090412771428889,0.49424295800000095,global_ucb_tw_dense,context_noise_refinement
local_ucb_tw,20262279,100,8,2,0.0,0.45,0.2,dense,1.0,1.0,deterministic,20.0,0.1,0.95,False,8784.16482422078,878416.4824220779,1253110.891863619,70.09886260869557,374694.40944154107,0.42,0.58,0.20574510789046507,0.07157792387242402,0.49400012499998525,local_ucb_tw_dense,context_noise_refinement
exp4,20261402,100,8,2,0.0,0.45,0.2,dense,1.0,1.0,deterministic,20.0,0.1,0.95,False,7353.790624639754,735379.0624639754,1134116.8918499514,64.8415580218048,398737.82938597596,0.33,0.57,0.2079893909727184,0.0777401392450085,0.5012396249999824,exp4_dense,context_noise_refinement
tw,20261252,100,8,2,0.0,0.45,0.2,dense,1.0,1.0,deterministic,20.0,0.1,0.95,False,7242.463851520325,724246.3851520325,1067284.7543637417,67.85877734979823,343038.36921170924,0.38,0.65,0.22424875522133486,0.07576168437968453,0.4890430419999916,tw_dense,context_noise_refinement
tm_tw,20261572,100,8,2,0.0,0.45,0.2,dense,1.0,1.0,deterministic,20.0,0.1,0.95,False,7514.829851106819,751482.9851106819,1093965.2231219313,68.69349858911583,342482.23801124946,0.46,0.72,0.2022425255315278,0.07164866312035656,0.49829725000000735,tm_tw_dense,context_noise_refinement
tm_tw_refined,20262400,100,8,2,0.0,0.45,0.2,dense,1.0,1.0,deterministic,20.0,0.1,0.95,False,10276.0299373394,1027602.99373394,1297893.2056978329,79.17469551598684,270290.2119638929,0.48,0.66,0.20599534492068589,0.06601741036963543,0.49942804200000523,tm_tw_refined_dense,context_noise_refinement
tw,20261464,100,8,2,0.0,0.45,0.2,offline,1.0,1.0,deterministic,20.0,0.1,0.95,False,4210.168689819667,421016.86898196663,967020.8531037207,43.53751706911838,546003.9841217541,0.23,0.49,0.13901541933820288,0.04854113890370888,0.48690350000001104,tw_offline,context_noise_refinement
tm_tw,20261784,100,8,2,0.0,0.45,0.2,offline,1.0,1.0,deterministic,20.0,0.1,0.95,False,7581.834033684688,758183.4033684687,1222410.2728882753,62.0236446129543,464226.8695198066,0.4,0.78,0.12847482060977936,0.04982146721545206,0.4963648340000191,tm_tw_offline,context_noise_refinement
tm_tw_refined,20262612,100,8,2,0.0,0.45,0.2,offline,1.0,1.0,deterministic,20.0,0.1,0.95,False,6429.350184401459,642935.0184401459,1004577.4936530901,64.00053977938013,361642.4752129442,0.29,0.66,0.14382703865678026,0.050125034098298105,0.49600954200002434,tm_tw_refined_offline,context_noise_refinement
tw,20262076,100,8,2,0.0,0.45,0.2,gated_offline,1.0,1.0,deterministic,20.0,0.1,0.95,False,12675.34572786388,1267534.572786388,1478104.8528292167,85.75403635000727,210570.28004282876,0.57,0.77,0.1390894441226433,0.05240336781722175,0.4866950410000186,tw_gated_offline,context_noise_refinement
tm_tw,20262396,100,8,2,0.0,0.45,0.2,gated_offline,1.0,1.0,deterministic,20.0,0.1,0.95,False,5233.41297229334,523341.297229334,1103041.0256003574,47.44531573016448,579699.7283710234,0.3,0.6,0.13978573743191933,0.04975882133252184,0.5045178749999764,tm_tw_gated_offline,context_noise_refinement
tm_tw_refined,20263224,100,8,2,0.0,0.45,0.2,gated_offline,1.0,1.0,deterministic,20.0,0.1,0.95,False,11385.018374704083,1138501.8374704083,1274448.1540117105,89.33292687400659,135946.31654130225,0.51,0.73,0.13291232072674075,0.04981915401526583,0.5038634170000194,tm_tw_refined_gated_offline,context_noise_refinement
tw,20262356,100,8,2,0.0,0.45,0.2,support_offline,1.0,1.0,deterministic,20.0,0.1,0.95,True,10953.790738662703,1095379.0738662702,1351435.9310996484,81.05297844012276,256056.8572333781,0.59,0.77,0.10011172193656497,0.024478749592525828,0.4896761250000168,tw_support_offline,context_noise_refinement
tm_tw,20262676,100,8,2,0.0,0.45,0.2,support_offline,1.0,1.0,deterministic,20.0,0.1,0.95,True,11111.737671040855,1111173.7671040855,1357966.1491891616,81.82632297333514,246792.38208507607,0.56,0.73,0.10984858649397887,0.024253204436969395,0.4983354590000033,tm_tw_support_offline,context_noise_refinement
tm_tw_refined,20263504,100,8,2,0.0,0.45,0.2,support_offline,1.0,1.0,deterministic,20.0,0.1,0.95,True,9745.982842852067,974598.2842852067,1255410.5380248236,77.63183873050583,280812.25373961695,0.47,0.76,0.10583576317117772,0.026919657971584094,0.499520375000003,tm_tw_refined_support_offline,context_noise_refinement
oracle,20261648,100,8,2,0.0,0.45,0.2,dense,1.0,1.0,deterministic,20.0,0.1,0.95,False,10710.77410139076,1071077.410139076,1127997.0830735075,94.95391665558746,56919.67293443158,0.87,0.96,0.20933175487514633,0.07606049174799523,0.023263624999998456,oracle,context_noise_refinement
state_thompson,20262546,100,8,2,0.0,0.45,0.2,dense,1.0,1.0,deterministic,20.0,0.1,0.95,False,7665.954855792402,766595.4855792401,1038218.6510730056,73.83757600453033,271623.1654937655,0.49,0.66,0.22064837704081428,0.06973427876236944,0.026612999999997555,state_thompson,context_noise_refinement
global_ucb_tw,20262382,100,8,2,0.0,0.45,0.2,dense,1.0,1.0,deterministic,20.0,0.1,0.95,False,4800.212722551211,480021.27225512115,1027307.9489068874,46.72613238960045,547286.6766517663,0.27,0.56,0.20616324941198635,0.06442886414871511,0.522114375000001,global_ucb_tw_dense,context_noise_refinement
local_ucb_tw,20262280,100,8,2,0.0,0.45,0.2,dense,1.0,1.0,deterministic,20.0,0.1,0.95,False,8217.439226940147,821743.9226940147,1073876.6240589046,76.52125991793078,252132.70136488986,0.57,0.67,0.22060144681480906,0.07555244393351607,0.5019968750000032,local_ucb_tw_dense,context_noise_refinement
exp4,20261403,100,8,2,0.0,0.45,0.2,dense,1.0,1.0,deterministic,20.0,0.1,0.95,False,10144.198546394593,1014419.8546394593,1075893.110308464,94.28630455200332,61473.25566900463,0.66,0.71,0.20519785876804206,0.08345427060845063,0.5050782080000147,exp4_dense,context_noise_refinement
tw,20261253,100,8,2,0.0,0.45,0.2,dense,1.0,1.0,deterministic,20.0,0.1,0.95,False,7754.38498193572,775438.498193572,1103126.2549627877,70.29462808132784,327687.7567692157,0.54,0.66,0.21647551971771534,0.06785664126968208,0.4862990000000025,tw_dense,context_noise_refinement
tm_tw,20261573,100,8,2,0.0,0.45,0.2,dense,1.0,1.0,deterministic,20.0,0.1,0.95,False,9400.319384898306,940031.9384898306,1096227.649494858,85.7515260560156,156195.7110050274,0.64,0.69,0.22934989507728024,0.0767194765772046,0.4987275830000044,tm_tw_dense,context_noise_refinement
tm_tw_refined,20262401,100,8,2,0.0,0.45,0.2,dense,1.0,1.0,deterministic,20.0,0.1,0.95,False,10189.829974426513,1018982.9974426513,1121621.9078249412,90.84906333709831,102638.9103822899,0.69,0.78,0.21027880545807157,0.07677313805404681,0.49666983299999856,tm_tw_refined_dense,context_noise_refinement
tw,20261465,100,8,2,0.0,0.45,0.2,offline,1.0,1.0,deterministic,20.0,0.1,0.95,False,10014.64877201936,1001464.877201936,1109708.2248097593,90.24578306370759,108243.34760782332,0.7,0.78,0.14004764430569305,0.04907568766218367,0.4843189999999993,tw_offline,context_noise_refinement
tm_tw,20261785,100,8,2,0.0,0.45,0.2,offline,1.0,1.0,deterministic,20.0,0.1,0.95,False,8917.259599954008,891725.9599954009,1015010.0806073133,87.85390185108827,123284.12061191245,0.67,0.75,0.1375268942071039,0.048875452127928515,0.4938219590000017,tm_tw_offline,context_noise_refinement
tm_tw_refined,20262613,100,8,2,0.0,0.45,0.2,offline,1.0,1.0,deterministic,20.0,0.1,0.95,False,7286.872119985698,728687.2119985698,991039.791788693,73.52754329706457,262352.5797901233,0.47,0.75,0.12699521810061082,0.048456110526588596,0.494950958000004,tm_tw_refined_offline,context_noise_refinement
tw,20262077,100,8,2,0.0,0.45,0.2,gated_offline,1.0,1.0,deterministic,20.0,0.1,0.95,False,4257.637734251543,425763.77342515433,950628.9164942538,44.78758914627734,524865.1430690994,0.27,0.54,0.14163007542455316,0.04922052506460577,0.4859429169999885,tw_gated_offline,context_noise_refinement
tm_tw,20262397,100,8,2,0.0,0.45,0.2,gated_offline,1.0,1.0,deterministic,20.0,0.1,0.95,False,9363.731697246689,936373.169724669,1058994.3056719946,88.42098250287425,122621.13594732562,0.66,0.72,0.1367254680520646,0.05255240086975697,0.49725716599999714,tm_tw_gated_offline,context_noise_refinement
tm_tw_refined,20263225,100,8,2,0.0,0.45,0.2,gated_offline,1.0,1.0,deterministic,20.0,0.1,0.95,False,9196.032119176974,919603.2119176975,1061330.643662416,86.64625085584558,141727.43174471846,0.7,0.78,0.13432251809017398,0.049412012027595265,0.4985590000000002,tm_tw_refined_gated_offline,context_noise_refinement
tw,20262357,100,8,2,0.0,0.45,0.2,support_offline,1.0,1.0,deterministic,20.0,0.1,0.95,True,9685.48894300999,968548.894300999,1040216.3909444639,93.11032807525804,71667.4966434649,0.69,0.79,0.10253759015541518,0.0232701949680704,0.48613408299999605,tw_support_offline,context_noise_refinement
tm_tw,20262677,100,8,2,0.0,0.45,0.2,support_offline,1.0,1.0,deterministic,20.0,0.1,0.95,True,9696.511945447675,969651.1945447676,1113468.746268329,87.08382680649542,143817.55172356137,0.69,0.75,0.11117994209186177,0.0265724369978127,0.4986715000000004,tm_tw_support_offline,context_noise_refinement
tm_tw_refined,20263505,100,8,2,0.0,0.45,0.2,support_offline,1.0,1.0,deterministic,20.0,0.1,0.95,True,10154.030212811442,1015403.0212811441,1073074.784430674,94.62555974790443,57671.76314952993,0.7,0.82,0.09767102694750307,0.023672861387842643,0.4998025840000082,tm_tw_refined_support_offline,context_noise_refinement
oracle,20261649,100,8,2,0.0,0.45,0.2,dense,1.0,1.0,deterministic,20.0,0.1,0.95,False,9407.617965428095,940761.7965428095,1010484.3893147713,93.10008214780616,69722.59277196182,0.86,0.97,0.21330231432946628,0.07564560297960606,0.023572583999992958,oracle,context_noise_refinement
state_thompson,20262547,100,8,2,0.0,0.45,0.2,dense,1.0,1.0,deterministic,20.0,0.1,0.95,False,7189.981751578929,718998.1751578929,959735.6158708938,74.91627519787849,240737.44071300095,0.5,0.63,0.1909252555589526,0.06643118475274683,0.025315167000002248,state_thompson,context_noise_refinement
global_ucb_tw,20262383,100,8,2,0.0,0.45,0.2,dense,1.0,1.0,deterministic,20.0,0.1,0.95,False,6179.702823672153,617970.2823672153,866322.105493378,71.33262310272872,248351.82312616275,0.46,0.77,0.2143618265566144,0.07031740477459986,0.49562483400001156,global_ucb_tw_dense,context_noise_refinement
local_ucb_tw,20262281,100,8,2,0.0,0.45,0.2,dense,1.0,1.0,deterministic,20.0,0.1,0.95,False,5408.946834162942,540894.6834162942,820768.5651235599,65.90099894175003,279873.88170726574,0.33,0.63,0.19504980850299525,0.060411833340919915,0.494828708,local_ucb_tw_dense,context_noise_refinement
exp4,20261404,100,8,2,0.0,0.45,0.2,dense,1.0,1.0,deterministic,20.0,0.1,0.95,False,4358.139746581265,435813.97465812654,945139.7807366374,46.11106034691029,509325.8060785109,0.28,0.64,0.20534431591708333,0.07342911168445494,0.5038720409999939,exp4_dense,context_noise_refinement
tw,20261254,100,8,2,0.0,0.45,0.2,dense,1.0,1.0,deterministic,20.0,0.1,0.95,False,7705.933579695261,770593.3579695261,1023806.4988041901,75.26748060982051,253213.140834664,0.57,0.73,0.20997441709772652,0.06885677777641867,0.48574420799999984,tw_dense,context_noise_refinement
tm_tw,20261574,100,8,2,0.0,0.45,0.2,dense,1.0,1.0,deterministic,20.0,0.1,0.95,False,6289.5936763656955,628959.3676365695,909637.2394271435,69.14397744233352,280677.87179057393,0.45,0.73,0.2137399819597642,0.07917616992057798,0.49626912499999776,tm_tw_dense,context_noise_refinement
tm_tw_refined,20262402,100,8,2,0.0,0.45,0.2,dense,1.0,1.0,deterministic,20.0,0.1,0.95,False,8598.831237656144,859883.1237656145,1011077.6332607415,85.04620174342871,151194.50949512701,0.65,0.85,0.21734398941128766,0.07495661479468108,0.4958769170000039,tm_tw_refined_dense,context_noise_refinement
tw,20261466,100,8,2,0.0,0.45,0.2,offline,1.0,1.0,deterministic,20.0,0.1,0.95,False,4409.202990464882,440920.29904648813,929575.6049355383,47.43243010094525,488655.3058890501,0.35,0.6,0.137734716385664,0.04922770609365003,0.48627350000001,tw_offline,context_noise_refinement
tm_tw,20261786,100,8,2,0.0,0.45,0.2,offline,1.0,1.0,deterministic,20.0,0.1,0.95,False,3105.502904246435,310550.2904246435,843368.2948251572,36.82261857958808,532818.0044005136,0.18,0.45,0.13625483474354216,0.05146779438126953,0.4968807920000131,tm_tw_offline,context_noise_refinement
tm_tw_refined,20262614,100,8,2,0.0,0.45,0.2,offline,1.0,1.0,deterministic,20.0,0.1,0.95,False,7285.548232070334,728554.8232070334,988189.8750421505,73.72619793093483,259635.05183511705,0.55,0.9,0.14128578055151877,0.0492091699754612,0.4974661249999883,tm_tw_refined_offline,context_noise_refinement
tw,20262078,100,8,2,0.0,0.45,0.2,gated_offline,1.0,1.0,deterministic,20.0,0.1,0.95,False,6920.642002571083,692064.2002571083,924596.7264024987,74.85038401010264,232532.52614539035,0.49,0.77,0.14041621548823277,0.05073641042635584,0.4858045419999826,tw_gated_offline,context_noise_refinement
tm_tw,20262398,100,8,2,0.0,0.45,0.2,gated_offline,1.0,1.0,deterministic,20.0,0.1,0.95,False,5127.19875018184,512719.8750181841,851707.5920349017,60.199049511017336,338987.71701671765,0.33,0.58,0.12860988577002758,0.04828237603904748,0.4984308330000147,tm_tw_gated_offline,context_noise_refinement
tm_tw_refined,20263226,100,8,2,0.0,0.45,0.2,gated_offline,1.0,1.0,deterministic,20.0,0.1,0.95,False,7600.309065713844,760030.9065713844,901489.2374667015,84.30837274410142,141458.33089531714,0.58,0.8,0.13648999151800337,0.05134201618810615,0.49804054200001246,tm_tw_refined_gated_offline,context_noise_refinement
tw,20262358,100,8,2,0.0,0.45,0.2,support_offline,1.0,1.0,deterministic,20.0,0.1,0.95,True,6108.773049519837,610877.3049519836,960668.4011654643,63.58877883470291,349791.0962134807,0.4,0.73,0.1004855627976586,0.024577848082997893,0.48992004100000486,tw_support_offline,context_noise_refinement
tm_tw,20262678,100,8,2,0.0,0.45,0.2,support_offline,1.0,1.0,deterministic,20.0,0.1,0.95,True,5076.935422890297,507693.54228902963,845477.7844360562,60.04812327832686,337784.2421470265,0.41,0.71,0.11193379200458269,0.026603075566880442,0.4964521249999905,tm_tw_support_offline,context_noise_refinement
tm_tw_refined,20263506,100,8,2,0.0,0.45,0.2,support_offline,1.0,1.0,deterministic,20.0,0.1,0.95,True,7659.499548029158,765949.9548029158,895115.0448753443,85.57000121806507,129165.09007242846,0.58,0.83,0.09810453327113434,0.024101135045758008,0.5003425839999807,tm_tw_refined_support_offline,context_noise_refinement
oracle,20261640,100,8,2,0.0,0.45,0.3,dense,1.0,1.0,deterministic,20.0,0.1,0.95,False,7273.598824286955,727359.8824286956,766801.8128439017,94.85630709858071,39441.93041520612,0.86,0.96,0.2290947178394228,0.09094501209128748,0.02359391600001004,oracle,context_noise_refinement
state_thompson,20262538,100,8,2,0.0,0.45,0.3,dense,1.0,1.0,deterministic,20.0,0.1,0.95,False,6109.767202636058,610976.7202636058,764186.2226295344,79.95128702546602,153209.5023659286,0.63,0.78,0.21449031488278228,0.08636467007585445,0.02587041699999304,state_thompson,context_noise_refinement
global_ucb_tw,20262374,100,8,2,0.0,0.45,0.3,dense,1.0,1.0,deterministic,20.0,0.1,0.95,False,6690.784165357428,669078.4165357428,813413.172585914,82.25566527385855,144334.7560501712,0.76,0.82,0.2298408103315289,0.08398563052695018,0.49758920800002215,global_ucb_tw_dense,context_noise_refinement
local_ucb_tw,20262272,100,8,2,0.0,0.45,0.3,dense,1.0,1.0,deterministic,20.0,0.1,0.95,False,5101.332435815061,510133.24358150613,698583.425563766,73.02395460782968,188450.1819822599,0.51,0.71,0.22116162382187318,0.08496797881719219,0.49630133400000886,local_ucb_tw_dense,context_noise_refinement
exp4,20261395,100,8,2,0.0,0.45,0.3,dense,1.0,1.0,deterministic,20.0,0.1,0.95,False,7707.804516128115,770780.4516128115,795862.7126502878,96.84841862311274,25082.261037476244,0.82,0.92,0.23035711361347957,0.09367269946800753,0.5029170829999998,exp4_dense,context_noise_refinement
tw,20261245,100,8,2,0.0,0.45,0.3,dense,1.0,1.0,deterministic,20.0,0.1,0.95,False,7380.348448642292,738034.8448642292,771290.4100666094,95.68832118637283,33255.56520238018,0.77,0.89,0.22475378940596438,0.09078024332007059,0.4832337500000108,tw_dense,context_noise_refinement
tm_tw,20261565,100,8,2,0.0,0.45,0.3,dense,1.0,1.0,deterministic,20.0,0.1,0.95,False,6945.484297644161,694548.4297644162,769102.3906853836,90.3063672894673,74553.9609209674,0.75,0.87,0.2180061850054639,0.08851161261190023,0.49544633299998964,tm_tw_dense,context_noise_refinement
tm_tw_refined,20262393,100,8,2,0.0,0.45,0.3,dense,1.0,1.0,deterministic,20.0,0.1,0.95,False,7272.055295994372,727205.5295994371,754514.3485989883,96.38060971931691,27308.81899955112,0.79,0.94,0.22361144957569073,0.09064043113814245,0.49820766700000263,tm_tw_refined_dense,context_noise_refinement
tw,20261457,100,8,2,0.0,0.45,0.3,offline,1.0,1.0,deterministic,20.0,0.1,0.95,False,2655.4211989853957,265542.11989853956,693803.7187235915,38.273378007697076,428261.598825052,0.2,0.51,0.15999148065323163,0.0628194830473199,0.4850769579999792,tw_offline,context_noise_refinement
tm_tw,20261777,100,8,2,0.0,0.45,0.3,offline,1.0,1.0,deterministic,20.0,0.1,0.95,False,7147.567535774368,714756.7535774368,724743.8673847431,98.62198022546296,9987.113807306276,0.75,0.9,0.14709865005728248,0.06066322687830069,0.49659508299998834,tm_tw_offline,context_noise_refinement
tm_tw_refined,20262605,100,8,2,0.0,0.45,0.3,offline,1.0,1.0,deterministic,20.0,0.1,0.95,False,6717.4886694128,671748.86694128,717082.0011527018,93.67811015496842,45333.13421142183,0.72,0.85,0.15191132475599142,0.06104324980542012,0.5013810419999913,tm_tw_refined_offline,context_noise_refinement
tw,20262069,100,8,2,0.0,0.45,0.3,gated_offline,1.0,1.0,deterministic,20.0,0.1,0.95,False,7670.194631474008,767019.4631474008,793034.5840700935,96.71954774164132,26015.120922692702,0.81,0.91,0.14595452856317997,0.05981064029937078,0.48536691699999324,tw_gated_offline,context_noise_refinement
tm_tw,20262389,100,8,2,0.0,0.45,0.3,gated_offline,1.0,1.0,deterministic,20.0,0.1,0.95,False,7135.750224980556,713575.0224980556,777086.248711344,91.82700423297797,63511.22621328838,0.78,0.88,0.1521269613129237,0.062180814021606086,0.4967761249999967,tm_tw_gated_offline,context_noise_refinement
tm_tw_refined,20263217,100,8,2,0.0,0.45,0.3,gated_offline,1.0,1.0,deterministic,20.0,0.1,0.95,False,6960.9764193848505,696097.6419384851,787746.2676876315,88.36571755291536,91648.62574914645,0.78,0.91,0.15708599942753712,0.06099723782070551,0.5036274999999932,tm_tw_refined_gated_offline,context_noise_refinement
tw,20262349,100,8,2,0.0,0.45,0.3,support_offline,1.0,1.0,deterministic,20.0,0.1,0.95,True,6904.020864037197,690402.0864037196,768642.16464902,89.82100100102802,78240.07824530033,0.74,0.85,0.09212848938837638,0.02590737465267455,0.48893462500001306,tw_support_offline,context_noise_refinement
tm_tw,20262669,100,8,2,0.0,0.45,0.3,support_offline,1.0,1.0,deterministic,20.0,0.1,0.95,True,7783.072815515643,778307.2815515643,809000.6079650178,96.20601936373568,30693.32641345344,0.87,0.92,0.09764672114252163,0.02778851683475417,0.4974300830000118,tm_tw_support_offline,context_noise_refinement
tm_tw_refined,20263497,100,8,2,0.0,0.45,0.3,support_offline,1.0,1.0,deterministic,20.0,0.1,0.95,True,7098.480153817201,709848.0153817201,758791.8822592604,93.54976403650859,48943.86687754025,0.75,0.87,0.11322565855316666,0.03199396237568524,0.4965995409999948,tm_tw_refined_support_offline,context_noise_refinement
oracle,20261641,100,8,2,0.0,0.45,0.3,dense,1.0,1.0,deterministic,20.0,0.1,0.95,False,10222.73598396819,1022273.5983968191,1127643.069024449,90.6557780984024,105369.4706276299,0.74,0.9,0.23529511307956097,0.09132833661128605,0.023547500000006494,oracle,context_noise_refinement
state_thompson,20262539,100,8,2,0.0,0.45,0.3,dense,1.0,1.0,deterministic,20.0,0.1,0.95,False,3821.7851547714363,382178.51547714364,985242.8232628191,38.79028666369644,603064.3077856754,0.23,0.59,0.2217711675901265,0.0797458483002418,0.026065458999994462,state_thompson,context_noise_refinement
global_ucb_tw,20262375,100,8,2,0.0,0.45,0.3,dense,1.0,1.0,deterministic,20.0,0.1,0.95,False,4459.198687226096,445919.8687226096,966786.7215862377,46.12391324437873,520866.85286362807,0.24,0.71,0.22667239016735918,0.0858085155769096,0.4961650420000012,global_ucb_tw_dense,context_noise_refinement
local_ucb_tw,20262273,100,8,2,0.0,0.45,0.3,dense,1.0,1.0,deterministic,20.0,0.1,0.95,False,8789.392254916014,878939.2254916014,1073608.1013662796,81.86778996666088,194668.87587467826,0.53,0.77,0.2249826096553573,0.07755354826264586,0.4978101250000009,local_ucb_tw_dense,context_noise_refinement
exp4,20261396,100,8,2,0.0,0.45,0.3,dense,1.0,1.0,deterministic,20.0,0.1,0.95,False,9779.706072814506,977970.6072814505,1080022.186112904,90.55097384631085,102051.57883145346,0.57,0.72,0.22402686217161263,0.08798195066759655,0.5087584160000063,exp4_dense,context_noise_refinement
tw,20261246,100,8,2,0.0,0.45,0.3,dense,1.0,1.0,deterministic,20.0,0.1,0.95,False,7489.89518779582,748989.518779582,1045696.1855626908,71.62592052265634,296706.66678310884,0.5,0.65,0.2253236661594321,0.07915992046884357,0.4867954579999889,tw_dense,context_noise_refinement
tm_tw,20261566,100,8,2,0.0,0.45,0.3,dense,1.0,1.0,deterministic,20.0,0.1,0.95,False,2719.927239565028,271992.7239565028,959662.4381680907,28.34254141234416,687669.7142115878,0.18,0.46,0.225324908232982,0.07691812736865697,0.49822508299999413,tm_tw_dense,context_noise_refinement
tm_tw_refined,20262394,100,8,2,0.0,0.45,0.3,dense,1.0,1.0,deterministic,20.0,0.1,0.95,False,9944.003691815864,994400.3691815863,1116790.69265154,89.04088973204384,122390.32346995373,0.64,0.78,0.23064943689956338,0.08690531748040818,0.4945952079999927,tm_tw_refined_dense,context_noise_refinement
tw,20261458,100,8,2,0.0,0.45,0.3,offline,1.0,1.0,deterministic,20.0,0.1,0.95,False,8552.512176955366,855251.2176955366,1096379.3935107912,78.00686721745822,241128.17581525468,0.57,0.73,0.15206146436453316,0.058300565376528744,0.4849548749999997,tw_offline,context_noise_refinement
tm_tw,20261778,100,8,2,0.0,0.45,0.3,offline,1.0,1.0,deterministic,20.0,0.1,0.95,False,4747.984773661858,474798.47736618575,1037838.3255744866,45.74879012136742,563039.8482083009,0.33,0.68,0.1648872593862478,0.06493269233733483,0.49672870899999566,tm_tw_offline,context_noise_refinement
tm_tw_refined,20262606,100,8,2,0.0,0.45,0.3,offline,1.0,1.0,deterministic,20.0,0.1,0.95,False,9164.149660999212,916414.9660999211,1077558.0831539605,85.04552844312752,161143.11705403938,0.61,0.75,0.15463361669846792,0.062087617713385404,0.49687262500000884,tm_tw_refined_offline,context_noise_refinement
tw,20262070,100,8,2,0.0,0.45,0.3,gated_offline,1.0,1.0,deterministic,20.0,0.1,0.95,False,8075.960203014917,807596.0203014917,1106768.6027537626,72.9688227775981,299172.5824522709,0.49,0.75,0.15682882810114937,0.06119112676785379,0.4889730419999978,tw_gated_offline,context_noise_refinement
tm_tw,20262390,100,8,2,0.0,0.45,0.3,gated_offline,1.0,1.0,deterministic,20.0,0.1,0.95,False,5889.710726599794,588971.0726599793,1021575.8019885084,57.65319338159153,432604.7293285291,0.41,0.7,0.15250453980657755,0.06166731924979288,0.49557300000000737,tm_tw_gated_offline,context_noise_refinement
tm_tw_refined,20263218,100,8,2,0.0,0.45,0.3,gated_offline,1.0,1.0,deterministic,20.0,0.1,0.95,False,8625.402167508304,862540.2167508304,1059301.1583531427,81.42540107213614,196760.94160231226,0.56,0.76,0.15589249010508757,0.059576156302266495,0.5183710409999946,tm_tw_refined_gated_offline,context_noise_refinement
tw,20262350,100,8,2,0.0,0.45,0.3,support_offline,1.0,1.0,deterministic,20.0,0.1,0.95,True,7709.420703654201,770942.0703654201,1086055.4900833599,70.9855138530948,315113.4197179398,0.51,0.75,0.11316831529970929,0.033839184989180635,0.48759654199997726,tw_support_offline,context_noise_refinement
tm_tw,20262670,100,8,2,0.0,0.45,0.3,support_offline,1.0,1.0,deterministic,20.0,0.1,0.95,True,10904.681107722803,1090468.1107722803,1186428.5902831468,91.9118200373134,95960.47951086657,0.69,0.88,0.11119141370841926,0.031031094887228782,0.4984824999999944,tm_tw_support_offline,context_noise_refinement
tm_tw_refined,20263498,100,8,2,0.0,0.45,0.3,support_offline,1.0,1.0,deterministic,20.0,0.1,0.95,True,10364.710779656118,1036471.0779656117,1139685.0008652564,90.94364470697745,103213.9228996447,0.63,0.83,0.12936752798617523,0.03599512485374531,0.49752991600001906,tm_tw_refined_support_offline,context_noise_refinement
oracle,20261642,100,8,2,0.0,0.45,0.3,dense,1.0,1.0,deterministic,20.0,0.1,0.95,False,16204.528399636256,1620452.8399636257,1657140.7979840431,97.78606874774616,36687.958020417485,0.92,0.95,0.21849571543309462,0.08894412710560944,0.023510291999997435,oracle,context_noise_refinement
state_thompson,20262540,100,8,2,0.0,0.45,0.3,dense,1.0,1.0,deterministic,20.0,0.1,0.95,False,15215.336147044363,1521533.6147044364,1844158.2477670033,82.50558847359132,322624.63306256686,0.76,0.82,0.2142927049922922,0.08378807632865137,0.025694125000001122,state_thompson,context_noise_refinement
global_ucb_tw,20262376,100,8,2,0.0,0.45,0.3,dense,1.0,1.0,deterministic,20.0,0.1,0.95,False,11809.497666061232,1180949.7666061232,1568869.3069482653,75.27394164548251,387919.5403421421,0.69,0.81,0.2303885549178274,0.09036667910991587,0.4945107919999998,global_ucb_tw_dense,context_noise_refinement
local_ucb_tw,20262274,100,8,2,0.0,0.45,0.3,dense,1.0,1.0,deterministic,20.0,0.1,0.95,False,16334.846807831906,1633484.6807831905,1734223.138197749,94.19114788658347,100738.45741455839,0.81,0.86,0.22999923972758074,0.09240992125509269,0.4968842499999937,local_ucb_tw_dense,context_noise_refinement
exp4,20261397,100,8,2,0.0,0.45,0.3,dense,1.0,1.0,deterministic,20.0,0.1,0.95,False,14309.080004117983,1430908.0004117982,1656103.8577740008,86.40206915133376,225195.8573622026,0.73,0.81,0.24221264976526952,0.08462822764676205,0.5029114170000071,exp4_dense,context_noise_refinement
tw,20261247,100,8,2,0.0,0.45,0.3,dense,1.0,1.0,deterministic,20.0,0.1,0.95,False,9193.269902294827,919326.9902294826,1536199.3620948414,59.84425022647064,616872.3718653588,0.48,0.78,0.23307030471773046,0.07762733320900105,0.4848306670000113,tw_dense,context_noise_refinement
tm_tw,20261567,100,8,2,0.0,0.45,0.3,dense,1.0,1.0,deterministic,20.0,0.1,0.95,False,15256.643919862348,1525664.3919862348,1676192.91631247,91.01961815604199,150528.5243262353,0.77,0.78,0.21605531386363194,0.08694655402154294,0.49557379199998763,tm_tw_dense,context_noise_refinement
tm_tw_refined,20262395,100,8,2,0.0,0.45,0.3,dense,1.0,1.0,deterministic,20.0,0.1,0.95,False,10419.255566935934,1041925.5566935934,1611416.0003509896,64.65900527651749,569490.4436573962,0.49,0.65,0.2329750884415229,0.08110307589076655,0.5003558749999968,tm_tw_refined_dense,context_noise_refinement
tw,20261459,100,8,2,0.0,0.45,0.3,offline,1.0,1.0,deterministic,20.0,0.1,0.95,False,12746.488252694799,1274648.8252694798,1645944.0399544437,77.44180812518749,371295.2146849639,0.67,0.8,0.15710262687832877,0.06483065938657949,0.48710404100000915,tw_offline,context_noise_refinement
tm_tw,20261779,100,8,2,0.0,0.45,0.3,offline,1.0,1.0,deterministic,20.0,0.1,0.95,False,15890.0216951935,1589002.16951935,1770125.6011464489,89.76776385191019,181123.43162709894,0.82,0.85,0.16308112564238356,0.06308594390108689,0.4955372089999912,tm_tw_offline,context_noise_refinement
tm_tw_refined,20262607,100,8,2,0.0,0.45,0.3,offline,1.0,1.0,deterministic,20.0,0.1,0.95,False,15467.519261179415,1546751.9261179415,1726472.998017745,89.59027612327844,179721.0718998036,0.81,0.87,0.15455330645277834,0.06033863846525556,0.4959036669999932,tm_tw_refined_offline,context_noise_refinement
tw,20262071,100,8,2,0.0,0.45,0.3,gated_offline,1.0,1.0,deterministic,20.0,0.1,0.95,False,12210.674821656641,1221067.4821656642,1738747.8392599858,70.22682959510406,517680.35709432163,0.62,0.81,0.16016552412968585,0.05977796806561933,0.4851434999999924,tw_gated_offline,context_noise_refinement
tm_tw,20262391,100,8,2,0.0,0.45,0.3,gated_offline,1.0,1.0,deterministic,20.0,0.1,0.95,False,16054.032346079824,1605403.2346079824,1711279.1056781518,93.81305651901754,105875.87107016938,0.86,0.89,0.15529694231875868,0.060652302168158964,0.49841449999999554,tm_tw_gated_offline,context_noise_refinement
tm_tw_refined,20263219,100,8,2,0.0,0.45,0.3,gated_offline,1.0,1.0,deterministic,20.0,0.1,0.95,False,17460.540397013403,1746054.0397013403,1832956.393559109,95.25889682028782,86902.3538577687,0.87,0.91,0.15652442737894656,0.05827140278280798,0.4971292500000004,tm_tw_refined_gated_offline,context_noise_refinement
tw,20262351,100,8,2,0.0,0.45,0.3,support_offline,1.0,1.0,deterministic,20.0,0.1,0.95,True,14367.671915865663,1436767.1915865664,1764920.3288662392,81.40691498009579,328153.1372796728,0.72,0.86,0.11117679106847483,0.03102182090119604,0.48789974999999686,tw_support_offline,context_noise_refinement
tm_tw,20262671,100,8,2,0.0,0.45,0.3,support_offline,1.0,1.0,deterministic,20.0,0.1,0.95,True,12976.978799729108,1297697.8799729107,1577130.20487515,82.28222856689503,279432.32490223926,0.73,0.78,0.12168273158779241,0.03497646884900851,0.4988962500000014,tm_tw_support_offline,context_noise_refinement
tm_tw_refined,20263499,100,8,2,0.0,0.45,0.3,support_offline,1.0,1.0,deterministic,20.0,0.1,0.95,True,15667.001539923553,1566700.1539923553,1728418.3654053186,90.64357249090907,161718.21141296322,0.8,0.9,0.11147571857993906,0.03371411207745169,0.4993724580000105,tm_tw_refined_support_offline,context_noise_refinement
oracle,20261643,100,8,2,0.0,0.45,0.3,dense,1.0,1.0,deterministic,20.0,0.1,0.95,False,5216.684164708204,521668.4164708204,587354.7912944156,88.81657631857651,65686.37482359522,0.74,0.9,0.2359152694881999,0.08699731014278717,0.023316999999991594,oracle,context_noise_refinement
state_thompson,20262541,100,8,2,0.0,0.45,0.3,dense,1.0,1.0,deterministic,20.0,0.1,0.95,False,3032.687932769437,303268.7932769437,551586.8716479343,54.98114782371279,248318.07837099064,0.25,0.47,0.21149470023502773,0.08075972966859564,0.025247084000000086,state_thompson,context_noise_refinement
global_ucb_tw,20262377,100,8,2,0.0,0.45,0.3,dense,1.0,1.0,deterministic,20.0,0.1,0.95,False,4013.030159403456,401303.0159403456,569383.2441768339,70.48029952488601,168080.2282364883,0.44,0.71,0.22038323209814223,0.08015972877358395,0.49488912499998605,global_ucb_tw_dense,context_noise_refinement
local_ucb_tw,20262275,100,8,2,0.0,0.45,0.3,dense,1.0,1.0,deterministic,20.0,0.1,0.95,False,4642.24896983206,464224.8969832059,554420.4073027017,83.73156739336058,90195.5103194958,0.52,0.75,0.23314332268881766,0.07631735022585397,0.49662900000001287,local_ucb_tw_dense,context_noise_refinement
exp4,20261398,100,8,2,0.0,0.45,0.3,dense,1.0,1.0,deterministic,20.0,0.1,0.95,False,4633.208917821334,463320.8917821334,518351.6283425827,89.38351235889644,55030.73656044935,0.46,0.73,0.23560988934719704,0.09575720665093734,0.5193657089999988,exp4_dense,context_noise_refinement
tw,20261248,100,8,2,0.0,0.45,0.3,dense,1.0,1.0,deterministic,20.0,0.1,0.95,False,3298.4569827612386,329845.69827612385,581765.3162887186,56.69738106429637,251919.61801259476,0.34,0.63,0.2135435305929696,0.08472629102387792,0.4870245000000182,tw_dense,context_noise_refinement
tm_tw,20261568,100,8,2,0.0,0.45,0.3,dense,1.0,1.0,deterministic,20.0,0.1,0.95,False,3818.948241203716,381894.8241203716,562872.8895859325,67.84743610609952,180978.06546556088,0.37,0.67,0.22213212202535143,0.08717299749419262,0.4965940419999981,tm_tw_dense,context_noise_refinement
tm_tw_refined,20262396,100,8,2,0.0,0.45,0.3,dense,1.0,1.0,deterministic,20.0,0.1,0.95,False,4662.247747999788,466224.77479997877,542294.1683890886,85.97266981220217,76069.39358910982,0.47,0.7,0.2241025423628549,0.08700527696913905,0.49705729200002224,tm_tw_refined_dense,context_noise_refinement
tw,20261460,100,8,2,0.0,0.45,0.3,offline,1.0,1.0,deterministic,20.0,0.1,0.95,False,4358.716741367523,435871.6741367524,585331.951987925,74.46572370710837,149460.2778511726,0.44,0.69,0.16150804517354897,0.060254629415999184,0.48611845799996445,tw_offline,context_noise_refinement
tm_tw,20261780,100,8,2,0.0,0.45,0.3,offline,1.0,1.0,deterministic,20.0,0.1,0.95,False,4146.6322135842465,414663.22135842463,564170.9746776004,73.49956661549044,149507.7533191758,0.38,0.62,0.1572996650703335,0.06214434817589291,0.4946944589999589,tm_tw_offline,context_noise_refinement
tm_tw_refined,20262608,100,8,2,0.0,0.45,0.3,offline,1.0,1.0,deterministic,20.0,0.1,0.95,False,4926.964643446768,492696.46434467676,583041.0232951104,84.50459653081647,90344.55895043368,0.46,0.74,0.1604129603962518,0.06425899634169939,0.4931726670000103,tm_tw_refined_offline,context_noise_refinement
tw,20262072,100,8,2,0.0,0.45,0.3,gated_offline,1.0,1.0,deterministic,20.0,0.1,0.95,False,4399.3877709888975,439938.77709888975,571469.4225434137,76.98378246396345,131530.64544452395,0.44,0.74,0.14799923208865876,0.06079691737018745,0.4820905830000015,tw_gated_offline,context_noise_refinement
tm_tw,20262392,100,8,2,0.0,0.45,0.3,gated_offline,1.0,1.0,deterministic,20.0,0.1,0.95,False,4609.893137144695,460989.31371446955,572261.5781717235,80.55569887939191,111272.26445725397,0.58,0.78,0.16147634863581714,0.06365574574725753,0.49807487499998615,tm_tw_gated_offline,context_noise_refinement
tm_tw_refined,20263220,100,8,2,0.0,0.45,0.3,gated_offline,1.0,1.0,deterministic,20.0,0.1,0.95,False,4424.559980692183,442455.9980692183,514115.1477570606,86.06165369752847,71659.14968784229,0.44,0.69,0.1593071032850406,0.06440704057738006,0.5001108750000185,tm_tw_refined_gated_offline,context_noise_refinement
tw,20262352,100,8,2,0.0,0.45,0.3,support_offline,1.0,1.0,deterministic,20.0,0.1,0.95,True,3895.603861308374,389560.3861308374,623409.225344822,62.48871051200157,233848.83921398467,0.53,0.76,0.11935100504518072,0.033056809538643456,0.48860654099996736,tw_support_offline,context_noise_refinement
tm_tw,20262672,100,8,2,0.0,0.45,0.3,support_offline,1.0,1.0,deterministic,20.0,0.1,0.95,True,2726.9152175351524,272691.52175351523,605201.7567118943,45.057952778436785,332510.23495837906,0.32,0.57,0.11471774530865661,0.03771190774914357,0.49905979199996864,tm_tw_support_offline,context_noise_refinement
tm_tw_refined,20263500,100,8,2,0.0,0.45,0.3,support_offline,1.0,1.0,deterministic,20.0,0.1,0.95,True,4623.657798934618,462365.7798934618,529300.0824466202,87.35418625975582,66934.30255315843,0.45,0.77,0.11365103897941335,0.033271957080574184,0.49892241700001705,tm_tw_refined_support_offline,context_noise_refinement
oracle,20261644,100,8,2,0.0,0.45,0.3,dense,1.0,1.0,deterministic,20.0,0.1,0.95,False,8568.257577651664,856825.7577651665,900732.8223528338,95.12540639154503,43907.06458766735,0.8,0.92,0.22809083061134736,0.08454542730907909,0.02360691600000564,oracle,context_noise_refinement
state_thompson,20262542,100,8,2,0.0,0.45,0.3,dense,1.0,1.0,deterministic,20.0,0.1,0.95,False,6904.292525779765,690429.2525779766,920278.5391843193,75.02394364101247,229849.28660634276,0.44,0.63,0.22666747327363973,0.08305254494459723,0.025561584000001858,state_thompson,context_noise_refinement
global_ucb_tw,20262378,100,8,2,0.0,0.45,0.3,dense,1.0,1.0,deterministic,20.0,0.1,0.95,False,8444.021053896815,844402.1053896815,931306.4114095327,90.66855924589615,86904.30601985112,0.64,0.83,0.22646160597977133,0.08015981288996031,0.49373583300001656,global_ucb_tw_dense,context_noise_refinement
local_ucb_tw,20262276,100,8,2,0.0,0.45,0.3,dense,1.0,1.0,deterministic,20.0,0.1,0.95,False,7767.469117471078,776746.9117471077,899750.378695681,86.32915641259473,123003.46694857324,0.61,0.79,0.22983924606259173,0.08673296062639384,0.49604095900002676,local_ucb_tw_dense,context_noise_refinement
exp4,20261399,100,8,2,0.0,0.45,0.3,dense,1.0,1.0,deterministic,20.0,0.1,0.95,False,8793.67957702061,879367.957702061,871726.264871,100.87661610519352,-7641.692831061082,0.61,0.77,0.22606093951606768,0.09738167671016253,0.5046027500000037,exp4_dense,context_noise_refinement
tw,20261249,100,8,2,0.0,0.45,0.3,dense,1.0,1.0,deterministic,20.0,0.1,0.95,False,7465.039671464177,746503.9671464177,873026.5555663301,85.50758993375206,126522.58841991238,0.55,0.76,0.22840821727972527,0.08903221279458086,0.4887264999999843,tw_dense,context_noise_refinement
tm_tw,20261569,100,8,2,0.0,0.45,0.3,dense,1.0,1.0,deterministic,20.0,0.1,0.95,False,6997.417429442026,699741.7429442026,847323.4471167834,82.58260116903857,147581.70417258074,0.48,0.62,0.22306657538950958,0.08020339129012546,0.49814658299999337,tm_tw_dense,context_noise_refinement
tm_tw_refined,20262397,100,8,2,0.0,0.45,0.3,dense,1.0,1.0,deterministic,20.0,0.1,0.95,False,8899.195982277382,889919.5982277383,914104.3932680835,97.35426334033028,24184.79504034517,0.69,0.79,0.23049325884579905,0.09045957267874702,0.4978015840000012,tm_tw_refined_dense,context_noise_refinement
tw,20261461,100,8,2,0.0,0.45,0.3,offline,1.0,1.0,deterministic,20.0,0.1,0.95,False,7160.617634751088,716061.7634751088,943862.1758945052,75.86507667779902,227800.41241939645,0.55,0.69,0.16462048822884354,0.059948797662487535,0.48372362500003874,tw_offline,context_noise_refinement
tm_tw,20261781,100,8,2,0.0,0.45,0.3,offline,1.0,1.0,deterministic,20.0,0.1,0.95,False,7114.046761837131,711404.6761837131,936406.7467011267,75.97175892740256,225002.07051741355,0.59,0.79,0.1598370133482609,0.05841487343584418,0.49240491699998756,tm_tw_offline,context_noise_refinement
tm_tw_refined,20262609,100,8,2,0.0,0.45,0.3,offline,1.0,1.0,deterministic,20.0,0.1,0.95,False,7888.616678734219,788861.6678734219,775112.363423604,101.77384661871324,-13749.304449817864,0.65,0.82,0.1540689859923683,0.06064138063470375,0.4952709159999813,tm_tw_refined_offline,context_noise_refinement
tw,20262073,100,8,2,0.0,0.45,0.3,gated_offline,1.0,1.0,deterministic,20.0,0.1,0.95,False,3159.7369891837134,315973.69891837134,826992.5209674162,38.207564265363025,511018.8220490449,0.28,0.54,0.15577611924512494,0.0629220165104546,0.48566920799999025,tw_gated_offline,context_noise_refinement
tm_tw,20262393,100,8,2,0.0,0.45,0.3,gated_offline,1.0,1.0,deterministic,20.0,0.1,0.95,False,8572.759853823512,857275.9853823513,932710.584649631,91.91232516187038,75434.59926727973,0.61,0.81,0.15644262526563116,0.06039086130366321,0.4967946250000068,tm_tw_gated_offline,context_noise_refinement
tm_tw_refined,20263221,100,8,2,0.0,0.45,0.3,gated_offline,1.0,1.0,deterministic,20.0,0.1,0.95,False,7770.8000630826145,777080.0063082614,783583.2611822424,99.17006204750098,6503.254873981001,0.6,0.77,0.15365322199180295,0.06406320350987686,0.5001321660000144,tm_tw_refined_gated_offline,context_noise_refinement
tw,20262353,100,8,2,0.0,0.45,0.3,support_offline,1.0,1.0,deterministic,20.0,0.1,0.95,True,6404.301319744509,640430.1319744509,809539.611360668,79.11041325056605,169109.47938621708,0.51,0.63,0.12547260525152087,0.03748413618536787,0.48931641599995146,tw_support_offline,context_noise_refinement
tm_tw,20262673,100,8,2,0.0,0.45,0.3,support_offline,1.0,1.0,deterministic,20.0,0.1,0.95,True,8536.82345287533,853682.3452875329,880494.5540050046,96.95486944291547,26812.208717471687,0.65,0.85,0.11410643708387899,0.03369765238381982,0.5001917920000096,tm_tw_support_offline,context_noise_refinement
tm_tw_refined,20263501,100,8,2,0.0,0.45,0.3,support_offline,1.0,1.0,deterministic,20.0,0.1,0.95,True,8425.141008313925,842514.1008313925,871646.0179728684,96.65782708338114,29131.917141475948,0.66,0.81,0.1089754995925419,0.033582035733321594,0.49661300000002484,tm_tw_refined_support_offline,context_noise_refinement
oracle,20261645,100,8,2,0.0,0.45,0.3,dense,1.0,1.0,deterministic,20.0,0.1,0.95,False,6486.646443058459,648664.644305846,696742.7296016507,93.09959282628,48078.085295804776,0.82,0.92,0.21348719801432586,0.08022870748743974,0.023276874999965003,oracle,context_noise_refinement
state_thompson,20262543,100,8,2,0.0,0.45,0.3,dense,1.0,1.0,deterministic,20.0,0.1,0.95,False,4338.703645452374,433870.3645452374,600365.556464606,72.2676975508364,166495.19191936858,0.37,0.58,0.2160676559548943,0.08295541491355043,0.025857499999972333,state_thompson,context_noise_refinement
global_ucb_tw,20262379,100,8,2,0.0,0.45,0.3,dense,1.0,1.0,deterministic,20.0,0.1,0.95,False,5365.796826490833,536579.6826490833,670612.3956248146,80.01338569788112,134032.71297573124,0.57,0.78,0.2335706391338018,0.08683113191617632,0.49456241600000794,global_ucb_tw_dense,context_noise_refinement
local_ucb_tw,20262277,100,8,2,0.0,0.45,0.3,dense,1.0,1.0,deterministic,20.0,0.1,0.95,False,4441.938925700559,444193.8925700559,664330.086611348,66.8634315263102,220136.19404129207,0.39,0.57,0.24138904861674024,0.08341802855718693,0.5008886659999803,local_ucb_tw_dense,context_noise_refinement
exp4,20261400,100,8,2,0.0,0.45,0.3,dense,1.0,1.0,deterministic,20.0,0.1,0.95,False,5991.170823861048,599117.0823861049,672858.2362881829,89.04061064796196,73741.15390207805,0.59,0.78,0.2243485275691739,0.09112773400751009,0.507544208000013,exp4_dense,context_noise_refinement
tw,20261250,100,8,2,0.0,0.45,0.3,dense,1.0,1.0,deterministic,20.0,0.1,0.95,False,4811.790696934568,481179.0696934568,654930.1690185491,73.47028621609103,173751.09932509233,0.5,0.7,0.21956339920516388,0.0845099552585559,0.4878621249999924,tw_dense,context_noise_refinement
tm_tw,20261570,100,8,2,0.0,0.45,0.3,dense,1.0,1.0,deterministic,20.0,0.1,0.95,False,5149.147320582513,514914.73205825133,669072.051546152,76.95953386011865,154157.31948790065,0.44,0.63,0.22130251460097314,0.08375596297374975,0.4993096249999667,tm_tw_dense,context_noise_refinement
tm_tw_refined,20262398,100,8,2,0.0,0.45,0.3,dense,1.0,1.0,deterministic,20.0,0.1,0.95,False,5912.557714319077,591255.7714319077,675074.9329233228,87.58372479800911,83819.16149141511,0.57,0.76,0.22080356405076348,0.08739066034634221,0.4982760839999969,tm_tw_refined_dense,context_noise_refinement
tw,20261462,100,8,2,0.0,0.45,0.3,offline,1.0,1.0,deterministic,20.0,0.1,0.95,False,4443.975522698051,444397.55226980505,690526.3859029827,64.35634630944311,246128.83363317762,0.34,0.6,0.16320369482765645,0.06751524366495439,0.48360720800002355,tw_offline,context_noise_refinement
tm_tw,20261782,100,8,2,0.0,0.45,0.3,offline,1.0,1.0,deterministic,20.0,0.1,0.95,False,3950.48610649199,395048.610649199,654348.5592954964,60.372809726138556,259299.94864629745,0.41,0.64,0.16158909870725485,0.06292200926327224,0.49696804100000236,tm_tw_offline,context_noise_refinement
tm_tw_refined,20262610,100,8,2,0.0,0.45,0.3,offline,1.0,1.0,deterministic,20.0,0.1,0.95,False,5983.53596392236,598353.596392236,647441.2560994215,92.41820640177932,49087.65970718558,0.67,0.8,0.1477618122360544,0.060502261495358485,0.4962679999999864,tm_tw_refined_offline,context_noise_refinement
tw,20262074,100,8,2,0.0,0.45,0.3,gated_offline,1.0,1.0,deterministic,20.0,0.1,0.95,False,4124.435264847987,412443.5264847987,693993.9841032093,59.430418120665,281550.45761841064,0.35,0.67,0.1517706599432276,0.057567327120978576,0.4906768330000091,tw_gated_offline,context_noise_refinement
tm_tw,20262394,100,8,2,0.0,0.45,0.3,gated_offline,1.0,1.0,deterministic,20.0,0.1,0.95,False,3525.349898989009,352534.9898989009,641889.5817946652,54.921438187740165,289354.5918957643,0.33,0.48,0.16184666581187857,0.06715670243968719,0.4991749590000154,tm_tw_gated_offline,context_noise_refinement
tm_tw_refined,20263222,100,8,2,0.0,0.45,0.3,gated_offline,1.0,1.0,deterministic,20.0,0.1,0.95,False,6009.052431455469,600905.2431455469,660213.9957423876,91.01673806079344,59308.75259684073,0.6,0.76,0.14147820303630165,0.05808675192239212,0.5007339999999658,tm_tw_refined_gated_offline,context_noise_refinement
tw,20262354,100,8,2,0.0,0.45,0.3,support_offline,1.0,1.0,deterministic,20.0,0.1,0.95,True,4628.477504467295,462847.7504467295,689268.7237853771,67.15055166072645,226420.97333864763,0.49,0.63,0.11809090323771546,0.032849366105966886,0.4861892079999848,tw_support_offline,context_noise_refinement
tm_tw,20262674,100,8,2,0.0,0.45,0.3,support_offline,1.0,1.0,deterministic,20.0,0.1,0.95,True,5111.541215546661,511154.1215546661,693281.3902903836,73.72967581613105,182127.26873571752,0.52,0.63,0.12069431246090483,0.034553827052179006,0.4996249159999593,tm_tw_support_offline,context_noise_refinement
tm_tw_refined,20263502,100,8,2,0.0,0.45,0.3,support_offline,1.0,1.0,deterministic,20.0,0.1,0.95,True,5891.07402888407,589107.402888407,680063.4097871203,86.62536381317953,90956.0068987133,0.65,0.81,0.11145742915126632,0.03599885603907818,0.49680012499999293,tm_tw_refined_support_offline,context_noise_refinement
oracle,20261646,100,8,2,0.0,0.45,0.3,dense,1.0,1.0,deterministic,20.0,0.1,0.95,False,11846.674188943478,1184667.4188943477,1263058.1994525928,93.79357336089346,78390.78055824502,0.86,0.9,0.22848375781802624,0.08500641046879022,0.02352879199997915,oracle,context_noise_refinement
state_thompson,20262544,100,8,2,0.0,0.45,0.3,dense,1.0,1.0,deterministic,20.0,0.1,0.95,False,8835.167472236393,883516.7472236393,1262849.78883927,69.96214078918372,379333.0416156306,0.44,0.64,0.22655073421432848,0.08511762592408674,0.025404000000037286,state_thompson,context_noise_refinement
global_ucb_tw,20262380,100,8,2,0.0,0.45,0.3,dense,1.0,1.0,deterministic,20.0,0.1,0.95,False,8516.97495227434,851697.4952274341,1326478.0946324556,64.2074300867686,474780.5994050215,0.46,0.67,0.21747379704940273,0.08387737888560827,0.49480812500002,global_ucb_tw_dense,context_noise_refinement
local_ucb_tw,20262278,100,8,2,0.0,0.45,0.3,dense,1.0,1.0,deterministic,20.0,0.1,0.95,False,8152.17237468388,815217.2374683879,1147242.0614920345,71.0588693381905,332024.82402364654,0.4,0.63,0.22055342704407785,0.08486848897773619,0.4962743749999845,local_ucb_tw_dense,context_noise_refinement
exp4,20261401,100,8,2,0.0,0.45,0.3,dense,1.0,1.0,deterministic,20.0,0.1,0.95,False,9834.306864879849,983430.686487985,1208524.7097531834,81.37447902813925,225094.02326519846,0.52,0.7,0.21818557513166942,0.08499506477130857,0.5037612920000356,exp4_dense,context_noise_refinement
tw,20261251,100,8,2,0.0,0.45,0.3,dense,1.0,1.0,deterministic,20.0,0.1,0.95,False,4705.964109179097,470596.41091790976,1100189.147831562,42.774136778702136,629592.7369136522,0.21,0.5,0.2304817890675525,0.07667562793638727,0.48607937499997433,tw_dense,context_noise_refinement
tm_tw,20261571,100,8,2,0.0,0.45,0.3,dense,1.0,1.0,deterministic,20.0,0.1,0.95,False,6666.182384935686,666618.2384935686,1155061.2619899758,57.71280367805754,488443.0234964072,0.32,0.64,0.2310341905089454,0.07860535846031844,0.49797258299997793,tm_tw_dense,context_noise_refinement
tm_tw_refined,20262399,100,8,2,0.0,0.45,0.3,dense,1.0,1.0,deterministic,20.0,0.1,0.95,False,9408.890929312172,940889.0929312172,1195607.0569289038,78.69551183045306,254717.96399768663,0.52,0.68,0.2278021006250289,0.0865083423745591,0.4993761669999799,tm_tw_refined_dense,context_noise_refinement
tw,20261463,100,8,2,0.0,0.45,0.3,offline,1.0,1.0,deterministic,20.0,0.1,0.95,False,3809.3934308399434,380939.34308399435,1159621.6346416364,32.850313559535984,778682.291557642,0.21,0.48,0.16546714908303237,0.06282165042534033,0.48480758299996296,tw_offline,context_noise_refinement
tm_tw,20261783,100,8,2,0.0,0.45,0.3,offline,1.0,1.0,deterministic,20.0,0.1,0.95,False,9624.49670554795,962449.6705547951,1245514.604885304,77.27325450699347,283064.93433050904,0.56,0.76,0.15991257332349681,0.0630347009759683,0.4951950420000344,tm_tw_offline,context_noise_refinement
tm_tw_refined,20262611,100,8,2,0.0,0.45,0.3,offline,1.0,1.0,deterministic,20.0,0.1,0.95,False,9787.852015511875,978785.2015511874,1203696.0752712237,81.31497822908844,224910.87372003624,0.48,0.71,0.1519344671358803,0.05712958153904496,0.49429758299999094,tm_tw_refined_offline,context_noise_refinement
tw,20262075,100,8,2,0.0,0.45,0.3,gated_offline,1.0,1.0,deterministic,20.0,0.1,0.95,False,10065.456611285423,1006545.6611285423,1278973.796416183,78.69947484060951,272428.13528764073,0.56,0.69,0.15216311101026134,0.056656125147834614,0.48934699999995246,tw_gated_offline,context_noise_refinement
tm_tw,20262395,100,8,2,0.0,0.45,0.3,gated_offline,1.0,1.0,deterministic,20.0,0.1,0.95,False,9531.918554804732,953191.8554804731,1160510.9707377702,82.13553163349259,207319.11525729706,0.58,0.82,0.1629383933135558,0.06323230975452526,0.49804454200000237,tm_tw_gated_offline,context_noise_refinement
tm_tw_refined,20263223,100,8,2,0.0,0.45,0.3,gated_offline,1.0,1.0,deterministic,20.0,0.1,0.95,False,11263.829165014224,1126382.9165014224,1344881.8227457018,83.75330065818025,218498.90624427935,0.58,0.75,0.1513638959073214,0.06262606388913518,0.4980195410000192,tm_tw_refined_gated_offline,context_noise_refinement
tw,20262355,100,8,2,0.0,0.45,0.3,support_offline,1.0,1.0,deterministic,20.0,0.1,0.95,True,9338.618622389853,933861.8622389853,1193258.0473061027,78.26151806369714,259396.18506711745,0.6,0.75,0.12766213269975532,0.036417696714174275,0.48855412499995055,tw_support_offline,context_noise_refinement
tm_tw,20262675,100,8,2,0.0,0.45,0.3,support_offline,1.0,1.0,deterministic,20.0,0.1,0.95,True,7262.631897994082,726263.1897994082,1107956.9685385232,65.54976505607459,381693.778739115,0.42,0.61,0.12282095085985457,0.035607899015519445,0.49926445799997055,tm_tw_support_offline,context_noise_refinement
tm_tw_refined,20263503,100,8,2,0.0,0.45,0.3,support_offline,1.0,1.0,deterministic,20.0,0.1,0.95,True,8734.176535485132,873417.6535485133,1164738.728897204,74.98828980946493,291321.0753486906,0.54,0.73,0.11267742924977708,0.03299746730158412,0.5006983330000025,tm_tw_refined_support_offline,context_noise_refinement
oracle,20261647,100,8,2,0.0,0.45,0.3,dense,1.0,1.0,deterministic,20.0,0.1,0.95,False,11214.34359334974,1121434.359334974,1314227.822685833,85.33028596542303,192793.463350859,0.73,0.9,0.22160045377107052,0.08787257228314242,0.023434416999975838,oracle,context_noise_refinement
state_thompson,20262545,100,8,2,0.0,0.45,0.3,dense,1.0,1.0,deterministic,20.0,0.1,0.95,False,7657.554678125421,765755.4678125421,1146841.8221268384,66.770800736272,381086.3543142963,0.43,0.67,0.2227113069331377,0.08721632265768442,0.025645791000044937,state_thompson,context_noise_refinement
global_ucb_tw,20262381,100,8,2,0.0,0.45,0.3,dense,1.0,1.0,deterministic,20.0,0.1,0.95,False,9910.889767110979,991088.9767110979,1442854.801940813,68.68944646252444,451765.8252297151,0.45,0.69,0.22275039569332186,0.08302779690907808,0.49720962500003907,global_ucb_tw_dense,context_noise_refinement
local_ucb_tw,20262279,100,8,2,0.0,0.45,0.3,dense,1.0,1.0,deterministic,20.0,0.1,0.95,False,7151.999031179669,715199.903117967,1151752.7313017193,62.09665353340581,436552.82818375237,0.3,0.52,0.23345965806185315,0.0790021044448714,0.49373716700000614,local_ucb_tw_dense,context_noise_refinement
exp4,20261402,100,8,2,0.0,0.45,0.3,dense,1.0,1.0,deterministic,20.0,0.1,0.95,False,8199.55835383754,819955.835383754,1161962.69259867,70.56645110954163,342006.85721491603,0.35,0.6,0.22232772655381886,0.08896644209736275,0.5039155000000051,exp4_dense,context_noise_refinement
tw,20261252,100,8,2,0.0,0.45,0.3,dense,1.0,1.0,deterministic,20.0,0.1,0.95,False,10171.91295911583,1017191.295911583,1313949.2551924812,77.41480821210055,296757.9592808982,0.45,0.65,0.2346364671481944,0.08212682110391652,0.4867365419999601,tw_dense,context_noise_refinement
tm_tw,20261572,100,8,2,0.0,0.45,0.3,dense,1.0,1.0,deterministic,20.0,0.1,0.95,False,11176.541062413855,1117654.1062413855,1356315.9413880163,82.40366953864813,238661.83514663088,0.51,0.78,0.21966033327239728,0.08231403281323953,0.49597083399999065,tm_tw_dense,context_noise_refinement
tm_tw_refined,20262400,100,8,2,0.0,0.45,0.3,dense,1.0,1.0,deterministic,20.0,0.1,0.95,False,8746.918792121247,874691.8792121246,1200138.6806311016,72.88256710067553,325446.801418977,0.42,0.69,0.23087651714319787,0.0840994173026924,0.4985027079999895,tm_tw_refined_dense,context_noise_refinement
tw,20261464,100,8,2,0.0,0.45,0.3,offline,1.0,1.0,deterministic,20.0,0.1,0.95,False,4377.478530067607,437747.85300676065,975283.0700072508,44.88418454792886,537535.21700049,0.17,0.39,0.15880845395722318,0.06031696009323232,0.4835330420000332,tw_offline,context_noise_refinement
tm_tw,20261784,100,8,2,0.0,0.45,0.3,offline,1.0,1.0,deterministic,20.0,0.1,0.95,False,7404.976272536206,740497.6272536207,1073055.387384812,69.00833227801206,332557.76013119146,0.39,0.7,0.15098068595720707,0.05948056061505237,0.4947961249999935,tm_tw_offline,context_noise_refinement
tm_tw_refined,20262612,100,8,2,0.0,0.45,0.3,offline,1.0,1.0,deterministic,20.0,0.1,0.95,False,8042.482196737734,804248.2196737734,1238684.1316072792,64.92762756476141,434435.9119335058,0.44,0.66,0.1527353838323549,0.0581301396910283,0.4958899169999995,tm_tw_refined_offline,context_noise_refinement
tw,20262076,100,8,2,0.0,0.45,0.3,gated_offline,1.0,1.0,deterministic,20.0,0.1,0.95,False,5111.638134182375,511163.8134182375,1204942.2880295145,42.422265240118854,693778.474611277,0.43,0.65,0.16640712216453882,0.0615892857436633,0.48779508300003727,tw_gated_offline,context_noise_refinement
tm_tw,20262396,100,8,2,0.0,0.45,0.3,gated_offline,1.0,1.0,deterministic,20.0,0.1,0.95,False,7971.212483531425,797121.2483531425,1219037.9905052648,65.38936887625242,421916.7421521223,0.46,0.71,0.14204820062099624,0.06014681869265448,0.49850170799999205,tm_tw_gated_offline,context_noise_refinement
tm_tw_refined,20263224,100,8,2,0.0,0.45,0.3,gated_offline,1.0,1.0,deterministic,20.0,0.1,0.95,False,12211.203029812315,1221120.3029812316,1371679.3826882096,89.02374114482109,150559.07970697805,0.57,0.78,0.14291138723797084,0.05573743271399674,0.49893254099998785,tm_tw_refined_gated_offline,context_noise_refinement
tw,20262356,100,8,2,0.0,0.45,0.3,support_offline,1.0,1.0,deterministic,20.0,0.1,0.95,True,3413.8664803445536,341386.6480344554,947612.4548160543,36.025977317987405,606225.806781599,0.23,0.45,0.12444649877079819,0.03714827612875547,0.4870874999999728,tw_support_offline,context_noise_refinement
tm_tw,20262676,100,8,2,0.0,0.45,0.3,support_offline,1.0,1.0,deterministic,20.0,0.1,0.95,True,4211.82813033228,421182.81303322804,1122616.9195435313,37.51794630037161,701434.1065103032,0.27,0.62,0.11970237683023974,0.03076088147665463,0.5002944999999954,tm_tw_support_offline,context_noise_refinement
tm_tw_refined,20263504,100,8,2,0.0,0.45,0.3,support_offline,1.0,1.0,deterministic,20.0,0.1,0.95,True,12449.935574724215,1244993.5574724216,1442698.6209405814,86.29616327356963,197705.06346815987,0.5,0.74,0.11921945312412914,0.0336386986697686,0.5008700419999741,tm_tw_refined_support_offline,context_noise_refinement
oracle,20261648,100,8,2,0.0,0.45,0.3,dense,1.0,1.0,deterministic,20.0,0.1,0.95,False,10496.35939582052,1049635.939582052,1180835.2921882898,88.88927579704168,131199.35260623787,0.82,0.91,0.23148483235034675,0.08872697307053523,0.02374133399996481,oracle,context_noise_refinement
state_thompson,20262546,100,8,2,0.0,0.45,0.3,dense,1.0,1.0,deterministic,20.0,0.1,0.95,False,7355.653081353543,735565.3081353543,1044907.5704731083,70.39525111319738,309342.262337754,0.49,0.75,0.22655503510308822,0.08760411688462426,0.027451082999959908,state_thompson,context_noise_refinement
global_ucb_tw,20262382,100,8,2,0.0,0.45,0.3,dense,1.0,1.0,deterministic,20.0,0.1,0.95,False,9592.902921525707,959290.2921525707,1083038.0139289212,88.5740186230922,123747.72177635052,0.62,0.74,0.21209640161259996,0.07813735649679344,0.4966792919999534,global_ucb_tw_dense,context_noise_refinement
local_ucb_tw,20262280,100,8,2,0.0,0.45,0.3,dense,1.0,1.0,deterministic,20.0,0.1,0.95,False,7726.288291875328,772628.8291875328,1000419.046905774,77.23051970843814,227790.21771824127,0.48,0.63,0.24038704905957714,0.08781466549994026,0.49694100000004937,local_ucb_tw_dense,context_noise_refinement
exp4,20261403,100,8,2,0.0,0.45,0.3,dense,1.0,1.0,deterministic,20.0,0.1,0.95,False,8071.244233072489,807124.4233072489,989736.453407939,81.54942869165767,182612.0301006902,0.56,0.74,0.24309063293462002,0.08944479976610903,0.5031435829999964,exp4_dense,context_noise_refinement
tw,20261253,100,8,2,0.0,0.45,0.3,dense,1.0,1.0,deterministic,20.0,0.1,0.95,False,7879.624686969893,787962.4686969894,996031.4251403747,79.11020162701581,208068.95644338534,0.57,0.66,0.2278706618125415,0.08168569565301415,0.4857284580000396,tw_dense,context_noise_refinement
tm_tw,20261573,100,8,2,0.0,0.45,0.3,dense,1.0,1.0,deterministic,20.0,0.1,0.95,False,9487.395010303315,948739.5010303315,1035344.2725159223,91.63517162507326,86604.77148559084,0.66,0.7,0.23313506182378751,0.09289306247435465,0.4957123750000392,tm_tw_dense,context_noise_refinement
tm_tw_refined,20262401,100,8,2,0.0,0.45,0.3,dense,1.0,1.0,deterministic,20.0,0.1,0.95,False,10937.077767883395,1093707.7767883395,1161313.9338827261,94.17847705759003,67606.15709438664,0.7,0.79,0.24147067785644957,0.091768155370402,0.4988236670000106,tm_tw_refined_dense,context_noise_refinement
tw,20261465,100,8,2,0.0,0.45,0.3,offline,1.0,1.0,deterministic,20.0,0.1,0.95,False,8064.852201415774,806485.2201415774,1008361.1488805879,79.97979900721889,201875.92873901047,0.52,0.65,0.1505892791492593,0.05838348400690619,0.48489729200002785,tw_offline,context_noise_refinement
tm_tw,20261785,100,8,2,0.0,0.45,0.3,offline,1.0,1.0,deterministic,20.0,0.1,0.95,False,10171.502840965593,1017150.2840965594,1090009.139807667,93.31575735924898,72858.85571110749,0.67,0.76,0.15411151734208828,0.06379435017750333,0.4968375829999445,tm_tw_offline,context_noise_refinement
tm_tw_refined,20262613,100,8,2,0.0,0.45,0.3,offline,1.0,1.0,deterministic,20.0,0.1,0.95,False,6901.027880143038,690102.7880143038,982055.4776656637,70.27126305070578,291952.6896513599,0.4,0.67,0.1544686019720649,0.06101262246247951,0.4959152090000316,tm_tw_refined_offline,context_noise_refinement
tw,20262077,100,8,2,0.0,0.45,0.3,gated_offline,1.0,1.0,deterministic,20.0,0.1,0.95,False,8503.946643159044,850394.6643159045,1111954.5017851684,76.47746944237852,261559.83746926393,0.59,0.75,0.16512574240534839,0.06481432323583378,0.48505458399995405,tw_gated_offline,context_noise_refinement
tm_tw,20262397,100,8,2,0.0,0.45,0.3,gated_offline,1.0,1.0,deterministic,20.0,0.1,0.95,False,9840.8089535105,984080.8953510498,1087156.9513256592,90.51875114730028,103076.05597460933,0.72,0.83,0.15041049504291915,0.059288211681536626,0.49799058299998933,tm_tw_gated_offline,context_noise_refinement
tm_tw_refined,20263225,100,8,2,0.0,0.45,0.3,gated_offline,1.0,1.0,deterministic,20.0,0.1,0.95,False,9797.631810875038,979763.1810875039,1118655.33569119,87.58400821305088,138892.15460368618,0.69,0.86,0.15569597764748722,0.06058346932318124,0.49726279199995815,tm_tw_refined_gated_offline,context_noise_refinement
tw,20262357,100,8,2,0.0,0.45,0.3,support_offline,1.0,1.0,deterministic,20.0,0.1,0.95,True,9701.016379899831,970101.6379899831,1115420.2707687763,86.97184939281802,145318.63277879322,0.67,0.81,0.11834616597597454,0.03586716018602004,0.48752787500001205,tw_support_offline,context_noise_refinement
tm_tw,20262677,100,8,2,0.0,0.45,0.3,support_offline,1.0,1.0,deterministic,20.0,0.1,0.95,True,2975.840546375698,297584.0546375698,916451.4783462634,32.47133772696403,618867.4237086936,0.21,0.5,0.11718199468573313,0.029732457423545963,0.49887258400002565,tm_tw_support_offline,context_noise_refinement
tm_tw_refined,20263505,100,8,2,0.0,0.45,0.3,support_offline,1.0,1.0,deterministic,20.0,0.1,0.95,True,8918.848380334139,891884.8380334139,1039439.3064571546,85.80441710188272,147554.4684237407,0.6,0.75,0.11986848309863365,0.03401768061559844,0.5001010420000398,tm_tw_refined_support_offline,context_noise_refinement
oracle,20261649,100,8,2,0.0,0.45,0.3,dense,1.0,1.0,deterministic,20.0,0.1,0.95,False,7622.384869077423,762238.4869077423,999148.1710238921,76.28883372989884,236909.6841161498,0.64,0.87,0.23402389321586703,0.09424933883334036,0.023503124999990632,oracle,context_noise_refinement
state_thompson,20262547,100,8,2,0.0,0.45,0.3,dense,1.0,1.0,deterministic,20.0,0.1,0.95,False,4016.385588585777,401638.5588585777,950577.7724351097,42.25204612450531,548939.213576532,0.3,0.55,0.2142370977142209,0.08289912097633545,0.0259690839999962,state_thompson,context_noise_refinement
global_ucb_tw,20262383,100,8,2,0.0,0.45,0.3,dense,1.0,1.0,deterministic,20.0,0.1,0.95,False,5813.325277704841,581332.5277704841,900972.387880728,64.52279066375137,319639.8601102439,0.39,0.69,0.22712355882887225,0.08685492441976327,0.49490341599999965,global_ucb_tw_dense,context_noise_refinement
local_ucb_tw,20262281,100,8,2,0.0,0.45,0.3,dense,1.0,1.0,deterministic,20.0,0.1,0.95,False,5132.960904192751,513296.09041927505,844279.3222686779,60.79695153968571,330983.23184940283,0.34,0.61,0.22494511118939148,0.08322065202742329,0.5008018340000149,local_ucb_tw_dense,context_noise_refinement
exp4,20261404,100,8,2,0.0,0.45,0.3,dense,1.0,1.0,deterministic,20.0,0.1,0.95,False,7056.0855679970955,705608.5567997096,949114.9842122833,74.34384332108384,243506.4274125737,0.53,0.73,0.22511920283012343,0.08127587464591163,0.5060532079999689,exp4_dense,context_noise_refinement
tw,20261254,100,8,2,0.0,0.45,0.3,dense,1.0,1.0,deterministic,20.0,0.1,0.95,False,4203.000093935682,420300.0093935682,880909.4105301704,47.7120580583437,460609.4011366022,0.36,0.67,0.2280788827049983,0.08234579556504716,0.4887477920000265,tw_dense,context_noise_refinement
tm_tw,20261574,100,8,2,0.0,0.45,0.3,dense,1.0,1.0,deterministic,20.0,0.1,0.95,False,4264.360849186381,426436.08491863805,869319.8312828813,49.05399250921649,442883.74636424327,0.28,0.6,0.24157061240009017,0.08133170700391926,0.4974707079999803,tm_tw_dense,context_noise_refinement
tm_tw_refined,20262402,100,8,2,0.0,0.45,0.3,dense,1.0,1.0,deterministic,20.0,0.1,0.95,False,7093.356898229583,709335.6898229583,998235.4270101618,71.05895769973884,288899.7371872035,0.47,0.75,0.22206419480968553,0.08462624071203288,0.49726516699996637,tm_tw_refined_dense,context_noise_refinement
tw,20261466,100,8,2,0.0,0.45,0.3,offline,1.0,1.0,deterministic,20.0,0.1,0.95,False,4519.617645662734,451961.76456627337,923013.3047596475,48.96589921680101,471051.5401933741,0.31,0.53,0.15762725569931818,0.061706352970161346,0.48568370799995364,tw_offline,context_noise_refinement
tm_tw,20261786,100,8,2,0.0,0.45,0.3,offline,1.0,1.0,deterministic,20.0,0.1,0.95,False,3970.511323717653,397051.13237176527,839401.4902210437,47.30169495734489,442350.3578492784,0.3,0.62,0.16091253847922957,0.06457138574163089,0.49818558299995175,tm_tw_offline,context_noise_refinement
tm_tw_refined,20262614,100,8,2,0.0,0.45,0.3,offline,1.0,1.0,deterministic,20.0,0.1,0.95,False,6584.918609090248,658491.8609090247,879429.5769432649,74.8771565311484,220937.7160342402,0.47,0.77,0.16686354607779863,0.06382809947963897,0.49680270800001836,tm_tw_refined_offline,context_noise_refinement
tw,20262078,100,8,2,0.0,0.45,0.3,gated_offline,1.0,1.0,deterministic,20.0,0.1,0.95,False,6701.2619820844475,670126.1982084448,973276.3568173979,68.85261246864657,303150.1586089531,0.5,0.66,0.1605189583622103,0.06323692054222636,0.4864539580000269,tw_gated_offline,context_noise_refinement
tm_tw,20262398,100,8,2,0.0,0.45,0.3,gated_offline,1.0,1.0,deterministic,20.0,0.1,0.95,False,7210.597885963649,721059.7885963649,960239.1797114912,75.09168588736516,239179.39111512632,0.49,0.7,0.1589352151826353,0.06101932869158631,0.49838004200000796,tm_tw_gated_offline,context_noise_refinement
tm_tw_refined,20263226,100,8,2,0.0,0.45,0.3,gated_offline,1.0,1.0,deterministic,20.0,0.1,0.95,False,7489.41532651673,748941.532651673,985425.8718881945,76.00181343083787,236484.3392365215,0.58,0.77,0.1579011055476887,0.05994089494914684,0.4966229999999996,tm_tw_refined_gated_offline,context_noise_refinement
tw,20262358,100,8,2,0.0,0.45,0.3,support_offline,1.0,1.0,deterministic,20.0,0.1,0.95,True,6550.535549171792,655053.5549171792,906323.5469758472,72.27590600541198,251269.99205866805,0.44,0.69,0.11580091468720344,0.034915398283606756,0.48572045800000296,tw_support_offline,context_noise_refinement
tm_tw,20262678,100,8,2,0.0,0.45,0.3,support_offline,1.0,1.0,deterministic,20.0,0.1,0.95,True,6141.784901771034,614178.4901771034,901606.8648161876,68.12043188050895,287428.3746390842,0.47,0.71,0.11742498504443634,0.03578689917126024,0.4968190829999912,tm_tw_support_offline,context_noise_refinement
tm_tw_refined,20263506,100,8,2,0.0,0.45,0.3,support_offline,1.0,1.0,deterministic,20.0,0.1,0.95,True,8211.18109182614,821118.109182614,1003188.3343718731,81.85084306196018,182070.22518925904,0.62,0.76,0.12065855047890049,0.036326916997929115,0.4981369999999856,tm_tw_refined_support_offline,context_noise_refinement
oracle,20261640,100,20,2,0.0,0.45,0.0,dense,1.0,1.0,deterministic,20.0,0.1,0.95,False,8993.96445155271,899396.445155271,899396.445155271,100.0,0.0,1.0,1.0,0.23080887145935583,0.026450948758010098,0.02059324999999035,oracle,context_noise_refinement
state_thompson,20262538,100,20,2,0.0,0.45,0.0,dense,1.0,1.0,deterministic,20.0,0.1,0.95,False,6138.5182316203145,613851.8231620315,853514.9410115235,71.92045430798659,239663.117849492,0.37,0.64,0.24441067234749278,0.025989092576467754,0.022595792000004167,state_thompson,context_noise_refinement
global_ucb_tw,20262374,100,20,2,0.0,0.45,0.0,dense,1.0,1.0,deterministic,20.0,0.1,0.95,False,4624.458666779134,462445.8666779134,882776.0674547743,52.38541049387988,420330.2007768609,0.4,0.64,0.2290532825019062,0.025294037275135704,0.6272232909999502,global_ucb_tw_dense,context_noise_refinement
local_ucb_tw,20262272,100,20,2,0.0,0.45,0.0,dense,1.0,1.0,deterministic,20.0,0.1,0.95,False,4610.984149826766,461098.41498267656,850647.1530221928,54.205602563234216,389548.7380395162,0.29,0.63,0.235010988313896,0.02432296214642862,0.6286736669999868,local_ucb_tw_dense,context_noise_refinement
exp4,20261395,100,20,2,0.0,0.45,0.0,dense,1.0,1.0,deterministic,20.0,0.1,0.95,False,7483.554704880235,748355.4704880235,832249.2481800794,89.91963310564586,83893.77769205591,0.55,0.82,0.24929982259670327,0.02996789016974466,0.6312690839999959,exp4_dense,context_noise_refinement
tw,20261245,100,20,2,0.0,0.45,0.0,dense,1.0,1.0,deterministic,20.0,0.1,0.95,False,6198.519122322176,619851.9122322176,884431.8797942878,70.0847545631655,264579.96756207023,0.37,0.62,0.23450438656086822,0.025341378941236285,0.6142813749999618,tw_dense,context_noise_refinement
tm_tw,20261565,100,20,2,0.0,0.45,0.0,dense,1.0,1.0,deterministic,20.0,0.1,0.95,False,4243.001333132282,424300.1333132282,822165.686379571,51.60761879781743,397865.5530663428,0.31,0.57,0.23050280166911294,0.023905942963360932,0.6283730000000105,tm_tw_dense,context_noise_refinement
tm_tw_refined,20262393,100,20,2,0.0,0.45,0.0,dense,1.0,1.0,deterministic,20.0,0.1,0.95,False,7414.252875852666,741425.2875852666,778846.9564345524,95.19524746933638,37421.66884928581,0.55,0.84,0.24242605534601547,0.02819056573478827,0.6253145410000229,tm_tw_refined_dense,context_noise_refinement
tw,20261457,100,20,2,0.0,0.45,0.0,offline,1.0,1.0,deterministic,20.0,0.1,0.95,False,3864.1983571356327,386419.83571356325,868688.5821114347,44.48312590621729,482268.7463978714,0.29,0.48,0.16389731153967424,0.018892928333897045,0.6381696669999997,tw_offline,context_noise_refinement
tm_tw,20261777,100,20,2,0.0,0.45,0.0,offline,1.0,1.0,deterministic,20.0,0.1,0.95,False,6018.055896695031,601805.5896695032,877909.0766985462,68.54987670621263,276103.487029043,0.34,0.68,0.15472491974831662,0.018018148744642738,0.6254125830000135,tm_tw_offline,context_noise_refinement
tm_tw_refined,20262605,100,20,2,0.0,0.45,0.0,offline,1.0,1.0,deterministic,20.0,0.1,0.95,False,8116.096564198259,811609.656419826,880934.8781011712,92.13049415970751,69325.22168134525,0.55,0.85,0.15827625698490444,0.018764204929047703,0.6235777910000024,tm_tw_refined_offline,context_noise_refinement
tw,20262069,100,20,2,0.0,0.45,0.0,gated_offline,1.0,1.0,deterministic,20.0,0.1,0.95,False,3816.750697008856,381675.0697008856,772010.9585356964,49.4390740806094,390335.88883481076,0.38,0.69,0.16088695278043477,0.018956834490011627,0.6130857920000494,tw_gated_offline,context_noise_refinement
tm_tw,20262389,100,20,2,0.0,0.45,0.0,gated_offline,1.0,1.0,deterministic,20.0,0.1,0.95,False,6914.060826469891,691406.0826469891,918751.5287686401,75.2549586038402,227345.44612165098,0.48,0.74,0.15995380908338552,0.01867362456721573,0.6251244580000161,tm_tw_gated_offline,context_noise_refinement
tm_tw_refined,20263217,100,20,2,0.0,0.45,0.0,gated_offline,1.0,1.0,deterministic,20.0,0.1,0.95,False,8099.68729390438,809968.729390438,887313.7615696288,91.28323761795713,77345.0321791909,0.55,0.87,0.15977952919350527,0.0190448769921894,0.626478958000007,tm_tw_refined_gated_offline,context_noise_refinement
tw,20262349,100,20,2,0.0,0.45,0.0,support_offline,1.0,1.0,deterministic,20.0,0.1,0.95,True,8160.050922517922,816005.0922517922,976964.4441512176,83.52454351199381,160959.35189942538,0.64,0.79,0.08535370104435323,3.070409964381334e-07,0.6136429590000034,tw_support_offline,context_noise_refinement
tm_tw,20262669,100,20,2,0.0,0.45,0.0,support_offline,1.0,1.0,deterministic,20.0,0.1,0.95,True,6168.661828802396,616866.1828802396,914059.5976626737,67.48642916256419,297193.4147824341,0.49,0.7,0.08229486801110722,3.0499241573121126e-07,0.6250327089999814,tm_tw_support_offline,context_noise_refinement
tm_tw_refined,20263497,100,20,2,0.0,0.45,0.0,support_offline,1.0,1.0,deterministic,20.0,0.1,0.95,True,5570.679739244877,557067.9739244877,779496.2473357489,71.46512582048959,222428.27341126115,0.41,0.76,0.0795205942026985,3.066456834722579e-07,0.626484290999997,tm_tw_refined_support_offline,context_noise_refinement
oracle,20261641,100,20,2,0.0,0.45,0.0,dense,1.0,1.0,deterministic,20.0,0.1,0.95,False,10986.863074225097,1098686.3074225096,1098686.3074225096,100.0,0.0,1.0,1.0,0.23437307435677118,0.025971293328639976,0.02011699999997063,oracle,context_noise_refinement
state_thompson,20262539,100,20,2,0.0,0.45,0.0,dense,1.0,1.0,deterministic,20.0,0.1,0.95,False,4727.336332009703,472733.6332009703,963357.0354268554,49.07148812086123,490623.40222588513,0.36,0.64,0.23327640090542628,0.025613001834114527,0.022649666999996043,state_thompson,context_noise_refinement
global_ucb_tw,20262375,100,20,2,0.0,0.45,0.0,dense,1.0,1.0,deterministic,20.0,0.1,0.95,False,5748.66023188893,574866.023188893,975287.7621881637,58.94322121905014,400421.7389992707,0.4,0.66,0.23161059228739805,0.024703597519931324,0.623617749999994,global_ucb_tw_dense,context_noise_refinement
local_ucb_tw,20262273,100,20,2,0.0,0.45,0.0,dense,1.0,1.0,deterministic,20.0,0.1,0.95,False,6503.575769339843,650357.5769339843,1051578.5400641952,61.845839578875605,401220.9631302109,0.44,0.67,0.23246967951160488,0.02472991274061174,0.6255621249999876,local_ucb_tw_dense,context_noise_refinement
exp4,20261396,100,20,2,0.0,0.45,0.0,dense,1.0,1.0,deterministic,20.0,0.1,0.95,False,7120.6462933503235,712064.6293350323,1008112.8043094167,70.63342775641213,296048.17497438437,0.48,0.72,0.23677370742554435,0.02698772676839724,0.6334216249999827,exp4_dense,context_noise_refinement
tw,20261246,100,20,2,0.0,0.45,0.0,dense,1.0,1.0,deterministic,20.0,0.1,0.95,False,4019.4735103524517,401947.35103524517,934527.4137079223,43.01076085509782,532580.0626726772,0.37,0.56,0.23113761846850003,0.023726335599730752,0.6147439999999733,tw_dense,context_noise_refinement
tm_tw,20261566,100,20,2,0.0,0.45,0.0,dense,1.0,1.0,deterministic,20.0,0.1,0.95,False,5560.495773871239,556049.577387124,922488.198861768,60.27714805167348,366438.62147464405,0.41,0.65,0.2525173871850831,0.028107300094104653,0.6301549579999914,tm_tw_dense,context_noise_refinement
tm_tw_refined,20262394,100,20,2,0.0,0.45,0.0,dense,1.0,1.0,deterministic,20.0,0.1,0.95,False,6672.286762894506,667228.6762894506,894243.2049553043,74.61378208882222,227014.52866585366,0.45,0.74,0.23200875570196408,0.02758531308602635,0.6294843750000041,tm_tw_refined_dense,context_noise_refinement
tw,20261458,100,20,2,0.0,0.45,0.0,offline,1.0,1.0,deterministic,20.0,0.1,0.95,False,5955.068065742747,595506.8065742748,932643.9047429006,63.85146608966865,337137.09816862585,0.46,0.67,0.15997431671651596,0.018907860235248312,0.6575081670000031,tw_offline,context_noise_refinement
tm_tw,20261778,100,20,2,0.0,0.45,0.0,offline,1.0,1.0,deterministic,20.0,0.1,0.95,False,4143.107606230562,414310.76062305615,1057508.9799451898,39.17798983083148,643198.2193221336,0.29,0.69,0.1560912698387585,0.01870144908949567,0.6466621659999987,tm_tw_offline,context_noise_refinement
tm_tw_refined,20262606,100,20,2,0.0,0.45,0.0,offline,1.0,1.0,deterministic,20.0,0.1,0.95,False,6149.7680251908905,614976.8025190891,924818.4413700757,66.49703066128627,309841.6388509866,0.42,0.69,0.158862286046926,0.019388728122080985,0.6547022500000139,tm_tw_refined_offline,context_noise_refinement
tw,20262070,100,20,2,0.0,0.45,0.0,gated_offline,1.0,1.0,deterministic,20.0,0.1,0.95,False,5200.823919421592,520082.3919421592,996880.1538032191,52.171004704826515,476797.7618610599,0.38,0.63,0.15925396034655734,0.018878044037698896,0.6350890830000253,tw_gated_offline,context_noise_refinement
tm_tw,20262390,100,20,2,0.0,0.45,0.0,gated_offline,1.0,1.0,deterministic,20.0,0.1,0.95,False,6064.994630963044,606499.4630963044,973791.7308495666,62.28225644996751,367292.2677532622,0.49,0.73,0.15986152635473733,0.01947146324947549,0.6480363750000038,tm_tw_gated_offline,context_noise_refinement
tm_tw_refined,20263218,100,20,2,0.0,0.45,0.0,gated_offline,1.0,1.0,deterministic,20.0,0.1,0.95,False,6655.688483404282,665568.8483404282,955402.8145158809,69.66368930760198,289833.9661754527,0.53,0.82,0.15738138873297897,0.01932169215402304,0.6447492080000075,tm_tw_refined_gated_offline,context_noise_refinement
tw,20262350,100,20,2,0.0,0.45,0.0,support_offline,1.0,1.0,deterministic,20.0,0.1,0.95,True,4416.15409088394,441615.40908839396,985823.0210431545,44.79662167161566,544207.6119547605,0.29,0.6,0.0865959642733152,3.038247526959111e-07,0.6322079579999809,tw_support_offline,context_noise_refinement
tm_tw,20262670,100,20,2,0.0,0.45,0.0,support_offline,1.0,1.0,deterministic,20.0,0.1,0.95,True,7543.584551232288,754358.4551232287,1096822.1519327366,68.77673411263217,342463.6968095079,0.46,0.68,0.07995668697503573,3.0773796363903146e-07,0.6512418749999824,tm_tw_support_offline,context_noise_refinement
tm_tw_refined,20263498,100,20,2,0.0,0.45,0.0,support_offline,1.0,1.0,deterministic,20.0,0.1,0.95,True,6561.521093533585,656152.1093533585,923868.7353303299,71.02222255835413,267716.62597697135,0.46,0.75,0.0870361861511725,3.042460113864058e-07,0.6378644160000135,tm_tw_refined_support_offline,context_noise_refinement
oracle,20261642,100,20,2,0.0,0.45,0.0,dense,1.0,1.0,deterministic,20.0,0.1,0.95,False,15729.845652586639,1572984.5652586638,1572984.5652586638,100.0,0.0,1.0,1.0,0.22642140688005621,0.025909256102908024,0.020928666000031626,oracle,context_noise_refinement
state_thompson,20262540,100,20,2,0.0,0.45,0.0,dense,1.0,1.0,deterministic,20.0,0.1,0.95,False,8173.670796585561,817367.0796585561,1226629.9660880181,66.63517949633273,409262.886429462,0.35,0.65,0.23537685810848183,0.025725911036182075,0.022810750000019198,state_thompson,context_noise_refinement
global_ucb_tw,20262376,100,20,2,0.0,0.45,0.0,dense,1.0,1.0,deterministic,20.0,0.1,0.95,False,11724.258072787965,1172425.8072787966,1366767.5749368672,85.78092052944352,194341.76765807066,0.4,0.74,0.23909613560179485,0.026394837924795127,0.6461112079999793,global_ucb_tw_dense,context_noise_refinement
local_ucb_tw,20262274,100,20,2,0.0,0.45,0.0,dense,1.0,1.0,deterministic,20.0,0.1,0.95,False,12517.216049024104,1251721.6049024104,1440883.4412113125,86.87181551965932,189161.83630890213,0.45,0.7,0.23442098940257527,0.02615683531874687,0.6457094169999777,local_ucb_tw_dense,context_noise_refinement
exp4,20261397,100,20,2,0.0,0.45,0.0,dense,1.0,1.0,deterministic,20.0,0.1,0.95,False,16231.339842705374,1623133.9842705375,1834055.2705458961,88.49973118789495,210921.28627535864,0.61,0.84,0.2487816000079411,0.03033216747589073,0.6517101249999655,exp4_dense,context_noise_refinement
tw,20261247,100,20,2,0.0,0.45,0.0,dense,1.0,1.0,deterministic,20.0,0.1,0.95,False,12511.381183241603,1251138.1183241603,1539772.0419915617,81.25476266642181,288633.9236674013,0.53,0.67,0.22561677692125773,0.02389358739216086,0.7423306670000329,tw_dense,context_noise_refinement
tm_tw,20261567,100,20,2,0.0,0.45,0.0,dense,1.0,1.0,deterministic,20.0,0.1,0.95,False,8207.208906793481,820720.8906793481,1408917.1916870617,58.25188985710387,588196.3010077135,0.4,0.67,0.2256495746224686,0.024196293483026717,0.7658977920000325,tm_tw_dense,context_noise_refinement
tm_tw_refined,20262395,100,20,2,0.0,0.45,0.0,dense,1.0,1.0,deterministic,20.0,0.1,0.95,False,7977.214815795352,797721.4815795352,1121919.3168236313,71.10328431085736,324197.8352440961,0.43,0.85,0.2355364359561029,0.02679791986425367,0.6454996670000241,tm_tw_refined_dense,context_noise_refinement
tw,20261459,100,20,2,0.0,0.45,0.0,offline,1.0,1.0,deterministic,20.0,0.1,0.95,False,11001.915309060741,1100191.5309060742,1411766.8267519232,77.93011636612147,311575.295845849,0.44,0.71,0.15845918693654576,0.01827056631753466,0.6381049999999959,tw_offline,context_noise_refinement
tm_tw,20261779,100,20,2,0.0,0.45,0.0,offline,1.0,1.0,deterministic,20.0,0.1,0.95,False,4626.790747464411,462679.07474644104,1345375.85573515,34.39032094816512,882696.7809887088,0.35,0.6,0.15787447238380706,0.018549072029547236,0.6778969169999982,tm_tw_offline,context_noise_refinement
tm_tw_refined,20262607,100,20,2,0.0,0.45,0.0,offline,1.0,1.0,deterministic,20.0,0.1,0.95,False,9579.92583214361,957992.583214361,1160834.4280397352,82.52620357169222,202841.8448253742,0.55,0.79,0.16411396220285174,0.019198972389301933,0.6454950419999932,tm_tw_refined_offline,context_noise_refinement
tw,20262071,100,20,2,0.0,0.45,0.0,gated_offline,1.0,1.0,deterministic,20.0,0.1,0.95,False,13538.82272938123,1353882.272938123,1552875.2070516504,87.1855166976783,198992.93411352742,0.59,0.79,0.16037856888712682,0.019085565420395332,0.6323949580000203,tw_gated_offline,context_noise_refinement
tm_tw,20262391,100,20,2,0.0,0.45,0.0,gated_offline,1.0,1.0,deterministic,20.0,0.1,0.95,False,11707.289622211743,1170728.9622211743,1475349.130932429,79.35267237262457,304620.16871125484,0.47,0.75,0.15762350213182152,0.01839023170468683,0.6561946670000225,tm_tw_gated_offline,context_noise_refinement
tm_tw_refined,20263219,100,20,2,0.0,0.45,0.0,gated_offline,1.0,1.0,deterministic,20.0,0.1,0.95,False,11097.855125545344,1109785.5125545345,1419904.333861254,78.15917495910519,310118.82130671944,0.53,0.87,0.15971161334779507,0.018666888506367513,0.6374018329999558,tm_tw_refined_gated_offline,context_noise_refinement
tw,20262351,100,20,2,0.0,0.45,0.0,support_offline,1.0,1.0,deterministic,20.0,0.1,0.95,True,13416.043712956982,1341604.3712956982,1685270.1742307777,79.6076731084414,343665.80293507944,0.61,0.77,0.09228484203075889,2.9322016705133274e-07,0.6323165829999766,tw_support_offline,context_noise_refinement
tm_tw,20262671,100,20,2,0.0,0.45,0.0,support_offline,1.0,1.0,deterministic,20.0,0.1,0.95,True,15988.473107185306,1598847.3107185306,1786289.1223293857,89.50663645275831,187441.81161085516,0.57,0.78,0.09170945013619015,2.9772974729885195e-07,0.6549570829999993,tm_tw_support_offline,context_noise_refinement
tm_tw_refined,20263499,100,20,2,0.0,0.45,0.0,support_offline,1.0,1.0,deterministic,20.0,0.1,0.95,True,14721.722341582403,1472172.2341582403,1598891.6352118694,92.07454725117519,126719.40105362912,0.57,0.81,0.08804818989640817,3.0488904536670084e-07,0.6376283330000092,tm_tw_refined_support_offline,context_noise_refinement
oracle,20261643,100,20,2,0.0,0.45,0.0,dense,1.0,1.0,deterministic,20.0,0.1,0.95,False,9406.548755241918,940654.8755241919,940654.8755241919,100.0,0.0,1.0,1.0,0.22286586126206312,0.025111790412788985,0.020189000000016222,oracle,context_noise_refinement
state_thompson,20262541,100,20,2,0.0,0.45,0.0,dense,1.0,1.0,deterministic,20.0,0.1,0.95,False,3269.7431636489137,326974.31636489136,733556.8253907464,44.5738223743908,406582.509025855,0.27,0.49,0.23622976163819848,0.02692564556223614,0.022603792000040812,state_thompson,context_noise_refinement
global_ucb_tw,20262377,100,20,2,0.0,0.45,0.0,dense,1.0,1.0,deterministic,20.0,0.1,0.95,False,7590.121926937897,759012.1926937897,977959.833571335,77.6117961738789,218947.64087754523,0.52,0.64,0.24173866314477502,0.02599547983321164,0.6239915410000094,global_ucb_tw_dense,context_noise_refinement
local_ucb_tw,20262275,100,20,2,0.0,0.45,0.0,dense,1.0,1.0,deterministic,20.0,0.1,0.95,False,6730.100282084846,673010.0282084846,890266.6190747448,75.596457711505,217256.5908662601,0.51,0.77,0.22883856727413543,0.025211323032649714,0.6458820419999824,local_ucb_tw_dense,context_noise_refinement
exp4,20261398,100,20,2,0.0,0.45,0.0,dense,1.0,1.0,deterministic,20.0,0.1,0.95,False,6129.281499605443,612928.1499605443,784347.5300062192,78.14497101249039,171419.38004567486,0.49,0.75,0.2426573350120093,0.02717342096800014,0.6348949589999506,exp4_dense,context_noise_refinement
tw,20261248,100,20,2,0.0,0.45,0.0,dense,1.0,1.0,deterministic,20.0,0.1,0.95,False,6261.678831699989,626167.8831699989,908041.6077806068,68.95806071050526,281873.72461060795,0.47,0.59,0.2387752232601018,0.02637625902390524,0.6154098750000117,tw_dense,context_noise_refinement
tm_tw,20261568,100,20,2,0.0,0.45,0.0,dense,1.0,1.0,deterministic,20.0,0.1,0.95,False,7046.0951890492715,704609.5189049272,853452.4356607761,82.55990485977009,148842.9167558489,0.56,0.74,0.237198358263238,0.02701099415721384,0.6263940000000048,tm_tw_dense,context_noise_refinement
tm_tw_refined,20262396,100,20,2,0.0,0.45,0.0,dense,1.0,1.0,deterministic,20.0,0.1,0.95,False,7344.464563360086,734446.4563360086,838118.2659694657,87.6304080410969,103671.8096334571,0.59,0.82,0.22957308179834168,0.026263157353028962,0.6247445409999841,tm_tw_refined_dense,context_noise_refinement
tw,20261460,100,20,2,0.0,0.45,0.0,offline,1.0,1.0,deterministic,20.0,0.1,0.95,False,7057.829409344884,705782.9409344884,994189.098074062,70.99081475563628,288406.1571395736,0.49,0.7,0.16199360609428073,0.018889993379791983,0.6053285410000058,tw_offline,context_noise_refinement
tm_tw,20261780,100,20,2,0.0,0.45,0.0,offline,1.0,1.0,deterministic,20.0,0.1,0.95,False,4758.989368970393,475898.93689703936,766604.0415400359,62.07884528511001,290705.1046429965,0.32,0.6,0.15626916503424876,0.018260401346150916,0.6173769579999657,tm_tw_offline,context_noise_refinement
tm_tw_refined,20262608,100,20,2,0.0,0.45,0.0,offline,1.0,1.0,deterministic,20.0,0.1,0.95,False,6301.1513342665985,630115.1334266599,756800.1167606772,83.26044347399606,126684.98333401734,0.55,0.84,0.16534313099525308,0.01949139351385109,0.6176879580000332,tm_tw_refined_offline,context_noise_refinement
tw,20262072,100,20,2,0.0,0.45,0.0,gated_offline,1.0,1.0,deterministic,20.0,0.1,0.95,False,6589.893803289189,658989.3803289189,863089.6131666818,76.35237063172181,204100.23283776292,0.51,0.73,0.15924195452212728,0.01927446146691271,0.6104259999999613,tw_gated_offline,context_noise_refinement
tm_tw,20262392,100,20,2,0.0,0.45,0.0,gated_offline,1.0,1.0,deterministic,20.0,0.1,0.95,False,8114.090192742826,811409.0192742826,922068.2171908463,87.99880574414594,110659.19791656372,0.61,0.84,0.16262852874969058,0.019265875596477484,0.6204055000000039,tm_tw_gated_offline,context_noise_refinement
tm_tw_refined,20263220,100,20,2,0.0,0.45,0.0,gated_offline,1.0,1.0,deterministic,20.0,0.1,0.95,False,8279.837024203804,827983.7024203804,834340.1308832954,99.2381490200902,6356.428462915006,0.72,0.94,0.1573519598940358,0.01882476778845078,0.6242348330000027,tm_tw_refined_gated_offline,context_noise_refinement
tw,20262352,100,20,2,0.0,0.45,0.0,support_offline,1.0,1.0,deterministic,20.0,0.1,0.95,True,7367.158609046422,736715.8609046421,904866.7227973267,81.41705760016691,168150.8618926846,0.58,0.71,0.09022387655543074,3.0389792192819585e-07,0.6096572500000548,tw_support_offline,context_noise_refinement
tm_tw,20262672,100,20,2,0.0,0.45,0.0,support_offline,1.0,1.0,deterministic,20.0,0.1,0.95,True,7659.742306159706,765974.2306159706,920572.1392932872,83.20632332019088,154597.90867731662,0.53,0.75,0.08303801028056967,3.170647242472517e-07,0.6199901670000258,tm_tw_support_offline,context_noise_refinement
tm_tw_refined,20263500,100,20,2,0.0,0.45,0.0,support_offline,1.0,1.0,deterministic,20.0,0.1,0.95,True,7680.821152271646,768082.1152271646,807097.7402836109,95.16593553554786,39015.6250564463,0.65,0.85,0.08391587764631117,3.1682965828328375e-07,0.6418723749999913,tm_tw_refined_support_offline,context_noise_refinement
oracle,20261644,100,20,2,0.0,0.45,0.0,dense,1.0,1.0,deterministic,20.0,0.1,0.95,False,9376.089359591268,937608.9359591267,937608.9359591267,100.0,0.0,1.0,1.0,0.23026946852202407,0.026326004079927044,0.019971708000014132,oracle,context_noise_refinement
state_thompson,20262542,100,20,2,0.0,0.45,0.0,dense,1.0,1.0,deterministic,20.0,0.1,0.95,False,4035.999835070156,403599.9835070156,787886.753310731,51.225633863124706,384286.7698037154,0.37,0.63,0.22545108105790276,0.025246722369404253,0.02273995799998829,state_thompson,context_noise_refinement
global_ucb_tw,20262378,100,20,2,0.0,0.45,0.0,dense,1.0,1.0,deterministic,20.0,0.1,0.95,False,6580.200212412402,658020.0212412402,883055.8125806688,74.51624369225573,225035.79133942863,0.54,0.71,0.2379070708377167,0.026520967263834593,0.6233702499999936,global_ucb_tw_dense,context_noise_refinement
local_ucb_tw,20262276,100,20,2,0.0,0.45,0.0,dense,1.0,1.0,deterministic,20.0,0.1,0.95,False,5317.918801292443,531791.8801292443,844118.1730184167,62.99969567384753,312326.29288917244,0.42,0.67,0.2344074817330582,0.024217589590628107,0.6222690000000171,local_ucb_tw_dense,context_noise_refinement
exp4,20261399,100,20,2,0.0,0.45,0.0,dense,1.0,1.0,deterministic,20.0,0.1,0.95,False,6158.52491624102,615852.491624102,815771.4659654568,75.49326218406611,199918.9743413548,0.46,0.7,0.23335816419441702,0.025412754269031015,0.6345285000000445,exp4_dense,context_noise_refinement
tw,20261249,100,20,2,0.0,0.45,0.0,dense,1.0,1.0,deterministic,20.0,0.1,0.95,False,4463.189999634064,446318.9999634064,867124.8630549026,51.471133971526704,420805.8630914962,0.34,0.58,0.24128227918425824,0.024622167775163493,0.6289702089999878,tw_dense,context_noise_refinement
tm_tw,20261569,100,20,2,0.0,0.45,0.0,dense,1.0,1.0,deterministic,20.0,0.1,0.95,False,6698.29610589028,669829.610589028,914495.1445792341,73.24583564598602,244665.53399020608,0.48,0.66,0.22932198119354835,0.02476814095715665,0.6336008330000027,tm_tw_dense,context_noise_refinement
tm_tw_refined,20262397,100,20,2,0.0,0.45,0.0,dense,1.0,1.0,deterministic,20.0,0.1,0.95,False,7940.275042466925,794027.5042466925,838347.824058297,94.71337331120424,44320.31981160445,0.6,0.9,0.23760729928344773,0.027450330696407732,0.632480457999975,tm_tw_refined_dense,context_noise_refinement
tw,20261461,100,20,2,0.0,0.45,0.0,offline,1.0,1.0,deterministic,20.0,0.1,0.95,False,4924.300360784377,492430.03607843764,820163.6592390491,60.04046028268505,327733.62316061143,0.42,0.73,0.16310605809734965,0.018041903653395034,0.6086527089999549,tw_offline,context_noise_refinement
tm_tw,20261781,100,20,2,0.0,0.45,0.0,offline,1.0,1.0,deterministic,20.0,0.1,0.95,False,6215.115740249473,621511.5740249472,925118.0833452685,67.1818641548475,303606.50932032126,0.44,0.68,0.15951827744592156,0.01878192689153585,0.6251126669999962,tm_tw_offline,context_noise_refinement
tm_tw_refined,20262609,100,20,2,0.0,0.45,0.0,offline,1.0,1.0,deterministic,20.0,0.1,0.95,False,7239.653491402725,723965.3491402725,824433.7390822794,87.81364891084593,100468.3899420069,0.58,0.82,0.1498071580263609,0.018597090479290784,0.6315480829999842,tm_tw_refined_offline,context_noise_refinement
tw,20262073,100,20,2,0.0,0.45,0.0,gated_offline,1.0,1.0,deterministic,20.0,0.1,0.95,False,6904.442615835754,690444.2615835754,822165.9920649057,83.97869387050352,131721.7304813303,0.53,0.8,0.15786001582205972,0.019345826298295753,0.6186606669999719,tw_gated_offline,context_noise_refinement
tm_tw,20262393,100,20,2,0.0,0.45,0.0,gated_offline,1.0,1.0,deterministic,20.0,0.1,0.95,False,3993.41249433406,399341.249433406,810657.0178845865,49.261431237034,411315.7684511805,0.26,0.64,0.15482135506846545,0.018826339513305337,0.6257435829999736,tm_tw_gated_offline,context_noise_refinement
tm_tw_refined,20263221,100,20,2,0.0,0.45,0.0,gated_offline,1.0,1.0,deterministic,20.0,0.1,0.95,False,8481.496884254226,848149.6884254226,911107.8867164027,93.08992939158072,62958.19829098007,0.72,0.93,0.16303781707188716,0.01890186421081089,0.6313990419999982,tm_tw_refined_gated_offline,context_noise_refinement
tw,20262353,100,20,2,0.0,0.45,0.0,support_offline,1.0,1.0,deterministic,20.0,0.1,0.95,True,5286.727921221589,528672.7921221589,875223.2759473582,60.404334145468596,346550.4838251993,0.4,0.69,0.09291619947069919,3.0054500278662436e-07,0.617826999999977,tw_support_offline,context_noise_refinement
tm_tw,20262673,100,20,2,0.0,0.45,0.0,support_offline,1.0,1.0,deterministic,20.0,0.1,0.95,True,4051.502003342479,405150.2003342479,834528.3538070195,48.54840443539164,429378.15347277164,0.3,0.59,0.08627706832088196,3.0397911609386625e-07,0.6220775419999995,tm_tw_support_offline,context_noise_refinement
tm_tw_refined,20263501,100,20,2,0.0,0.45,0.0,support_offline,1.0,1.0,deterministic,20.0,0.1,0.95,True,8701.468800739056,870146.8800739056,902081.3259102064,96.45991498559415,31934.445836300845,0.7,0.93,0.08867941984066184,3.0461066666585446e-07,0.6230222920000301,tm_tw_refined_support_offline,context_noise_refinement
oracle,20261645,100,20,2,0.0,0.45,0.0,dense,1.0,1.0,deterministic,20.0,0.1,0.95,False,7476.83247263543,747683.2472635431,747683.2472635431,99.99999999999999,0.0,1.0,1.0,0.22925943572922738,0.025941551236843673,0.020013540999968882,oracle,context_noise_refinement
state_thompson,20262543,100,20,2,0.0,0.45,0.0,dense,1.0,1.0,deterministic,20.0,0.1,0.95,False,4830.188665942189,483018.8665942189,680366.0934930326,70.99396504525623,197347.22689881374,0.4,0.62,0.2374726986426664,0.02686534696877065,0.023013332999994418,state_thompson,context_noise_refinement
global_ucb_tw,20262379,100,20,2,0.0,0.45,0.0,dense,1.0,1.0,deterministic,20.0,0.1,0.95,False,4554.384878739573,455438.4878739573,656314.7730970025,69.3933012851204,200876.2852230452,0.39,0.72,0.23124788031587412,0.025090611124491298,0.6257672090000028,global_ucb_tw_dense,context_noise_refinement
local_ucb_tw,20262277,100,20,2,0.0,0.45,0.0,dense,1.0,1.0,deterministic,20.0,0.1,0.95,False,4036.9567289315896,403695.672893159,695093.5367010288,58.07789190633707,291397.86380786984,0.39,0.61,0.2329785185307581,0.02386064126078391,0.6262533340000118,local_ucb_tw_dense,context_noise_refinement
exp4,20261400,100,20,2,0.0,0.45,0.0,dense,1.0,1.0,deterministic,20.0,0.1,0.95,False,5791.62474615244,579162.474615244,605925.1322982812,95.58317418168048,26762.65768303722,0.6,0.91,0.2521505458644926,0.029047452309934472,0.6384732909999684,exp4_dense,context_noise_refinement
tw,20261250,100,20,2,0.0,0.45,0.0,dense,1.0,1.0,deterministic,20.0,0.1,0.95,False,3584.7576414787054,358475.76414787053,653185.8620955667,54.88112724880479,294710.09794769617,0.26,0.54,0.2395999840560293,0.025534325319632022,0.6214364159999946,tw_dense,context_noise_refinement
tm_tw,20261570,100,20,2,0.0,0.45,0.0,dense,1.0,1.0,deterministic,20.0,0.1,0.95,False,4963.127809951108,496312.7809951108,675063.8448215232,73.52086544144998,178751.06382641237,0.51,0.76,0.23224314593417458,0.025055374408441456,0.6358905420000269,tm_tw_dense,context_noise_refinement
tm_tw_refined,20262398,100,20,2,0.0,0.45,0.0,dense,1.0,1.0,deterministic,20.0,0.1,0.95,False,5834.0809267829245,583408.0926782924,642991.02222711,90.73347410941417,59582.92954881757,0.58,0.8,0.22967395994169162,0.02617421412000584,0.6312517079999793,tm_tw_refined_dense,context_noise_refinement
tw,20261462,100,20,2,0.0,0.45,0.0,offline,1.0,1.0,deterministic,20.0,0.1,0.95,False,4319.777953760038,431977.7953760038,693870.4859801474,62.25625734257895,261892.6906041436,0.39,0.66,0.15567066812930172,0.018150386987303025,0.6103814999999599,tw_offline,context_noise_refinement
tm_tw,20261782,100,20,2,0.0,0.45,0.0,offline,1.0,1.0,deterministic,20.0,0.1,0.95,False,3477.5954037395563,347759.5403739556,646656.5160805453,53.77809265446881,298896.97570658964,0.33,0.66,0.15981832145631372,0.01877777094768103,0.6263377089999835,tm_tw_offline,context_noise_refinement
tm_tw_refined,20262610,100,20,2,0.0,0.45,0.0,offline,1.0,1.0,deterministic,20.0,0.1,0.95,False,5071.8859032063965,507188.59032063966,609655.2806477846,83.19268386910883,102466.69032714493,0.57,0.83,0.1634658923085732,0.019341221356851217,0.6224929589999988,tm_tw_refined_offline,context_noise_refinement
tw,20262074,100,20,2,0.0,0.45,0.0,gated_offline,1.0,1.0,deterministic,20.0,0.1,0.95,False,4826.469597285957,482646.9597285957,673272.6383981473,71.68670345447441,190625.67866955162,0.42,0.77,0.16127605923091567,0.01931572354901171,0.6234981659999903,tw_gated_offline,context_noise_refinement
tm_tw,20262394,100,20,2,0.0,0.45,0.0,gated_offline,1.0,1.0,deterministic,20.0,0.1,0.95,False,5065.7797783751985,506577.97783751984,673572.751524661,75.20761145560873,166994.77368714113,0.51,0.82,0.1649106499408657,0.018760214843624716,0.6332330829999933,tm_tw_gated_offline,context_noise_refinement
tm_tw_refined,20263222,100,20,2,0.0,0.45,0.0,gated_offline,1.0,1.0,deterministic,20.0,0.1,0.95,False,6325.079894116127,632507.9894116127,690262.7044798195,91.63293704072704,57754.71506820677,0.69,0.9,0.16312355249686028,0.019012830359965635,0.6323258749999923,tm_tw_refined_gated_offline,context_noise_refinement
tw,20262354,100,20,2,0.0,0.45,0.0,support_offline,1.0,1.0,deterministic,20.0,0.1,0.95,True,3598.2988102929144,359829.8810292914,631558.5744019453,56.97490234694897,271728.6933726539,0.33,0.64,0.0923082613250412,2.996853349634091e-07,0.6244040420000374,tw_support_offline,context_noise_refinement
tm_tw,20262674,100,20,2,0.0,0.45,0.0,support_offline,1.0,1.0,deterministic,20.0,0.1,0.95,True,2494.0658513746757,249406.58513746757,651762.483533257,38.266483794129165,402355.89839578944,0.15,0.49,0.07941234841273528,2.9534708743329333e-07,0.6381407080000372,tm_tw_support_offline,context_noise_refinement
tm_tw_refined,20263502,100,20,2,0.0,0.45,0.0,support_offline,1.0,1.0,deterministic,20.0,0.1,0.95,True,6735.927553325277,673592.7553325277,676200.4144967891,99.6143659322951,2607.659164261422,0.79,0.95,0.08204845447289263,3.085161514895682e-07,0.6337367090000043,tm_tw_refined_support_offline,context_noise_refinement
oracle,20261646,100,20,2,0.0,0.45,0.0,dense,1.0,1.0,deterministic,20.0,0.1,0.95,False,11238.839916952791,1123883.991695279,1123883.991695279,100.0,0.0,1.0,1.0,0.23757742851504549,0.026183207662522925,0.021599917000003188,oracle,context_noise_refinement
state_thompson,20262544,100,20,2,0.0,0.45,0.0,dense,1.0,1.0,deterministic,20.0,0.1,0.95,False,6020.018345382393,602001.8345382393,938687.3604626835,64.13230431072489,336685.5259244442,0.35,0.53,0.23978123858276806,0.027463373803245414,0.023821624999982305,state_thompson,context_noise_refinement
global_ucb_tw,20262380,100,20,2,0.0,0.45,0.0,dense,1.0,1.0,deterministic,20.0,0.1,0.95,False,6030.172869688762,603017.2869688763,939480.9956931698,64.18621448792126,336463.7087242935,0.43,0.69,0.22677817908702214,0.025140490156538655,0.6437604159999637,global_ucb_tw_dense,context_noise_refinement
local_ucb_tw,20262278,100,20,2,0.0,0.45,0.0,dense,1.0,1.0,deterministic,20.0,0.1,0.95,False,5788.641526389558,578864.1526389557,950669.5060879692,60.89015677183098,371805.35344901343,0.46,0.71,0.2316465447451067,0.025841233817696013,0.636813625000002,local_ucb_tw_dense,context_noise_refinement
exp4,20261401,100,20,2,0.0,0.45,0.0,dense,1.0,1.0,deterministic,20.0,0.1,0.95,False,5498.981642986309,549898.1642986309,844624.4284872761,65.10564290491804,294726.2641886452,0.36,0.67,0.24216013801426153,0.027545201351192792,0.6405387080000082,exp4_dense,context_noise_refinement
tw,20261251,100,20,2,0.0,0.45,0.0,dense,1.0,1.0,deterministic,20.0,0.1,0.95,False,8700.704731118198,870070.4731118197,1089466.2591207398,79.86208529431791,219395.78600892005,0.46,0.69,0.23259120406820208,0.024848528591395927,0.6517294160000233,tw_dense,context_noise_refinement
tm_tw,20261571,100,20,2,0.0,0.45,0.0,dense,1.0,1.0,deterministic,20.0,0.1,0.95,False,6487.203785093425,648720.3785093424,1058244.8382282406,61.301539594131945,409524.4597188982,0.49,0.68,0.23571157191416267,0.02499231771557021,0.6425374169999714,tm_tw_dense,context_noise_refinement
tm_tw_refined,20262399,100,20,2,0.0,0.45,0.0,dense,1.0,1.0,deterministic,20.0,0.1,0.95,False,8751.112442746562,875111.2442746563,987461.9278324206,88.6222769312853,112350.68355776428,0.48,0.73,0.23506352592660834,0.02798481143202969,0.6391716250000172,tm_tw_refined_dense,context_noise_refinement
tw,20261463,100,20,2,0.0,0.45,0.0,offline,1.0,1.0,deterministic,20.0,0.1,0.95,False,4498.646384966074,449864.63849660737,971149.6819464811,46.322894076939924,521285.04344987374,0.36,0.58,0.15755147243178014,0.01826963335863824,0.6078467500000215,tw_offline,context_noise_refinement
tm_tw,20261783,100,20,2,0.0,0.45,0.0,offline,1.0,1.0,deterministic,20.0,0.1,0.95,False,6209.635531451495,620963.5531451495,1031028.2728987217,60.22759699880189,410064.71975357225,0.45,0.77,0.15690531003475994,0.017991165468173018,0.6207601669999576,tm_tw_offline,context_noise_refinement
tm_tw_refined,20262611,100,20,2,0.0,0.45,0.0,offline,1.0,1.0,deterministic,20.0,0.1,0.95,False,8821.73207795452,882173.2077954521,1064066.632555714,82.90582382765037,181893.42476026202,0.57,0.81,0.15705452541860235,0.019085630905844315,0.625346334000028,tm_tw_refined_offline,context_noise_refinement
tw,20262075,100,20,2,0.0,0.45,0.0,gated_offline,1.0,1.0,deterministic,20.0,0.1,0.95,False,4476.609325363211,447660.9325363211,936906.7390210041,47.7807356796358,489245.80648468295,0.25,0.5,0.15557499642346823,0.018610986214390078,0.6344506660000206,tw_gated_offline,context_noise_refinement
tm_tw,20262395,100,20,2,0.0,0.45,0.0,gated_offline,1.0,1.0,deterministic,20.0,0.1,0.95,False,3637.1843369904614,363718.43369904615,802206.1919983844,45.33976891813603,438487.7582993383,0.33,0.52,0.15997170872748492,0.019372821330391934,0.6595427499999573,tm_tw_gated_offline,context_noise_refinement
tm_tw_refined,20263223,100,20,2,0.0,0.45,0.0,gated_offline,1.0,1.0,deterministic,20.0,0.1,0.95,False,9881.160081764656,988116.0081764656,1089665.2765112212,90.68069153677305,101549.26833475556,0.62,0.82,0.16017846265297264,0.01859978321997053,0.6363184580000052,tm_tw_refined_gated_offline,context_noise_refinement
tw,20262355,100,20,2,0.0,0.45,0.0,support_offline,1.0,1.0,deterministic,20.0,0.1,0.95,True,5715.964979907985,571596.4979907986,929014.5884933063,61.52718214229819,357418.09050250775,0.37,0.73,0.07496764364631092,3.0237325876096745e-07,0.6116682919999903,tw_support_offline,context_noise_refinement
tm_tw,20262675,100,20,2,0.0,0.45,0.0,support_offline,1.0,1.0,deterministic,20.0,0.1,0.95,True,7120.640537860071,712064.0537860071,1103211.5108592736,64.54465411001667,391147.4570732665,0.42,0.64,0.08683584303928576,3.0019725015203255e-07,0.6230116670000143,tm_tw_support_offline,context_noise_refinement
tm_tw_refined,20263503,100,20,2,0.0,0.45,0.0,support_offline,1.0,1.0,deterministic,20.0,0.1,0.95,True,8375.779128058823,837577.9128058823,991242.231736741,84.49780346206337,153664.31893085875,0.59,0.85,0.07907028906718992,3.2087002999948176e-07,0.6232604580000043,tm_tw_refined_support_offline,context_noise_refinement
oracle,20261647,100,20,2,0.0,0.45,0.0,dense,1.0,1.0,deterministic,20.0,0.1,0.95,False,7512.038470260251,751203.8470260252,751203.8470260252,100.0,0.0,1.0,1.0,0.2365968688646906,0.02608545615107669,0.020300666000025558,oracle,context_noise_refinement
state_thompson,20262545,100,20,2,0.0,0.45,0.0,dense,1.0,1.0,deterministic,20.0,0.1,0.95,False,5649.5873950750065,564958.7395075007,733630.6493180859,77.00860644694075,168671.9098105852,0.51,0.7,0.22531801583305297,0.025838997783006343,0.022740082999973765,state_thompson,context_noise_refinement
global_ucb_tw,20262381,100,20,2,0.0,0.45,0.0,dense,1.0,1.0,deterministic,20.0,0.1,0.95,False,6112.562624305346,611256.2624305346,824055.1542677566,74.17662024985306,212798.89183722204,0.54,0.76,0.23523426353311272,0.025134361754903838,0.6266945000000419,global_ucb_tw_dense,context_noise_refinement
local_ucb_tw,20262279,100,20,2,0.0,0.45,0.0,dense,1.0,1.0,deterministic,20.0,0.1,0.95,False,5616.8687596015925,561686.8759601592,710327.9623930758,79.07430168845546,148641.08643291658,0.5,0.72,0.24665521743624774,0.02645669760577036,0.6265593749999994,local_ucb_tw_dense,context_noise_refinement
exp4,20261402,100,20,2,0.0,0.45,0.0,dense,1.0,1.0,deterministic,20.0,0.1,0.95,False,7351.970604748603,735197.0604748604,800413.3986052795,91.852168111621,65216.33813041914,0.68,0.79,0.2411727943519089,0.02726006035492483,0.63409658300003,exp4_dense,context_noise_refinement
tw,20261252,100,20,2,0.0,0.45,0.0,dense,1.0,1.0,deterministic,20.0,0.1,0.95,False,5694.443092439313,569444.3092439313,747364.8425176829,76.19361747411313,177920.53327375161,0.49,0.66,0.2310348288790548,0.02527969834888522,0.6149642919999678,tw_dense,context_noise_refinement
tm_tw,20261572,100,20,2,0.0,0.45,0.0,dense,1.0,1.0,deterministic,20.0,0.1,0.95,False,3710.4339151410677,371043.39151410677,734554.5495971185,50.51270756101274,363511.15808301175,0.37,0.57,0.22827589685114988,0.023151018026196343,0.6290617920000159,tm_tw_dense,context_noise_refinement
tm_tw_refined,20262400,100,20,2,0.0,0.45,0.0,dense,1.0,1.0,deterministic,20.0,0.1,0.95,False,7348.13753454259,734813.753454259,795734.7755762675,92.34405432665805,60921.02212200849,0.7,0.86,0.2466865135623064,0.028890190923357827,0.6289904590000219,tm_tw_refined_dense,context_noise_refinement
tw,20261464,100,20,2,0.0,0.45,0.0,offline,1.0,1.0,deterministic,20.0,0.1,0.95,False,4547.603703120514,454760.3703120514,759058.856482244,59.91108152266045,304298.4861701926,0.46,0.72,0.15039775643614894,0.01803045298799581,0.611581000000001,tw_offline,context_noise_refinement
tm_tw,20261784,100,20,2,0.0,0.45,0.0,offline,1.0,1.0,deterministic,20.0,0.1,0.95,False,3326.660210500466,332666.0210500466,739105.8067570517,45.009255509664236,406439.7857070051,0.32,0.73,0.15497053245546857,0.01856859331751754,0.6311214170000312,tm_tw_offline,context_noise_refinement
tm_tw_refined,20262612,100,20,2,0.0,0.45,0.0,offline,1.0,1.0,deterministic,20.0,0.1,0.95,False,6728.578954189431,672857.8954189431,731832.1782564627,91.9415564674921,58974.28283751954,0.71,0.86,0.16039660696032182,0.018977897410605196,0.6368449579999833,tm_tw_refined_offline,context_noise_refinement
tw,20262076,100,20,2,0.0,0.45,0.0,gated_offline,1.0,1.0,deterministic,20.0,0.1,0.95,False,6662.678669618123,666267.8669618124,800170.4180578719,83.26574588684994,133902.5510960595,0.61,0.83,0.15900892899167765,0.018650093842996526,0.627408833000004,tw_gated_offline,context_noise_refinement
tm_tw,20262396,100,20,2,0.0,0.45,0.0,gated_offline,1.0,1.0,deterministic,20.0,0.1,0.95,False,5833.986866388864,583398.6866388863,735496.0759511578,79.32043497097165,152097.3893122715,0.57,0.72,0.1596559843600172,0.01952563292136423,0.6377576670000167,tm_tw_gated_offline,context_noise_refinement
tm_tw_refined,20263224,100,20,2,0.0,0.45,0.0,gated_offline,1.0,1.0,deterministic,20.0,0.1,0.95,False,6799.964562425625,679996.4562425625,727647.9610194613,93.451296872991,47651.50477689877,0.74,0.86,0.15515387077410117,0.018719611658614653,0.6424964159999718,tm_tw_refined_gated_offline,context_noise_refinement
tw,20262356,100,20,2,0.0,0.45,0.0,support_offline,1.0,1.0,deterministic,20.0,0.1,0.95,True,4508.434909654431,450843.4909654431,725410.4519098811,62.1501233926875,274566.960944438,0.39,0.66,0.0925061202030696,2.988298994731651e-07,0.62724750000001,tw_support_offline,context_noise_refinement
tm_tw,20262676,100,20,2,0.0,0.45,0.0,support_offline,1.0,1.0,deterministic,20.0,0.1,0.95,True,5330.596442453032,533059.6442453032,742344.3842025048,71.80759437117119,209284.73995720153,0.52,0.71,0.08034771462338694,3.0945457263916214e-07,0.637676875000011,tm_tw_support_offline,context_noise_refinement
tm_tw_refined,20263504,100,20,2,0.0,0.45,0.0,support_offline,1.0,1.0,deterministic,20.0,0.1,0.95,True,7186.75583749254,718675.583749254,760712.4684276712,94.47401134816366,42036.884678417235,0.83,0.89,0.085287271281068,3.1740751585357815e-07,0.6351302909999959,tm_tw_refined_support_offline,context_noise_refinement
oracle,20261648,100,20,2,0.0,0.45,0.0,dense,1.0,1.0,deterministic,20.0,0.1,0.95,False,14157.63980269016,1415763.980269016,1415763.980269016,100.0,0.0,1.0,1.0,0.23036749243076832,0.025725952720603216,0.020800791999988633,oracle,context_noise_refinement
state_thompson,20262546,100,20,2,0.0,0.45,0.0,dense,1.0,1.0,deterministic,20.0,0.1,0.95,False,8168.182783384076,816818.2783384076,1257552.054339919,64.95303916203693,440733.7760015114,0.29,0.44,0.22834773936942981,0.024906782827253584,0.02297554200004015,state_thompson,context_noise_refinement
global_ucb_tw,20262382,100,20,2,0.0,0.45,0.0,dense,1.0,1.0,deterministic,20.0,0.1,0.95,False,6316.128412386938,631612.8412386938,1193815.9622860167,52.9070527779868,562203.1210473229,0.32,0.5,0.22023938442414526,0.02447572422822066,0.6357079160000012,global_ucb_tw_dense,context_noise_refinement
local_ucb_tw,20262280,100,20,2,0.0,0.45,0.0,dense,1.0,1.0,deterministic,20.0,0.1,0.95,False,6095.173006516889,609517.3006516888,1168872.6288073696,52.14574160005738,559355.3281556808,0.3,0.61,0.22378732989923994,0.02441676290107103,0.639716916999987,local_ucb_tw_dense,context_noise_refinement
exp4,20261403,100,20,2,0.0,0.45,0.0,dense,1.0,1.0,deterministic,20.0,0.1,0.95,False,5589.218134697876,558921.8134697876,1212824.3110225801,46.08431809868146,653902.4975527925,0.29,0.56,0.22291565316584822,0.024447214142649235,0.6480193750000467,exp4_dense,context_noise_refinement
tw,20261253,100,20,2,0.0,0.45,0.0,dense,1.0,1.0,deterministic,20.0,0.1,0.95,False,5019.518582708626,501951.8582708626,1072302.7394400474,46.8106477591375,570350.8811691848,0.33,0.58,0.23050801508240826,0.024413473948780653,0.6262788750000254,tw_dense,context_noise_refinement
tm_tw,20261573,100,20,2,0.0,0.45,0.0,dense,1.0,1.0,deterministic,20.0,0.1,0.95,False,4298.5067816419805,429850.67816419806,927204.4950808652,46.359857015868876,497353.81691666716,0.25,0.57,0.23831894772107495,0.02611771965552279,0.6358343750000017,tm_tw_dense,context_noise_refinement
tm_tw_refined,20262401,100,20,2,0.0,0.45,0.0,dense,1.0,1.0,deterministic,20.0,0.1,0.95,False,8201.576520341667,820157.6520341666,1214351.1048421897,67.5387578406123,394193.4528080231,0.45,0.84,0.23165621407064654,0.025935343345828366,0.6391523340000163,tm_tw_refined_dense,context_noise_refinement
tw,20261465,100,20,2,0.0,0.45,0.0,offline,1.0,1.0,deterministic,20.0,0.1,0.95,False,7602.156459388576,760215.6459388576,1270090.6948397374,59.85522522348557,509875.0489008798,0.25,0.58,0.15632865780051108,0.01826118346281668,0.6259463750000123,tw_offline,context_noise_refinement
tm_tw,20261785,100,20,2,0.0,0.45,0.0,offline,1.0,1.0,deterministic,20.0,0.1,0.95,False,8490.434594064975,849043.4594064975,1122595.9594494845,75.6321499520508,273552.50004298694,0.44,0.6,0.1545531900298924,0.018120764281648275,0.6335782080000172,tm_tw_offline,context_noise_refinement
tm_tw_refined,20262613,100,20,2,0.0,0.45,0.0,offline,1.0,1.0,deterministic,20.0,0.1,0.95,False,5157.201970141547,515720.19701415463,1065170.1873516347,48.41669464073207,549449.9903374801,0.39,0.74,0.157744815378878,0.018701189483897922,0.6327561669999682,tm_tw_refined_offline,context_noise_refinement
tw,20262077,100,20,2,0.0,0.45,0.0,gated_offline,1.0,1.0,deterministic,20.0,0.1,0.95,False,5671.08573231088,567108.573231088,1093186.8645814855,51.876636246283404,526078.2913503975,0.43,0.73,0.1605480789458835,0.018998605231317252,0.6338744170000155,tw_gated_offline,context_noise_refinement
tm_tw,20262397,100,20,2,0.0,0.45,0.0,gated_offline,1.0,1.0,deterministic,20.0,0.1,0.95,False,5603.955139887132,560395.5139887132,1076463.767491014,52.05892951649125,516068.2535023008,0.28,0.45,0.16077382048703354,0.019414164295852313,0.6399746660000005,tm_tw_gated_offline,context_noise_refinement
tm_tw_refined,20263225,100,20,2,0.0,0.45,0.0,gated_offline,1.0,1.0,deterministic,20.0,0.1,0.95,False,6470.015164360508,647001.5164360508,963228.2123281903,67.17011692091147,316226.69589213957,0.38,0.71,0.15728063079853485,0.019084887073235083,0.6426092500000209,tm_tw_refined_gated_offline,context_noise_refinement
tw,20262357,100,20,2,0.0,0.45,0.0,support_offline,1.0,1.0,deterministic,20.0,0.1,0.95,True,5904.829563485172,590482.9563485172,1273765.1295968448,46.35728696195421,683282.1732483276,0.33,0.49,0.09413400954451044,2.9278776915889843e-07,0.6280920830000127,tw_support_offline,context_noise_refinement
tm_tw,20262677,100,20,2,0.0,0.45,0.0,support_offline,1.0,1.0,deterministic,20.0,0.1,0.95,True,6594.085553622972,659408.5553622972,1112480.3676408993,59.27372514093207,453071.81227860204,0.38,0.61,0.08673748710919221,3.1039621733854447e-07,0.6363126669999701,tm_tw_support_offline,context_noise_refinement
tm_tw_refined,20263505,100,20,2,0.0,0.45,0.0,support_offline,1.0,1.0,deterministic,20.0,0.1,0.95,True,7640.776463093264,764077.6463093264,1146845.2351155083,66.62430316784372,382767.5888061819,0.38,0.72,0.08462369788340057,3.0205971113770665e-07,0.6366578340000046,tm_tw_refined_support_offline,context_noise_refinement
oracle,20261649,100,20,2,0.0,0.45,0.0,dense,1.0,1.0,deterministic,20.0,0.1,0.95,False,7271.445600516096,727144.5600516096,727144.5600516096,99.99999999999999,0.0,1.0,1.0,0.23242324099833808,0.026271611056561128,0.020656333000033555,oracle,context_noise_refinement
state_thompson,20262547,100,20,2,0.0,0.45,0.0,dense,1.0,1.0,deterministic,20.0,0.1,0.95,False,4441.154681303487,444115.4681303488,666744.872178446,66.60950637374933,222629.40404809726,0.43,0.77,0.22871877059787482,0.025932341552883636,0.022937624999997297,state_thompson,context_noise_refinement
global_ucb_tw,20262383,100,20,2,0.0,0.45,0.0,dense,1.0,1.0,deterministic,20.0,0.1,0.95,False,3661.5099665916373,366150.99665916373,673221.3579921304,54.38790559931164,307070.3613329667,0.42,0.6,0.23867027709395983,0.025266990775906606,0.6356752499999629,global_ucb_tw_dense,context_noise_refinement
local_ucb_tw,20262281,100,20,2,0.0,0.45,0.0,dense,1.0,1.0,deterministic,20.0,0.1,0.95,False,4968.552268762261,496855.226876226,681106.4768089053,72.94824580204752,184251.24993267923,0.52,0.83,0.22658107876460912,0.02603085316173761,0.640122582999993,local_ucb_tw_dense,context_noise_refinement
exp4,20261404,100,20,2,0.0,0.45,0.0,dense,1.0,1.0,deterministic,20.0,0.1,0.95,False,6029.977508195131,602997.7508195131,673032.7166207845,89.5941216419748,70034.96580127138,0.62,0.83,0.23430590552368943,0.027279890817693952,0.6469577910000339,exp4_dense,context_noise_refinement
tw,20261254,100,20,2,0.0,0.45,0.0,dense,1.0,1.0,deterministic,20.0,0.1,0.95,False,5299.571887476956,529957.1887476956,703755.149962171,75.30420044189837,173797.96121447533,0.51,0.7,0.2378707608227987,0.02634319401473467,0.6286573749999889,tw_dense,context_noise_refinement
tm_tw,20261574,100,20,2,0.0,0.45,0.0,dense,1.0,1.0,deterministic,20.0,0.1,0.95,False,5004.075315327075,500407.5315327075,673358.8075967964,74.315138658192,172951.27606408892,0.46,0.74,0.22723294872936303,0.025378048366279465,0.6424890000000119,tm_tw_dense,context_noise_refinement
tm_tw_refined,20262402,100,20,2,0.0,0.45,0.0,dense,1.0,1.0,deterministic,20.0,0.1,0.95,False,6168.117287653462,616811.7287653462,663287.1366086481,92.99316913020081,46475.40784330189,0.6,0.8,0.24625368021437205,0.027713825641785695,0.6361619999999562,tm_tw_refined_dense,context_noise_refinement
tw,20261466,100,20,2,0.0,0.45,0.0,offline,1.0,1.0,deterministic,20.0,0.1,0.95,False,4373.512414261175,437351.2414261175,649811.2212204267,67.30435350203975,212459.97979430924,0.43,0.64,0.1540950842548552,0.018836888215820045,0.62445145800001,tw_offline,context_noise_refinement
tm_tw,20261786,100,20,2,0.0,0.45,0.0,offline,1.0,1.0,deterministic,20.0,0.1,0.95,False,3857.389713739914,385738.9713739914,699987.8387685659,55.10652471514246,314248.8673945745,0.33,0.65,0.15837304744297223,0.01882362810499233,0.6354325830000107,tm_tw_offline,context_noise_refinement
tm_tw_refined,20262614,100,20,2,0.0,0.45,0.0,offline,1.0,1.0,deterministic,20.0,0.1,0.95,False,6080.721025086574,608072.1025086574,683535.6152918296,88.95982724309782,75463.51278317219,0.67,0.89,0.16454849030778929,0.018952648276929954,0.636769500000014,tm_tw_refined_offline,context_noise_refinement
tw,20262078,100,20,2,0.0,0.45,0.0,gated_offline,1.0,1.0,deterministic,20.0,0.1,0.95,False,5349.40485550271,534940.485550271,667088.4973064276,80.19033272350755,132148.01175615657,0.54,0.86,0.15739633912234308,0.018923548592069978,0.6297782920000259,tw_gated_offline,context_noise_refinement
tm_tw,20262398,100,20,2,0.0,0.45,0.0,gated_offline,1.0,1.0,deterministic,20.0,0.1,0.95,False,5215.530286161173,521553.02861611726,685245.0187372561,76.11190367749272,163691.9901211388,0.59,0.81,0.15773633727147612,0.01882919364033984,0.6398306670000125,tm_tw_gated_offline,context_noise_refinement
tm_tw_refined,20263226,100,20,2,0.0,0.45,0.0,gated_offline,1.0,1.0,deterministic,20.0,0.1,0.95,False,6481.588987022847,648158.8987022847,708015.286087002,91.54589052511473,59856.38738471735,0.65,0.84,0.15787735010293083,0.01874061728904936,0.6371858750000001,tm_tw_refined_gated_offline,context_noise_refinement
tw,20262358,100,20,2,0.0,0.45,0.0,support_offline,1.0,1.0,deterministic,20.0,0.1,0.95,True,3944.5483036192936,394454.8303619294,681723.7441032736,57.86138942260075,287268.91374134424,0.33,0.63,0.08349669603549442,3.184892532581586e-07,0.6253110000000106,tw_support_offline,context_noise_refinement
tm_tw,20262678,100,20,2,0.0,0.45,0.0,support_offline,1.0,1.0,deterministic,20.0,0.1,0.95,True,6049.8125159312585,604981.2515931259,707396.5580977318,85.52222154147708,102415.30650460592,0.6,0.73,0.09286147389179332,3.155737711757019e-07,0.6580109999999877,tm_tw_support_offline,context_noise_refinement
tm_tw_refined,20263506,100,20,2,0.0,0.45,0.0,support_offline,1.0,1.0,deterministic,20.0,0.1,0.95,True,6181.976490323298,618197.6490323298,650789.7617664668,94.99191372561381,32592.112734136987,0.66,0.9,0.08318524737127643,2.9719932854108664e-07,0.6322858330000258,tm_tw_refined_support_offline,context_noise_refinement
oracle,20261640,100,20,2,0.0,0.45,0.1,dense,1.0,1.0,deterministic,20.0,0.1,0.95,False,9497.732574400015,949773.2574400016,963223.6801285094,98.60360340323928,13450.422688507824,0.94,1.0,0.2451350125086768,0.029848081384457985,0.023675874999980806,oracle,context_noise_refinement
state_thompson,20262538,100,20,2,0.0,0.45,0.1,dense,1.0,1.0,deterministic,20.0,0.1,0.95,False,3918.5321655864745,391853.21655864746,890135.2518021028,44.02176138573661,498282.0352434553,0.28,0.65,0.24713308180067653,0.030135834089828385,0.026707041999998182,state_thompson,context_noise_refinement
global_ucb_tw,20262374,100,20,2,0.0,0.45,0.1,dense,1.0,1.0,deterministic,20.0,0.1,0.95,False,3653.9748377164915,365397.48377164913,907617.5416105764,40.25897109957214,542220.0578389273,0.36,0.59,0.25673849004667115,0.03014323162967956,0.6404262500000186,global_ucb_tw_dense,context_noise_refinement
local_ucb_tw,20262272,100,20,2,0.0,0.45,0.1,dense,1.0,1.0,deterministic,20.0,0.1,0.95,False,6957.028007949786,695702.8007949786,911812.6482832496,76.2988758825445,216109.84748827096,0.44,0.69,0.24426431710294214,0.03080119515925507,0.6390542080000046,local_ucb_tw_dense,context_noise_refinement
exp4,20261395,100,20,2,0.0,0.45,0.1,dense,1.0,1.0,deterministic,20.0,0.1,0.95,False,7615.773284588608,761577.3284588607,923301.7319382519,82.4841221579982,161724.40347939113,0.46,0.75,0.2485183155604285,0.03086523889804917,0.6493096670000114,exp4_dense,context_noise_refinement
tw,20261245,100,20,2,0.0,0.45,0.1,dense,1.0,1.0,deterministic,20.0,0.1,0.95,False,2505.1270320421663,250512.7032042166,845852.5437260219,29.616592757491265,595339.8405218052,0.18,0.5,0.24791399255897711,0.02982435214175585,0.6311628749999727,tw_dense,context_noise_refinement
tm_tw,20261565,100,20,2,0.0,0.45,0.1,dense,1.0,1.0,deterministic,20.0,0.1,0.95,False,6481.67748390947,648167.748390947,1004689.4142384923,64.51424083951635,356521.66584754526,0.48,0.68,0.2543411469174374,0.0302325516455331,0.6382907919999639,tm_tw_dense,context_noise_refinement
tm_tw_refined,20262393,100,20,2,0.0,0.45,0.1,dense,1.0,1.0,deterministic,20.0,0.1,0.95,False,7751.695075212479,775169.507521248,881851.437223635,87.90250543353905,106681.92970238707,0.53,0.77,0.2494792171846526,0.031729990448606714,0.6416929999999752,tm_tw_refined_dense,context_noise_refinement
tw,20261457,100,20,2,0.0,0.45,0.1,offline,1.0,1.0,deterministic,20.0,0.1,0.95,False,4276.43817476495,427643.81747649505,831786.8517420976,51.41266859181967,404143.0342656026,0.41,0.61,0.17598655970067528,0.021602534131572645,0.6253001250000239,tw_offline,context_noise_refinement
tm_tw,20261777,100,20,2,0.0,0.45,0.1,offline,1.0,1.0,deterministic,20.0,0.1,0.95,False,1714.9312026465338,171493.12026465338,794222.0167236782,21.592592077980434,622728.8964590249,0.15,0.41,0.17366986146721122,0.02209018772913352,0.6322301250000351,tm_tw_offline,context_noise_refinement
tm_tw_refined,20262605,100,20,2,0.0,0.45,0.1,offline,1.0,1.0,deterministic,20.0,0.1,0.95,False,7541.475529487569,754147.5529487568,903149.7775671268,83.50193640973406,149002.22461836995,0.52,0.78,0.1714765113131517,0.021876392577339133,0.6402978749999875,tm_tw_refined_offline,context_noise_refinement
tw,20262069,100,20,2,0.0,0.45,0.1,gated_offline,1.0,1.0,deterministic,20.0,0.1,0.95,False,8085.981116250179,808598.111625018,955052.2532049641,84.66532683541918,146454.14157994615,0.62,0.81,0.17483671780290605,0.022688724316116682,0.6310954169999832,tw_gated_offline,context_noise_refinement
tm_tw,20262389,100,20,2,0.0,0.45,0.1,gated_offline,1.0,1.0,deterministic,20.0,0.1,0.95,False,3424.768609051472,342476.8609051472,743494.9224947126,46.06310689466514,401018.0615895654,0.28,0.57,0.1732503459125103,0.021169211411080358,0.662751500000013,tm_tw_gated_offline,context_noise_refinement
tm_tw_refined,20263217,100,20,2,0.0,0.45,0.1,gated_offline,1.0,1.0,deterministic,20.0,0.1,0.95,False,8009.591175144749,800959.1175144749,914377.0337874289,87.59615431249763,113417.91627295397,0.55,0.82,0.1707546786591097,0.022372164050208768,0.6609497919999967,tm_tw_refined_gated_offline,context_noise_refinement
tw,20262349,100,20,2,0.0,0.45,0.1,support_offline,1.0,1.0,deterministic,20.0,0.1,0.95,True,4942.842852207835,494284.28522078344,779643.8971063218,63.39872434778731,285359.6118855383,0.4,0.69,0.08355060486421297,0.0038320397499330833,0.6269037910000179,tw_support_offline,context_noise_refinement
tm_tw,20262669,100,20,2,0.0,0.45,0.1,support_offline,1.0,1.0,deterministic,20.0,0.1,0.95,True,5346.391240676042,534639.1240676042,853074.1228474586,62.672059759947146,318434.9987798544,0.48,0.69,0.09420491784027685,0.004043585596296172,0.6352085409999972,tm_tw_support_offline,context_noise_refinement
tm_tw_refined,20263497,100,20,2,0.0,0.45,0.1,support_offline,1.0,1.0,deterministic,20.0,0.1,0.95,True,5675.544909628254,567554.4909628254,832044.4841754212,68.21203694719368,264489.9932125958,0.31,0.72,0.09396994597386274,0.0037027229702964095,0.6375073749999842,tm_tw_refined_support_offline,context_noise_refinement
oracle,20261641,100,20,2,0.0,0.45,0.1,dense,1.0,1.0,deterministic,20.0,0.1,0.95,False,8964.534128908326,896453.4128908326,957264.2626870102,93.64743340303089,60810.84979617759,0.89,0.96,0.24276066894343107,0.02998510219373272,0.02396233300004269,oracle,context_noise_refinement
state_thompson,20262539,100,20,2,0.0,0.45,0.1,dense,1.0,1.0,deterministic,20.0,0.1,0.95,False,4409.1902170944395,440919.02170944394,1001574.7991858501,44.0225754549589,560655.7774764062,0.26,0.55,0.2590571161302062,0.03145454846310766,0.026350665999984813,state_thompson,context_noise_refinement
global_ucb_tw,20262375,100,20,2,0.0,0.45,0.1,dense,1.0,1.0,deterministic,20.0,0.1,0.95,False,6251.905307600299,625190.5307600299,1043667.099897111,59.903251795679274,418476.56913708104,0.45,0.65,0.24510049184941088,0.029779260919774467,0.6412670420000381,global_ucb_tw_dense,context_noise_refinement
local_ucb_tw,20262273,100,20,2,0.0,0.45,0.1,dense,1.0,1.0,deterministic,20.0,0.1,0.95,False,6249.307473497995,624930.7473497995,908460.0389473389,68.79011960437207,283529.29159753944,0.44,0.7,0.2612391898119315,0.031648091288961476,0.6413943329999938,local_ucb_tw_dense,context_noise_refinement
exp4,20261396,100,20,2,0.0,0.45,0.1,dense,1.0,1.0,deterministic,20.0,0.1,0.95,False,5296.714554221555,529671.4554221554,803045.0618567186,65.95787466739453,273373.6064345632,0.45,0.77,0.25633030369881976,0.03287248889959304,0.6464159999999879,exp4_dense,context_noise_refinement
tw,20261246,100,20,2,0.0,0.45,0.1,dense,1.0,1.0,deterministic,20.0,0.1,0.95,False,3625.66468708266,362566.468708266,1039546.2585620485,34.87737709813758,676979.7898537826,0.41,0.61,0.24927997497902765,0.02892771303826938,0.6304427499999861,tw_dense,context_noise_refinement
tm_tw,20261566,100,20,2,0.0,0.45,0.1,dense,1.0,1.0,deterministic,20.0,0.1,0.95,False,5301.970323596874,530197.0323596874,936297.6799674513,56.62697277837095,406100.6476077639,0.36,0.58,0.26134652880073383,0.031165066705366274,0.6418671249999761,tm_tw_dense,context_noise_refinement
tm_tw_refined,20262394,100,20,2,0.0,0.45,0.1,dense,1.0,1.0,deterministic,20.0,0.1,0.95,False,5372.778462361759,537277.8462361759,958072.3740159743,56.07904588502597,420794.5277797985,0.39,0.63,0.2502122653283554,0.031327178448433794,0.6418320839999865,tm_tw_refined_dense,context_noise_refinement
tw,20261458,100,20,2,0.0,0.45,0.1,offline,1.0,1.0,deterministic,20.0,0.1,0.95,False,7903.517709841918,790351.7709841918,1041990.6619041378,75.85017792193068,251638.89091994602,0.58,0.72,0.17281202146567282,0.022068815230386347,0.6235163329999978,tw_offline,context_noise_refinement
tm_tw,20261778,100,20,2,0.0,0.45,0.1,offline,1.0,1.0,deterministic,20.0,0.1,0.95,False,6688.954457634607,668895.4457634607,971868.5791325163,68.82570957901659,302973.1333690556,0.49,0.78,0.17106854294745033,0.022713874464129657,0.6437946669999519,tm_tw_offline,context_noise_refinement
tm_tw_refined,20262606,100,20,2,0.0,0.45,0.1,offline,1.0,1.0,deterministic,20.0,0.1,0.95,False,5406.2855848239815,540628.5584823982,799492.5181553449,67.62146564295323,258863.95967294672,0.38,0.58,0.1774681805579476,0.022450314828207245,0.6388404580000042,tm_tw_refined_offline,context_noise_refinement
tw,20262070,100,20,2,0.0,0.45,0.1,gated_offline,1.0,1.0,deterministic,20.0,0.1,0.95,False,6979.982483969853,697998.2483969853,1017711.0922236692,68.5851076725399,319712.8438266838,0.49,0.79,0.17438818768096664,0.022316701430199985,0.6332011250000278,tw_gated_offline,context_noise_refinement
tm_tw,20262390,100,20,2,0.0,0.45,0.1,gated_offline,1.0,1.0,deterministic,20.0,0.1,0.95,False,6501.464556690217,650146.4556690217,920590.9032009258,70.62273300859702,270444.4475319041,0.58,0.75,0.18013333396207207,0.023604766739074905,0.6297054579999894,tm_tw_gated_offline,context_noise_refinement
tm_tw_refined,20263218,100,20,2,0.0,0.45,0.1,gated_offline,1.0,1.0,deterministic,20.0,0.1,0.95,False,5464.6652280076905,546466.5228007691,891406.04215619,61.30388363522204,344939.51935542095,0.4,0.72,0.17405161859237547,0.023104514339753645,0.6313177920000044,tm_tw_refined_gated_offline,context_noise_refinement
tw,20262350,100,20,2,0.0,0.45,0.1,support_offline,1.0,1.0,deterministic,20.0,0.1,0.95,True,6803.471223591525,680347.1223591525,916740.1748669536,74.21373481945321,236393.0525078011,0.55,0.76,0.08354273885364276,0.0035952609898014143,0.6149977910000075,tw_support_offline,context_noise_refinement
tm_tw,20262670,100,20,2,0.0,0.45,0.1,support_offline,1.0,1.0,deterministic,20.0,0.1,0.95,True,4946.721875064325,494672.1875064325,881139.8102247142,56.14003382508366,386467.6227182817,0.42,0.67,0.08976120807031725,0.0033959507878909964,0.6249663749999854,tm_tw_support_offline,context_noise_refinement
tm_tw_refined,20263498,100,20,2,0.0,0.45,0.1,support_offline,1.0,1.0,deterministic,20.0,0.1,0.95,True,5929.880934138383,592988.0934138383,894347.6162165796,66.30398322325684,301359.52280274127,0.37,0.69,0.0904079987703621,0.004142167577100334,0.6625900839999872,tm_tw_refined_support_offline,context_noise_refinement
oracle,20261642,100,20,2,0.0,0.45,0.1,dense,1.0,1.0,deterministic,20.0,0.1,0.95,False,14657.188281226396,1465718.8281226396,1534029.5289932948,95.54697614488008,68310.70087065524,0.84,0.96,0.2604798368452242,0.031898251415726456,0.023763499999972737,oracle,context_noise_refinement
state_thompson,20262540,100,20,2,0.0,0.45,0.1,dense,1.0,1.0,deterministic,20.0,0.1,0.95,False,6380.898137993555,638089.8137993555,1240932.4523922936,51.42018911418052,602842.6385929381,0.3,0.56,0.24562490684223626,0.03027750194012676,0.026772417000017867,state_thompson,context_noise_refinement
global_ucb_tw,20262376,100,20,2,0.0,0.45,0.1,dense,1.0,1.0,deterministic,20.0,0.1,0.95,False,11621.157138519253,1162115.7138519252,1467940.0031959114,79.16643127933268,305824.2893439862,0.43,0.64,0.2524487542440292,0.0313779490441402,0.6382384999999999,global_ucb_tw_dense,context_noise_refinement
local_ucb_tw,20262274,100,20,2,0.0,0.45,0.1,dense,1.0,1.0,deterministic,20.0,0.1,0.95,False,11563.637567743377,1156363.7567743377,1399035.245800502,82.65436916227853,242671.48902616417,0.48,0.7,0.26024086423807524,0.0301328434602329,0.6313431250000008,local_ucb_tw_dense,context_noise_refinement
exp4,20261397,100,20,2,0.0,0.45,0.1,dense,1.0,1.0,deterministic,20.0,0.1,0.95,False,14269.088340723589,1426908.834072359,1652504.2301522342,86.34827118965421,225595.3960798753,0.58,0.8,0.264710475942573,0.03394437857276659,0.6368230830000243,exp4_dense,context_noise_refinement
tw,20261247,100,20,2,0.0,0.45,0.1,dense,1.0,1.0,deterministic,20.0,0.1,0.95,False,4436.293242532796,443629.32425327966,1058679.7538314299,41.904015132787485,615050.4295781502,0.25,0.49,0.24316520623762286,0.029178772645962373,0.6179890839999871,tw_dense,context_noise_refinement
tm_tw,20261567,100,20,2,0.0,0.45,0.1,dense,1.0,1.0,deterministic,20.0,0.1,0.95,False,6830.394581614531,683039.458161453,1213745.4063461828,56.27534856899285,530705.9481847298,0.4,0.61,0.25504084136344707,0.03145783028985597,0.63971650000002,tm_tw_dense,context_noise_refinement
tm_tw_refined,20262395,100,20,2,0.0,0.45,0.1,dense,1.0,1.0,deterministic,20.0,0.1,0.95,False,10763.857553053806,1076385.7553053806,1403869.3529199965,76.67278675658372,327483.5976146159,0.36,0.66,0.25099867642507206,0.031147842132506893,0.6431952080000087,tm_tw_refined_dense,context_noise_refinement
tw,20261459,100,20,2,0.0,0.45,0.1,offline,1.0,1.0,deterministic,20.0,0.1,0.95,False,3789.6377802358743,378963.7780235874,1302554.817784273,29.09388325538793,923591.0397606856,0.24,0.58,0.17052216341541626,0.021254892373887054,0.6271191249999788,tw_offline,context_noise_refinement
tm_tw,20261779,100,20,2,0.0,0.45,0.1,offline,1.0,1.0,deterministic,20.0,0.1,0.95,False,11007.286900327734,1100728.6900327734,1509873.675673079,72.90203861207695,409144.98564030556,0.5,0.69,0.17679876008327794,0.021954937993455173,0.6355431659999908,tm_tw_offline,context_noise_refinement
tm_tw_refined,20262607,100,20,2,0.0,0.45,0.1,offline,1.0,1.0,deterministic,20.0,0.1,0.95,False,11400.605227293712,1140060.5227293712,1464663.8088330913,77.8376932545132,324603.2861037201,0.47,0.76,0.18017087468975362,0.0228432815906063,0.6429691249999792,tm_tw_refined_offline,context_noise_refinement
tw,20262071,100,20,2,0.0,0.45,0.1,gated_offline,1.0,1.0,deterministic,20.0,0.1,0.95,False,5159.635888948469,515963.5888948469,1207648.6763260071,42.72464326831767,691685.0874311603,0.32,0.66,0.17718039924725162,0.022769611788350047,0.6344714589999967,tw_gated_offline,context_noise_refinement
tm_tw,20262391,100,20,2,0.0,0.45,0.1,gated_offline,1.0,1.0,deterministic,20.0,0.1,0.95,False,3616.4203845495344,361642.03845495346,1245281.8868155784,29.040977973247536,883639.848360625,0.15,0.58,0.1710620555730723,0.022638862700853378,0.640213790999951,tm_tw_gated_offline,context_noise_refinement
tm_tw_refined,20263219,100,20,2,0.0,0.45,0.1,gated_offline,1.0,1.0,deterministic,20.0,0.1,0.95,False,7399.816853686723,739981.6853686724,1242762.5433361593,59.54328840505712,502780.85796748695,0.38,0.78,0.17498019565476197,0.022645748997227558,0.6485568330000433,tm_tw_refined_gated_offline,context_noise_refinement
tw,20262351,100,20,2,0.0,0.45,0.1,support_offline,1.0,1.0,deterministic,20.0,0.1,0.95,True,12908.191246023136,1290819.1246023136,1535352.0794897994,84.07316744125917,244532.95488748583,0.53,0.68,0.09257424999752596,0.0041238594203690665,0.6247451670000146,tw_support_offline,context_noise_refinement
tm_tw,20262671,100,20,2,0.0,0.45,0.1,support_offline,1.0,1.0,deterministic,20.0,0.1,0.95,True,14176.79285356354,1417679.285356354,1684780.8330401888,84.14621400922222,267101.5476838348,0.56,0.71,0.08501931495913045,0.0035521079058187465,0.6371568750000165,tm_tw_support_offline,context_noise_refinement
tm_tw_refined,20263499,100,20,2,0.0,0.45,0.1,support_offline,1.0,1.0,deterministic,20.0,0.1,0.95,True,11808.287888363251,1180828.788836325,1429192.9845340182,82.62206725156358,248364.19569769315,0.48,0.75,0.09341405744901378,0.0037674056497344352,0.639124417000005,tm_tw_refined_support_offline,context_noise_refinement
oracle,20261643,100,20,2,0.0,0.45,0.1,dense,1.0,1.0,deterministic,20.0,0.1,0.95,False,9128.207166609605,912820.7166609605,958500.5671401109,95.23423855497072,45679.850479150424,0.94,0.96,0.25380072112682583,0.031376327983318,0.023865957999987586,oracle,context_noise_refinement
state_thompson,20262541,100,20,2,0.0,0.45,0.1,dense,1.0,1.0,deterministic,20.0,0.1,0.95,False,6805.924750457812,680592.4750457811,930201.1676723807,73.16616004136081,249608.69262659957,0.46,0.68,0.25316403505345775,0.03093958177660032,0.02661408400001619,state_thompson,context_noise_refinement
global_ucb_tw,20262377,100,20,2,0.0,0.45,0.1,dense,1.0,1.0,deterministic,20.0,0.1,0.95,False,6069.753030371036,606975.3030371036,874742.9291163773,69.38899222086202,267767.62607927364,0.45,0.65,0.24354434547853163,0.029715472948354547,0.6404303340000297,global_ucb_tw_dense,context_noise_refinement
local_ucb_tw,20262275,100,20,2,0.0,0.45,0.1,dense,1.0,1.0,deterministic,20.0,0.1,0.95,False,5779.283383210514,577928.3383210514,780046.7395350735,74.08893711491065,202118.40121402207,0.49,0.75,0.2562626097967796,0.031145724104711264,0.6388029589999746,local_ucb_tw_dense,context_noise_refinement
exp4,20261398,100,20,2,0.0,0.45,0.1,dense,1.0,1.0,deterministic,20.0,0.1,0.95,False,8592.33602995134,859233.6029951341,930238.3976959805,92.36703248578951,71004.79470084643,0.61,0.82,0.27085235720186124,0.03373201489428308,0.6477032079999958,exp4_dense,context_noise_refinement
tw,20261248,100,20,2,0.0,0.45,0.1,dense,1.0,1.0,deterministic,20.0,0.1,0.95,False,6742.059753419161,674205.9753419161,918902.616943359,73.37077541302443,244696.64160144294,0.5,0.69,0.25433149435561603,0.02924451463895116,0.6286664169999767,tw_dense,context_noise_refinement
tm_tw,20261568,100,20,2,0.0,0.45,0.1,dense,1.0,1.0,deterministic,20.0,0.1,0.95,False,6557.309126992963,655730.9126992963,940821.6177529251,69.6976876727658,285090.7050536289,0.41,0.63,0.25797443513331275,0.02996748100528414,0.63968616599999,tm_tw_dense,context_noise_refinement
tm_tw_refined,20262396,100,20,2,0.0,0.45,0.1,dense,1.0,1.0,deterministic,20.0,0.1,0.95,False,8219.964209897607,821996.4209897607,912567.8495717731,90.07510196370455,90571.42858201242,0.62,0.86,0.2532499051426768,0.03138658749714385,0.6476977080000097,tm_tw_refined_dense,context_noise_refinement
tw,20261460,100,20,2,0.0,0.45,0.1,offline,1.0,1.0,deterministic,20.0,0.1,0.95,False,6684.234365373281,668423.4365373282,893796.8299650302,74.78471774882892,225373.39342770202,0.49,0.71,0.1728696863131664,0.021930730796266052,0.6261231249999923,tw_offline,context_noise_refinement
tm_tw,20261780,100,20,2,0.0,0.45,0.1,offline,1.0,1.0,deterministic,20.0,0.1,0.95,False,5792.019095124424,579201.9095124424,862215.142851062,67.17603075227977,283013.2333386196,0.47,0.69,0.17387910945231602,0.02201274457613784,0.637552707999987,tm_tw_offline,context_noise_refinement
tm_tw_refined,20262608,100,20,2,0.0,0.45,0.1,offline,1.0,1.0,deterministic,20.0,0.1,0.95,False,6624.3639024959175,662436.3902495918,766358.8600179235,86.43945086432468,103922.46976833174,0.62,0.75,0.1745136832885348,0.0225725282305134,0.6388975840000057,tm_tw_refined_offline,context_noise_refinement
tw,20262072,100,20,2,0.0,0.45,0.1,gated_offline,1.0,1.0,deterministic,20.0,0.1,0.95,False,7390.50383488463,739050.383488463,904079.0767945077,81.74621031036705,165028.69330604468,0.6,0.79,0.18150191548607897,0.023573945020372782,0.635239624999997,tw_gated_offline,context_noise_refinement
tm_tw,20262392,100,20,2,0.0,0.45,0.1,gated_offline,1.0,1.0,deterministic,20.0,0.1,0.95,False,4869.500974517999,486950.09745179984,762266.9627097955,63.881831598831575,275316.8652579956,0.46,0.7,0.17209242731316013,0.021906302874949126,0.6720603329999904,tm_tw_gated_offline,context_noise_refinement
tm_tw_refined,20263220,100,20,2,0.0,0.45,0.1,gated_offline,1.0,1.0,deterministic,20.0,0.1,0.95,False,7023.817664039152,702381.7664039152,766800.0720166143,91.59907413111155,64418.30561269901,0.64,0.84,0.17641659303186422,0.02205904258665399,0.6359507500000063,tm_tw_refined_gated_offline,context_noise_refinement
tw,20262352,100,20,2,0.0,0.45,0.1,support_offline,1.0,1.0,deterministic,20.0,0.1,0.95,True,3553.716538150693,355371.6538150693,738822.5581612695,48.099729751009995,383450.90434620023,0.3,0.53,0.09218463955494081,0.0040879584197758105,0.617358041999978,tw_support_offline,context_noise_refinement
tm_tw,20262672,100,20,2,0.0,0.45,0.1,support_offline,1.0,1.0,deterministic,20.0,0.1,0.95,True,4170.398526112262,417039.85261122615,721585.650278667,57.79492045749119,304545.79766744084,0.45,0.64,0.08932258896170296,0.004234071319666847,0.6249087909999957,tm_tw_support_offline,context_noise_refinement
tm_tw_refined,20263500,100,20,2,0.0,0.45,0.1,support_offline,1.0,1.0,deterministic,20.0,0.1,0.95,True,7764.822941617953,776482.2941617953,884518.8848645783,87.78583560493186,108036.59070278297,0.59,0.81,0.08252895552604676,0.0034147353394149305,0.6257774169999948,tm_tw_refined_support_offline,context_noise_refinement
oracle,20261644,100,20,2,0.0,0.45,0.1,dense,1.0,1.0,deterministic,20.0,0.1,0.95,False,8549.190665929938,854919.0665929939,883665.2702244341,96.74693522535527,28746.203631440178,0.84,0.93,0.2546603954067852,0.031762318003758803,0.023639208000020062,oracle,context_noise_refinement
state_thompson,20262542,100,20,2,0.0,0.45,0.1,dense,1.0,1.0,deterministic,20.0,0.1,0.95,False,5250.134549815298,525013.4549815297,820608.9421755571,63.97851985254273,295595.4871940274,0.36,0.6,0.24978773059761522,0.030626974349156944,0.02571720900004948,state_thompson,context_noise_refinement
global_ucb_tw,20262378,100,20,2,0.0,0.45,0.1,dense,1.0,1.0,deterministic,20.0,0.1,0.95,False,3176.7218233984186,317672.18233984185,672180.0764462557,47.25998188154293,354507.8941064138,0.2,0.45,0.25139278682408117,0.030035093492654118,0.6334984579999627,global_ucb_tw_dense,context_noise_refinement
local_ucb_tw,20262276,100,20,2,0.0,0.45,0.1,dense,1.0,1.0,deterministic,20.0,0.1,0.95,False,5897.041335337536,589704.1335337536,836709.4850227043,70.47895883691957,247005.35148895078,0.48,0.7,0.23703184442283504,0.029109825584147982,0.6364020409999966,local_ucb_tw_dense,context_noise_refinement
exp4,20261399,100,20,2,0.0,0.45,0.1,dense,1.0,1.0,deterministic,20.0,0.1,0.95,False,5637.544122531521,563754.4122531521,776792.6911642744,72.57462881224903,213038.27891112224,0.42,0.71,0.2533946483347228,0.03140894424168319,0.6360052500000393,exp4_dense,context_noise_refinement
tw,20261249,100,20,2,0.0,0.45,0.1,dense,1.0,1.0,deterministic,20.0,0.1,0.95,False,5751.110358298028,575111.0358298027,837034.9143075777,68.70812985209264,261923.8784777749,0.36,0.68,0.24799050556137453,0.03089502884973641,0.6170870419999801,tw_dense,context_noise_refinement
tm_tw,20261569,100,20,2,0.0,0.45,0.1,dense,1.0,1.0,deterministic,20.0,0.1,0.95,False,5670.052770364041,567005.2770364041,857102.4997842755,66.15373040903671,290097.2227478714,0.51,0.77,0.24968543564721932,0.030793002369321913,0.626586207999992,tm_tw_dense,context_noise_refinement
tm_tw_refined,20262397,100,20,2,0.0,0.45,0.1,dense,1.0,1.0,deterministic,20.0,0.1,0.95,False,6799.038685598466,679903.8685598467,822940.619608518,82.61882478024775,143036.7510486713,0.63,0.83,0.2604644051162833,0.031495118291123995,0.6299807089999945,tm_tw_refined_dense,context_noise_refinement
tw,20261461,100,20,2,0.0,0.45,0.1,offline,1.0,1.0,deterministic,20.0,0.1,0.95,False,4874.974505947881,487497.4505947881,863273.2668481814,56.47081513072283,375775.81625339325,0.41,0.64,0.17268002086424414,0.021243179489504566,0.6130518329999859,tw_offline,context_noise_refinement
tm_tw,20261781,100,20,2,0.0,0.45,0.1,offline,1.0,1.0,deterministic,20.0,0.1,0.95,False,3814.9190426274954,381491.90426274954,814037.8231632102,46.86414972468208,432545.91890046065,0.28,0.58,0.17132722120515387,0.02170600189791792,0.6277077080000026,tm_tw_offline,context_noise_refinement
tm_tw_refined,20262609,100,20,2,0.0,0.45,0.1,offline,1.0,1.0,deterministic,20.0,0.1,0.95,False,6681.6226590165215,668162.2659016522,780951.6745722159,85.55744070433721,112789.40867056372,0.53,0.81,0.16857832804036008,0.02198136838916714,0.6269597500000259,tm_tw_refined_offline,context_noise_refinement
tw,20262073,100,20,2,0.0,0.45,0.1,gated_offline,1.0,1.0,deterministic,20.0,0.1,0.95,False,4303.858028565229,430385.80285652285,857018.9758213653,50.21893505263895,426633.1729648424,0.33,0.66,0.1725215736836094,0.021733133835826646,0.6170240420000255,tw_gated_offline,context_noise_refinement
tm_tw,20262393,100,20,2,0.0,0.45,0.1,gated_offline,1.0,1.0,deterministic,20.0,0.1,0.95,False,5546.009886428197,554600.9886428197,873900.0629281078,63.46274730597479,319299.0742852881,0.42,0.68,0.17407406653362711,0.022415236980129892,0.6285154170000169,tm_tw_gated_offline,context_noise_refinement
tm_tw_refined,20263221,100,20,2,0.0,0.45,0.1,gated_offline,1.0,1.0,deterministic,20.0,0.1,0.95,False,7538.387786371372,753838.7786371373,893672.8814833642,84.35287612016121,139834.1028462269,0.59,0.81,0.17382994753408001,0.022033277120691547,0.6283492919999958,tm_tw_refined_gated_offline,context_noise_refinement
tw,20262353,100,20,2,0.0,0.45,0.1,support_offline,1.0,1.0,deterministic,20.0,0.1,0.95,True,5444.9814538769515,544498.1453876952,877130.3630429263,62.07722002676216,332632.2176552311,0.4,0.63,0.09275703040875043,0.004197597698065939,0.6191126670000244,tw_support_offline,context_noise_refinement
tm_tw,20262673,100,20,2,0.0,0.45,0.1,support_offline,1.0,1.0,deterministic,20.0,0.1,0.95,True,4166.755113752589,416675.5113752589,849793.6019930817,49.032554540067146,433118.09061782283,0.3,0.63,0.09027439045443579,0.003515759371210122,0.6290694169999824,tm_tw_support_offline,context_noise_refinement
tm_tw_refined,20263501,100,20,2,0.0,0.45,0.1,support_offline,1.0,1.0,deterministic,20.0,0.1,0.95,True,8707.727849218154,870772.7849218154,938502.2022433253,92.7832436450746,67729.41732150991,0.71,0.89,0.09084959835846736,0.003274736886105389,0.628316792000021,tm_tw_refined_support_offline,context_noise_refinement
oracle,20261645,100,20,2,0.0,0.45,0.1,dense,1.0,1.0,deterministic,20.0,0.1,0.95,False,7054.595555499815,705459.5555499815,740780.5791618455,95.23191824874408,35321.02361186396,0.9,0.97,0.2407089848073548,0.02885025617907216,0.02325616699999955,oracle,context_noise_refinement
state_thompson,20262543,100,20,2,0.0,0.45,0.1,dense,1.0,1.0,deterministic,20.0,0.1,0.95,False,2530.2017554055274,253020.17554055274,640112.1482216924,39.52747596549649,387091.9726811397,0.21,0.44,0.24479126545245353,0.03012374354920717,0.02547129100003076,state_thompson,context_noise_refinement
global_ucb_tw,20262379,100,20,2,0.0,0.45,0.1,dense,1.0,1.0,deterministic,20.0,0.1,0.95,False,3874.103017270487,387410.3017270487,582915.4352271255,66.46080688806931,195505.13350007683,0.3,0.62,0.251227772099137,0.030088894343887215,0.6258877919999577,global_ucb_tw_dense,context_noise_refinement
local_ucb_tw,20262277,100,20,2,0.0,0.45,0.1,dense,1.0,1.0,deterministic,20.0,0.1,0.95,False,4440.06690296467,444006.690296467,660234.4530569878,67.24985166112542,216227.76276052085,0.4,0.74,0.25524568832147204,0.030038190649103628,0.6274097910000478,local_ucb_tw_dense,context_noise_refinement
exp4,20261400,100,20,2,0.0,0.45,0.1,dense,1.0,1.0,deterministic,20.0,0.1,0.95,False,4728.916527674245,472891.65276742453,642030.055206812,73.6556877567197,169138.40243938746,0.42,0.8,0.26071747186179084,0.03390673187962774,0.636628332999976,exp4_dense,context_noise_refinement
tw,20261250,100,20,2,0.0,0.45,0.1,dense,1.0,1.0,deterministic,20.0,0.1,0.95,False,4751.627068819527,475162.7068819527,685884.6499992514,69.27734960717832,210721.94311729865,0.51,0.77,0.2526347354564911,0.030458395345342563,0.6167276670000206,tw_dense,context_noise_refinement
tm_tw,20261570,100,20,2,0.0,0.45,0.1,dense,1.0,1.0,deterministic,20.0,0.1,0.95,False,4274.640368372032,427464.0368372032,669821.0826020434,63.81764443374048,242357.0457648402,0.42,0.58,0.2534367499586743,0.02963614029020591,0.6288796250000246,tm_tw_dense,context_noise_refinement
tm_tw_refined,20262398,100,20,2,0.0,0.45,0.1,dense,1.0,1.0,deterministic,20.0,0.1,0.95,False,5962.083670136786,596208.3670136787,670201.6471348436,88.95954964636522,73993.28012116498,0.56,0.85,0.261755027505835,0.032377101975532785,0.6313861250000059,tm_tw_refined_dense,context_noise_refinement
tw,20261462,100,20,2,0.0,0.45,0.1,offline,1.0,1.0,deterministic,20.0,0.1,0.95,False,3435.9777058843824,343597.77058843826,580950.4208645633,59.14407809139725,237352.65027612506,0.3,0.56,0.1771634375968281,0.02263256777464035,0.6149393750000058,tw_offline,context_noise_refinement
tm_tw,20261782,100,20,2,0.0,0.45,0.1,offline,1.0,1.0,deterministic,20.0,0.1,0.95,False,3261.6519926095243,326165.1992609524,641251.9683111738,50.86381256964462,315086.7690502214,0.36,0.65,0.1731699974464044,0.021567804408038054,0.6242460419999816,tm_tw_offline,context_noise_refinement
tm_tw_refined,20262610,100,20,2,0.0,0.45,0.1,offline,1.0,1.0,deterministic,20.0,0.1,0.95,False,5247.42041235359,524742.041235359,612873.9325365595,85.61989886950475,88131.89130120049,0.51,0.73,0.17528908150583355,0.021739330379138312,0.6246347499999843,tm_tw_refined_offline,context_noise_refinement
tw,20262074,100,20,2,0.0,0.45,0.1,gated_offline,1.0,1.0,deterministic,20.0,0.1,0.95,False,3433.242869114214,343324.2869114214,640358.4972040872,53.614387629809386,297034.2102926658,0.36,0.67,0.17268965990480548,0.022347069009672475,0.6189462090000006,tw_gated_offline,context_noise_refinement
tm_tw,20262394,100,20,2,0.0,0.45,0.1,gated_offline,1.0,1.0,deterministic,20.0,0.1,0.95,False,4230.617869384234,423061.78693842335,653545.8001999592,64.73330358927916,230484.01326153585,0.41,0.77,0.17510524661129537,0.022051579038525674,0.6275192499999775,tm_tw_gated_offline,context_noise_refinement
tm_tw_refined,20263222,100,20,2,0.0,0.45,0.1,gated_offline,1.0,1.0,deterministic,20.0,0.1,0.95,False,5635.745820465897,563574.5820465897,668018.8780850051,84.3650681942068,104444.2960384154,0.66,0.94,0.17943630992269172,0.02227560369042714,0.6318322920000128,tm_tw_refined_gated_offline,context_noise_refinement
tw,20262354,100,20,2,0.0,0.45,0.1,support_offline,1.0,1.0,deterministic,20.0,0.1,0.95,True,4393.311373239489,439331.1373239489,653720.9133435657,67.20469367836434,214389.77601961675,0.4,0.69,0.09752001722499044,0.0031293141517263717,0.6136196250000125,tw_support_offline,context_noise_refinement
tm_tw,20262674,100,20,2,0.0,0.45,0.1,support_offline,1.0,1.0,deterministic,20.0,0.1,0.95,True,2935.4928909891796,293549.289098918,600139.1742891822,48.913535672222054,306589.8851902642,0.29,0.6,0.09120626456670797,0.004016890585468143,0.624617958999977,tm_tw_support_offline,context_noise_refinement
tm_tw_refined,20263502,100,20,2,0.0,0.45,0.1,support_offline,1.0,1.0,deterministic,20.0,0.1,0.95,True,5689.875269197935,568987.5269197936,677846.0071687892,83.94052939786825,108858.48024899559,0.6,0.86,0.09472467011147895,0.0031487517234734166,0.6256532500000276,tm_tw_refined_support_offline,context_noise_refinement
oracle,20261646,100,20,2,0.0,0.45,0.1,dense,1.0,1.0,deterministic,20.0,0.1,0.95,False,10999.250882421906,1099925.0882421907,1153983.292463946,95.31551240171493,54058.204221755266,0.86,0.95,0.2529107193444578,0.031130833503158754,0.02339891699995178,oracle,context_noise_refinement
state_thompson,20262544,100,20,2,0.0,0.45,0.1,dense,1.0,1.0,deterministic,20.0,0.1,0.95,False,6887.971488451024,688797.1488451024,1010865.6337914855,68.13933779325441,322068.48494638305,0.42,0.58,0.25267614415774176,0.031734978684336744,0.025667875000010554,state_thompson,context_noise_refinement
global_ucb_tw,20262380,100,20,2,0.0,0.45,0.1,dense,1.0,1.0,deterministic,20.0,0.1,0.95,False,2730.3867923398993,273038.6792339899,887175.525085556,30.776173543297315,614136.8458515661,0.15,0.46,0.2529515899348178,0.030837816209784822,0.6287195830000201,global_ucb_tw_dense,context_noise_refinement
local_ucb_tw,20262278,100,20,2,0.0,0.45,0.1,dense,1.0,1.0,deterministic,20.0,0.1,0.95,False,7437.354584941665,743735.4584941665,1041103.5783814001,71.43722045893351,297368.1198872336,0.52,0.78,0.2514777578631012,0.03002575428217368,0.626857374999986,local_ucb_tw_dense,context_noise_refinement
exp4,20261401,100,20,2,0.0,0.45,0.1,dense,1.0,1.0,deterministic,20.0,0.1,0.95,False,8038.084685025732,803808.4685025732,1024566.3027334355,78.45353359349184,220757.83423086233,0.53,0.67,0.2559951796477071,0.03320692712739788,0.6366509169999972,exp4_dense,context_noise_refinement
tw,20261251,100,20,2,0.0,0.45,0.1,dense,1.0,1.0,deterministic,20.0,0.1,0.95,False,5544.0025919911195,554400.259199112,957713.1147592076,57.88792600365525,403312.85556009563,0.36,0.57,0.2555225515425408,0.030484898403229356,0.6311193749999688,tw_dense,context_noise_refinement
tm_tw,20261571,100,20,2,0.0,0.45,0.1,dense,1.0,1.0,deterministic,20.0,0.1,0.95,False,5866.4564655435215,586645.6465543521,1033948.6930831792,56.73837110862885,447303.04652882705,0.41,0.59,0.24374301809146776,0.02935671211812439,0.6275215420000109,tm_tw_dense,context_noise_refinement
tm_tw_refined,20262399,100,20,2,0.0,0.45,0.1,dense,1.0,1.0,deterministic,20.0,0.1,0.95,False,7838.527461964428,783852.7461964427,1022777.672581299,76.63960283940746,238924.92638485623,0.46,0.77,0.24661663228306355,0.031158202156062353,0.6289854169999671,tm_tw_refined_dense,context_noise_refinement
tw,20261463,100,20,2,0.0,0.45,0.1,offline,1.0,1.0,deterministic,20.0,0.1,0.95,False,6353.217539454639,635321.7539454639,1049862.7250000315,60.51474529162323,414540.9710545676,0.35,0.56,0.17328354731949955,0.021136017954305295,0.61699550000003,tw_offline,context_noise_refinement
tm_tw,20261783,100,20,2,0.0,0.45,0.1,offline,1.0,1.0,deterministic,20.0,0.1,0.95,False,8943.80407272054,894380.407272054,1139075.3486522844,78.51810754488321,244694.94138023036,0.62,0.74,0.17061491388602568,0.021950654206999935,0.7676609580000218,tm_tw_offline,context_noise_refinement
tm_tw_refined,20262611,100,20,2,0.0,0.45,0.1,offline,1.0,1.0,deterministic,20.0,0.1,0.95,False,8360.977514684842,836097.7514684843,1014106.7346429375,82.4467211296916,178008.98317445326,0.58,0.87,0.1748262956776214,0.022654801741109534,0.6709969589999787,tm_tw_refined_offline,context_noise_refinement
tw,20262075,100,20,2,0.0,0.45,0.1,gated_offline,1.0,1.0,deterministic,20.0,0.1,0.95,False,5930.3818502789945,593038.1850278995,998251.3851487482,59.407699688744394,405213.2001208487,0.42,0.61,0.17303611121027612,0.02188362651152541,0.6785522079999851,tw_gated_offline,context_noise_refinement
tm_tw,20262395,100,20,2,0.0,0.45,0.1,gated_offline,1.0,1.0,deterministic,20.0,0.1,0.95,False,4461.148772934273,446114.8772934273,949757.9907312221,46.971426578886884,503643.1134377948,0.3,0.63,0.17765620216554703,0.02254364826903128,0.6655982919999701,tm_tw_gated_offline,context_noise_refinement
tm_tw_refined,20263223,100,20,2,0.0,0.45,0.1,gated_offline,1.0,1.0,deterministic,20.0,0.1,0.95,False,8193.043230398687,819304.3230398687,930374.26754339,88.06179960277746,111069.94450352131,0.52,0.76,0.17441507290995417,0.022544818707660348,0.638380624999968,tm_tw_refined_gated_offline,context_noise_refinement
tw,20262355,100,20,2,0.0,0.45,0.1,support_offline,1.0,1.0,deterministic,20.0,0.1,0.95,True,7191.397535126314,719139.7535126314,1040487.492494768,69.11565575750998,321347.7389821366,0.48,0.76,0.09565896607090921,0.003219296618969696,0.6155107499999986,tw_support_offline,context_noise_refinement
tm_tw,20262675,100,20,2,0.0,0.45,0.1,support_offline,1.0,1.0,deterministic,20.0,0.1,0.95,True,3351.7772443334966,335177.7244333497,930769.8740414352,36.01080501005005,595592.1496080855,0.26,0.43,0.08242897210917048,0.004194527789819921,0.6302670840000246,tm_tw_support_offline,context_noise_refinement
tm_tw_refined,20263503,100,20,2,0.0,0.45,0.1,support_offline,1.0,1.0,deterministic,20.0,0.1,0.95,True,8368.872479639183,836887.2479639183,1009632.3109774004,82.89029965312305,172745.06301348214,0.52,0.76,0.0867368974562848,0.0028218513573785007,0.6361828750000313,tm_tw_refined_support_offline,context_noise_refinement
oracle,20261647,100,20,2,0.0,0.45,0.1,dense,1.0,1.0,deterministic,20.0,0.1,0.95,False,7375.1122094887705,737511.220948877,764889.443382631,96.42063010927734,27378.22243375401,0.92,0.99,0.2507354305275493,0.03053239702918733,0.02361604200001466,oracle,context_noise_refinement
state_thompson,20262545,100,20,2,0.0,0.45,0.1,dense,1.0,1.0,deterministic,20.0,0.1,0.95,False,4572.370023764524,457237.00237645244,719125.728166927,63.582345126486196,261888.72579047456,0.4,0.66,0.2426657336354177,0.029708307859520413,0.02653158399999711,state_thompson,context_noise_refinement
global_ucb_tw,20262381,100,20,2,0.0,0.45,0.1,dense,1.0,1.0,deterministic,20.0,0.1,0.95,False,4960.462820655106,496046.2820655106,785971.8439226622,63.11247481714121,289925.5618571516,0.52,0.76,0.2488803937131253,0.029485808255779723,0.6363887090000162,global_ucb_tw_dense,context_noise_refinement
local_ucb_tw,20262279,100,20,2,0.0,0.45,0.1,dense,1.0,1.0,deterministic,20.0,0.1,0.95,False,4774.0699416211755,477406.9941621176,720051.2073225898,66.30181149716964,242644.21316047222,0.44,0.63,0.2559685731131014,0.02996030305088793,0.6348263329999781,local_ucb_tw_dense,context_noise_refinement
exp4,20261402,100,20,2,0.0,0.45,0.1,dense,1.0,1.0,deterministic,20.0,0.1,0.95,False,4829.606172449343,482960.61724493426,708051.1044080127,68.2098529665776,225090.48716307845,0.46,0.66,0.2502082718881715,0.030256116288213293,0.645169874999965,exp4_dense,context_noise_refinement
tw,20261252,100,20,2,0.0,0.45,0.1,dense,1.0,1.0,deterministic,20.0,0.1,0.95,False,4938.540879556224,493854.08795562247,761413.2047218442,64.86019481840151,267559.1167662217,0.42,0.65,0.2513968370298037,0.028794973294260024,0.6269475839999927,tw_dense,context_noise_refinement
tm_tw,20261572,100,20,2,0.0,0.45,0.1,dense,1.0,1.0,deterministic,20.0,0.1,0.95,False,2980.965309523206,298096.5309523206,635461.3019148143,46.91025717129845,337364.77096249367,0.27,0.39,0.249465562056815,0.029103442206865886,0.6607226250000053,tm_tw_dense,context_noise_refinement
tm_tw_refined,20262400,100,20,2,0.0,0.45,0.1,dense,1.0,1.0,deterministic,20.0,0.1,0.95,False,6820.716516876913,682071.6516876913,732615.4178228083,93.10091421699488,50543.76613511692,0.7,0.85,0.25368852936229525,0.031358817438703314,0.6618521249999958,tm_tw_refined_dense,context_noise_refinement
tw,20261464,100,20,2,0.0,0.45,0.1,offline,1.0,1.0,deterministic,20.0,0.1,0.95,False,4375.453734856115,437545.3734856115,728676.63983841,60.046576157929366,291131.26635279844,0.45,0.67,0.17326790806400336,0.021945843697518164,0.6212407500000268,tw_offline,context_noise_refinement
tm_tw,20261784,100,20,2,0.0,0.45,0.1,offline,1.0,1.0,deterministic,20.0,0.1,0.95,False,4063.0279751313165,406302.79751313163,729742.6032197529,55.67754927839654,323439.80570662126,0.35,0.61,0.17669376653951657,0.022324348951081784,0.6369618340000329,tm_tw_offline,context_noise_refinement
tm_tw_refined,20262612,100,20,2,0.0,0.45,0.1,offline,1.0,1.0,deterministic,20.0,0.1,0.95,False,6367.067385852049,636706.7385852048,716389.0006927532,88.87723540834726,79682.26210754842,0.58,0.76,0.17278271495620456,0.022106928744279424,0.6371621249999748,tm_tw_refined_offline,context_noise_refinement
tw,20262076,100,20,2,0.0,0.45,0.1,gated_offline,1.0,1.0,deterministic,20.0,0.1,0.95,False,6169.041866045607,616904.1866045607,760867.3182320597,81.07907539490463,143963.131627499,0.54,0.76,0.17299093696397383,0.022013430866604577,0.6276609170000143,tw_gated_offline,context_noise_refinement
tm_tw,20262396,100,20,2,0.0,0.45,0.1,gated_offline,1.0,1.0,deterministic,20.0,0.1,0.95,False,4628.952236764587,462895.22367645864,711386.9874893656,65.06939708162407,248491.76381290698,0.6,0.77,0.17812809982107192,0.02290861589396437,0.6557452079999848,tm_tw_gated_offline,context_noise_refinement
tm_tw_refined,20263224,100,20,2,0.0,0.45,0.1,gated_offline,1.0,1.0,deterministic,20.0,0.1,0.95,False,6203.459145601593,620345.9145601593,730526.3240629449,84.91766745789546,110180.40950278554,0.58,0.81,0.17061193278373876,0.022039487015078688,0.6378028749999771,tm_tw_refined_gated_offline,context_noise_refinement
tw,20262356,100,20,2,0.0,0.45,0.1,support_offline,1.0,1.0,deterministic,20.0,0.1,0.95,True,3961.5052099208538,396150.5209920854,795093.0451264302,49.8244228672749,398942.5241343448,0.3,0.62,0.0920551317948815,0.003234953519559874,0.6222905839999839,tw_support_offline,context_noise_refinement
tm_tw,20262676,100,20,2,0.0,0.45,0.1,support_offline,1.0,1.0,deterministic,20.0,0.1,0.95,True,2747.528521865548,274752.8521865548,692627.8576760167,39.66817810482481,417875.00548946194,0.25,0.65,0.08842098578797775,0.00402967155856678,0.636014624999973,tm_tw_support_offline,context_noise_refinement
tm_tw_refined,20263504,100,20,2,0.0,0.45,0.1,support_offline,1.0,1.0,deterministic,20.0,0.1,0.95,True,7389.985367509431,738998.536750943,786851.5771800883,93.91841589736141,47853.040429145214,0.75,0.9,0.08361435653107868,0.0036809832644264123,0.6330132079999657,tm_tw_refined_support_offline,context_noise_refinement
oracle,20261648,100,20,2,0.0,0.45,0.1,dense,1.0,1.0,deterministic,20.0,0.1,0.95,False,11551.571480048653,1155157.1480048653,1211528.0727660526,95.34712186796578,56370.924761187285,0.86,0.95,0.25667049436229133,0.030559319504397966,0.023773042000016176,oracle,context_noise_refinement
state_thompson,20262546,100,20,2,0.0,0.45,0.1,dense,1.0,1.0,deterministic,20.0,0.1,0.95,False,3906.891953376692,390689.1953376692,1076067.398706411,36.307130557745204,685378.2033687418,0.21,0.39,0.24671944386197014,0.030885079653267956,0.026423333999957777,state_thompson,context_noise_refinement
global_ucb_tw,20262382,100,20,2,0.0,0.45,0.1,dense,1.0,1.0,deterministic,20.0,0.1,0.95,False,5362.35453614201,536235.453614201,1134995.0083221437,47.245622199424005,598759.5547079426,0.3,0.55,0.24561697952486958,0.03005932722373521,0.6348873750000052,global_ucb_tw_dense,context_noise_refinement
local_ucb_tw,20262280,100,20,2,0.0,0.45,0.1,dense,1.0,1.0,deterministic,20.0,0.1,0.95,False,5379.241462688613,537924.1462688613,977476.1502754921,55.0319459065321,439552.00400663086,0.41,0.67,0.2564143672696307,0.031262426074480286,0.6354165000000194,local_ucb_tw_dense,context_noise_refinement
exp4,20261403,100,20,2,0.0,0.45,0.1,dense,1.0,1.0,deterministic,20.0,0.1,0.95,False,6694.911478511981,669491.1478511981,1208424.1577202294,55.401999668248656,538933.0098690313,0.33,0.6,0.24994240680388818,0.029570876896126537,0.642133250000029,exp4_dense,context_noise_refinement
tw,20261253,100,20,2,0.0,0.45,0.1,dense,1.0,1.0,deterministic,20.0,0.1,0.95,False,6208.982604780858,620898.2604780858,1198527.944620658,51.805071651842404,577629.6841425721,0.38,0.64,0.25131185626318553,0.02877267786896888,0.622255832999997,tw_dense,context_noise_refinement
tm_tw,20261573,100,20,2,0.0,0.45,0.1,dense,1.0,1.0,deterministic,20.0,0.1,0.95,False,6176.634324768787,617663.4324768787,1222742.4113589935,50.514599537803605,605078.9788821148,0.23,0.42,0.23731995283161028,0.029005541969521997,0.6354780830000095,tm_tw_dense,context_noise_refinement
tm_tw_refined,20262401,100,20,2,0.0,0.45,0.1,dense,1.0,1.0,deterministic,20.0,0.1,0.95,False,8821.912554480221,882191.2554480222,1221404.510126805,72.22760749069397,339213.2546787828,0.42,0.7,0.2580194684843403,0.03226290467338969,0.6374125830000139,tm_tw_refined_dense,context_noise_refinement
tw,20261465,100,20,2,0.0,0.45,0.1,offline,1.0,1.0,deterministic,20.0,0.1,0.95,False,6592.819445035411,659281.9445035411,1026134.7893275174,64.2490588332557,366852.8448239763,0.44,0.63,0.17824711851885935,0.02220871163936056,0.6190853749999974,tw_offline,context_noise_refinement
tm_tw,20261785,100,20,2,0.0,0.45,0.1,offline,1.0,1.0,deterministic,20.0,0.1,0.95,False,6374.1418691967665,637414.1869196766,1214898.479577891,52.46645687968448,577484.2926582145,0.31,0.5,0.1760236915374326,0.02240130239354069,0.6340366669999753,tm_tw_offline,context_noise_refinement
tm_tw_refined,20262613,100,20,2,0.0,0.45,0.1,offline,1.0,1.0,deterministic,20.0,0.1,0.95,False,4893.66703817817,489366.7038178169,1095085.83138725,44.68752035608837,605719.1275694331,0.36,0.63,0.17199724209920447,0.022246848793909233,0.6334199579999904,tm_tw_refined_offline,context_noise_refinement
tw,20262077,100,20,2,0.0,0.45,0.1,gated_offline,1.0,1.0,deterministic,20.0,0.1,0.95,False,6299.67599862618,629967.599862618,1045136.3652325862,60.276115234247364,415168.76536996814,0.4,0.66,0.17643886468927988,0.022616854121768,0.6262591660000112,tw_gated_offline,context_noise_refinement
tm_tw,20262397,100,20,2,0.0,0.45,0.1,gated_offline,1.0,1.0,deterministic,20.0,0.1,0.95,False,6459.17933214989,645917.933214989,1176875.150808782,54.88415086095546,530957.2175937931,0.34,0.51,0.17314131823489964,0.021830173110823223,0.6370058749999998,tm_tw_gated_offline,context_noise_refinement
tm_tw_refined,20263225,100,20,2,0.0,0.45,0.1,gated_offline,1.0,1.0,deterministic,20.0,0.1,0.95,False,4877.030283402611,487703.028340261,1079815.667849133,45.165396545107434,592112.6395088721,0.32,0.65,0.16992971208460605,0.021857574273100085,0.637699208000015,tm_tw_refined_gated_offline,context_noise_refinement
tw,20262357,100,20,2,0.0,0.45,0.1,support_offline,1.0,1.0,deterministic,20.0,0.1,0.95,True,5918.01667063375,591801.667063375,1252035.1855015918,47.26717538902764,660233.5184382168,0.27,0.44,0.10104301841369039,0.00403191795739638,0.6203801670000075,tw_support_offline,context_noise_refinement
tm_tw,20262677,100,20,2,0.0,0.45,0.1,support_offline,1.0,1.0,deterministic,20.0,0.1,0.95,True,4984.198553524609,498419.855352461,1139941.160628243,43.723296654870545,641521.3052757819,0.23,0.39,0.09754283622541886,0.003667023184959835,0.6350427909999894,tm_tw_support_offline,context_noise_refinement
tm_tw_refined,20263505,100,20,2,0.0,0.45,0.1,support_offline,1.0,1.0,deterministic,20.0,0.1,0.95,True,6724.950245732907,672495.0245732907,1046061.510371611,64.28828686511831,373566.48579832027,0.31,0.61,0.09529115287323953,0.00360246820782271,0.6348721669999691,tm_tw_refined_support_offline,context_noise_refinement
oracle,20261649,100,20,2,0.0,0.45,0.1,dense,1.0,1.0,deterministic,20.0,0.1,0.95,False,7183.88365782841,718388.365782841,759661.7416585995,94.56687449000069,41273.37587575847,0.89,0.97,0.2511197539639631,0.031013608676946764,0.022889792000000853,oracle,context_noise_refinement
state_thompson,20262547,100,20,2,0.0,0.45,0.1,dense,1.0,1.0,deterministic,20.0,0.1,0.95,False,4302.977248796029,430297.7248796029,633493.1212221689,67.92460888122187,203195.396342566,0.28,0.63,0.24781134563230822,0.03067987599656644,0.02686929100002544,state_thompson,context_noise_refinement
global_ucb_tw,20262383,100,20,2,0.0,0.45,0.1,dense,1.0,1.0,deterministic,20.0,0.1,0.95,False,3875.430782003451,387543.0782003451,670618.7327814054,57.7888834976324,283075.65458106034,0.33,0.66,0.24995933348314245,0.030978293738279473,0.6352760839999974,global_ucb_tw_dense,context_noise_refinement
local_ucb_tw,20262281,100,20,2,0.0,0.45,0.1,dense,1.0,1.0,deterministic,20.0,0.1,0.95,False,5381.207237748233,538120.7237748232,732217.8602896122,73.49188717712809,194097.13651478896,0.48,0.7,0.24809612452990656,0.029417136952443655,0.6366728750000448,local_ucb_tw_dense,context_noise_refinement
exp4,20261404,100,20,2,0.0,0.45,0.1,dense,1.0,1.0,deterministic,20.0,0.1,0.95,False,5627.812107754281,562781.2107754281,737936.5306324582,76.26417549664998,175155.31985703006,0.57,0.81,0.25330884142965393,0.03133618588575793,0.6446190409999986,exp4_dense,context_noise_refinement
tw,20261254,100,20,2,0.0,0.45,0.1,dense,1.0,1.0,deterministic,20.0,0.1,0.95,False,4619.741471931131,461974.1471931131,640718.0116096592,72.10256912124376,178743.86441654607,0.42,0.65,0.2491769139399851,0.03082976442641207,0.6237034159999553,tw_dense,context_noise_refinement
tm_tw,20261574,100,20,2,0.0,0.45,0.1,dense,1.0,1.0,deterministic,20.0,0.1,0.95,False,4586.411051010575,458641.10510105744,680632.0006622688,67.38459323904698,221990.8955612114,0.43,0.56,0.2475004357839447,0.029392716136296734,0.63661637499996,tm_tw_dense,context_noise_refinement
tm_tw_refined,20262402,100,20,2,0.0,0.45,0.1,dense,1.0,1.0,deterministic,20.0,0.1,0.95,False,5713.496048702099,571349.6048702099,637077.5422047914,89.6828983945799,65727.93733458151,0.57,0.83,0.26171579545340595,0.03226897155784459,0.6357947500000023,tm_tw_refined_dense,context_noise_refinement
tw,20261466,100,20,2,0.0,0.45,0.1,offline,1.0,1.0,deterministic,20.0,0.1,0.95,False,5539.924437661975,553992.4437661975,720861.3334915694,76.85145783626312,166868.88972537185,0.52,0.72,0.1776249031096458,0.022895490659954946,0.6193298329999948,tw_offline,context_noise_refinement
tm_tw,20261786,100,20,2,0.0,0.45,0.1,offline,1.0,1.0,deterministic,20.0,0.1,0.95,False,4571.890670124796,457189.0670124796,700563.4606143082,65.26019307538262,243374.39360182866,0.48,0.73,0.17123507563053397,0.02131531280684208,0.6330757499999891,tm_tw_offline,context_noise_refinement
tm_tw_refined,20262614,100,20,2,0.0,0.45,0.1,offline,1.0,1.0,deterministic,20.0,0.1,0.95,False,6160.178375863496,616017.8375863496,689058.0679125118,89.39998909708203,73040.23032616219,0.64,0.81,0.17816541904517239,0.023061429143539768,0.6311047080000094,tm_tw_refined_offline,context_noise_refinement
tw,20262078,100,20,2,0.0,0.45,0.1,gated_offline,1.0,1.0,deterministic,20.0,0.1,0.95,False,5293.532611316894,529353.2611316894,709413.9078662719,74.6183934741064,180060.6467345825,0.49,0.75,0.17522358497829665,0.022596788735248938,0.6239236250000317,tw_gated_offline,context_noise_refinement
tm_tw,20262398,100,20,2,0.0,0.45,0.1,gated_offline,1.0,1.0,deterministic,20.0,0.1,0.95,False,6031.0771712877395,603107.7171287739,720445.3221257563,83.71318386095362,117337.60499698238,0.51,0.87,0.17269523705583842,0.02226682747923951,0.635496250000017,tm_tw_gated_offline,context_noise_refinement
tm_tw_refined,20263226,100,20,2,0.0,0.45,0.1,gated_offline,1.0,1.0,deterministic,20.0,0.1,0.95,False,5390.199393480745,539019.9393480745,605343.2435017858,89.04368639351706,66323.3041537113,0.54,0.87,0.17235755880397552,0.022154459160967466,0.6356759999999895,tm_tw_refined_gated_offline,context_noise_refinement
tw,20262358,100,20,2,0.0,0.45,0.1,support_offline,1.0,1.0,deterministic,20.0,0.1,0.95,True,4815.588581957236,481558.8581957236,609642.1025271137,78.99042014971502,128083.24433139013,0.43,0.68,0.08830954940562412,0.003684860563316033,0.6226305419999676,tw_support_offline,context_noise_refinement
tm_tw,20262678,100,20,2,0.0,0.45,0.1,support_offline,1.0,1.0,deterministic,20.0,0.1,0.95,True,5363.738033414294,536373.8033414293,636635.3005784209,84.2513449779021,100261.49723699153,0.45,0.68,0.08941134230966948,0.004486700188279408,0.6328401250000297,tm_tw_support_offline,context_noise_refinement
tm_tw_refined,20263506,100,20,2,0.0,0.45,0.1,support_offline,1.0,1.0,deterministic,20.0,0.1,0.95,True,5647.663730593971,564766.3730593971,685053.6441338394,82.4411895178618,120287.27107444231,0.53,0.88,0.09655948869136163,0.004154867219299927,0.6386176250000517,tm_tw_refined_support_offline,context_noise_refinement
oracle,20261640,100,20,2,0.0,0.45,0.2,dense,1.0,1.0,deterministic,20.0,0.1,0.95,False,8954.375869091464,895437.5869091464,949041.738385327,94.35176038017241,53604.15147618065,0.83,0.94,0.27290280656532917,0.03482185982506952,0.024374749999992673,oracle,context_noise_refinement
state_thompson,20262538,100,20,2,0.0,0.45,0.2,dense,1.0,1.0,deterministic,20.0,0.1,0.95,False,4926.178224239564,492617.82242395636,813116.6838259518,60.58390292842664,320498.8614019954,0.37,0.57,0.2631673126009213,0.03422755525501603,0.05113270800001146,state_thompson,context_noise_refinement
global_ucb_tw,20262374,100,20,2,0.0,0.45,0.2,dense,1.0,1.0,deterministic,20.0,0.1,0.95,False,5568.491251774813,556849.1251774812,937661.1020270175,59.38703482246363,380811.9768495363,0.41,0.56,0.26076969321373616,0.03263592517800792,0.6734964160000345,global_ucb_tw_dense,context_noise_refinement
local_ucb_tw,20262272,100,20,2,0.0,0.45,0.2,dense,1.0,1.0,deterministic,20.0,0.1,0.95,False,6574.064809240303,657406.4809240303,827424.0205497909,79.4521871007817,170017.53962576063,0.47,0.74,0.27189275412936076,0.03480444191250182,0.6361660000000029,local_ucb_tw_dense,context_noise_refinement
exp4,20261395,100,20,2,0.0,0.45,0.2,dense,1.0,1.0,deterministic,20.0,0.1,0.95,False,7373.225886171414,737322.5886171414,867202.887109263,85.02307817204519,129880.29849212163,0.56,0.8,0.27487987071354675,0.03610748199335931,0.6443109579999486,exp4_dense,context_noise_refinement
tw,20261245,100,20,2,0.0,0.45,0.2,dense,1.0,1.0,deterministic,20.0,0.1,0.95,False,5824.087936262502,582408.7936262502,832580.8582648039,69.95221999699326,250172.06463855365,0.42,0.73,0.2657283543482607,0.0339661100509888,0.6227180000000203,tw_dense,context_noise_refinement
tm_tw,20261565,100,20,2,0.0,0.45,0.2,dense,1.0,1.0,deterministic,20.0,0.1,0.95,False,5994.23265426478,599423.265426478,871487.6232598517,68.78161541575305,272064.3578333737,0.51,0.72,0.27803851313753153,0.03535191326346818,0.6352065840000023,tm_tw_dense,context_noise_refinement
tm_tw_refined,20262393,100,20,2,0.0,0.45,0.2,dense,1.0,1.0,deterministic,20.0,0.1,0.95,False,5997.2458609380365,599724.5860938036,792235.2415289993,75.70031660499555,192510.65543519566,0.48,0.81,0.2722462018891863,0.035694523696306865,0.64086258399999,tm_tw_refined_dense,context_noise_refinement
tw,20261457,100,20,2,0.0,0.45,0.2,offline,1.0,1.0,deterministic,20.0,0.1,0.95,False,2264.572694450298,226457.2694450298,787602.5254063953,28.75273531254614,561145.2559613655,0.17,0.52,0.18780337054357624,0.025220382345061604,0.6180572499999926,tw_offline,context_noise_refinement
tm_tw,20261777,100,20,2,0.0,0.45,0.2,offline,1.0,1.0,deterministic,20.0,0.1,0.95,False,4844.973846614046,484497.3846614046,898922.6432475743,53.89756151998143,414425.25858616974,0.39,0.61,0.18881737110954394,0.024979866216005255,0.6345132920000083,tm_tw_offline,context_noise_refinement
tm_tw_refined,20262605,100,20,2,0.0,0.45,0.2,offline,1.0,1.0,deterministic,20.0,0.1,0.95,False,7940.1686278477955,794016.8627847795,938655.0535603273,84.59091119501954,144638.19077554776,0.52,0.83,0.1915184094459408,0.024837084956534184,0.6443871669999908,tm_tw_refined_offline,context_noise_refinement
tw,20262069,100,20,2,0.0,0.45,0.2,gated_offline,1.0,1.0,deterministic,20.0,0.1,0.95,False,2231.0696861537476,223106.96861537476,870127.3657326093,25.640725415816387,647020.3971172345,0.18,0.47,0.18848816228333487,0.024812117247019063,0.6255600829999821,tw_gated_offline,context_noise_refinement
tm_tw,20262389,100,20,2,0.0,0.45,0.2,gated_offline,1.0,1.0,deterministic,20.0,0.1,0.95,False,5599.114613563549,559911.4613563549,855805.7832102032,65.42506166014414,295894.3218538483,0.49,0.75,0.18889865982256995,0.025007124218068676,0.6376541669999938,tm_tw_gated_offline,context_noise_refinement
tm_tw_refined,20263217,100,20,2,0.0,0.45,0.2,gated_offline,1.0,1.0,deterministic,20.0,0.1,0.95,False,7880.016262181568,788001.6262181568,947525.6663859844,83.16414575066045,159524.04016782762,0.56,0.83,0.1929768533621875,0.026025355100567887,0.6348372080000217,tm_tw_refined_gated_offline,context_noise_refinement
tw,20262349,100,20,2,0.0,0.45,0.2,support_offline,1.0,1.0,deterministic,20.0,0.1,0.95,True,8178.3828567299615,817838.2856729962,1028818.0242419385,79.49299744000908,210979.7385689423,0.58,0.78,0.09537740278779354,0.007981834122971513,0.6215194999999767,tw_support_offline,context_noise_refinement
tm_tw,20262669,100,20,2,0.0,0.45,0.2,support_offline,1.0,1.0,deterministic,20.0,0.1,0.95,True,3512.2113099967078,351221.1309996708,804416.8558932272,43.6615827262438,453195.7248935564,0.34,0.62,0.10501951946783786,0.007693275364099133,0.637009374999991,tm_tw_support_offline,context_noise_refinement
tm_tw_refined,20263497,100,20,2,0.0,0.45,0.2,support_offline,1.0,1.0,deterministic,20.0,0.1,0.95,True,6774.312433714725,677431.2433714725,899136.0787399242,75.3424603226738,221704.83536845178,0.45,0.71,0.09439027847556292,0.006238457597283484,0.6350839170000313,tm_tw_refined_support_offline,context_noise_refinement
oracle,20261641,100,20,2,0.0,0.45,0.2,dense,1.0,1.0,deterministic,20.0,0.1,0.95,False,9592.668688956846,959266.8688956846,1018817.0509018446,94.15496806286792,59550.18200616003,0.82,0.9,0.2696119246662842,0.034145354091145816,0.023295958000005612,oracle,context_noise_refinement
state_thompson,20262539,100,20,2,0.0,0.45,0.2,dense,1.0,1.0,deterministic,20.0,0.1,0.95,False,7080.873580408815,708087.3580408815,1204578.6500155686,58.78299088496461,496491.29197468713,0.37,0.66,0.26468198492610145,0.03423153483067891,0.0266415410000036,state_thompson,context_noise_refinement
global_ucb_tw,20262375,100,20,2,0.0,0.45,0.2,dense,1.0,1.0,deterministic,20.0,0.1,0.95,False,5564.46850647855,556446.850647855,942530.2948172168,59.03755600298935,386083.44416936184,0.27,0.55,0.2738278984635502,0.035858883904176346,0.6382540420000282,global_ucb_tw_dense,context_noise_refinement
local_ucb_tw,20262273,100,20,2,0.0,0.45,0.2,dense,1.0,1.0,deterministic,20.0,0.1,0.95,False,3624.2242179146024,362422.42179146025,950036.767092135,38.14825218825582,587614.3453006748,0.35,0.65,0.2637971556647779,0.03320781485118147,0.6357443330000478,local_ucb_tw_dense,context_noise_refinement
exp4,20261396,100,20,2,0.0,0.45,0.2,dense,1.0,1.0,deterministic,20.0,0.1,0.95,False,6295.309058429863,629530.9058429863,858026.4861227733,73.36963555608796,228495.58027978695,0.53,0.74,0.275101903681962,0.037206258118169674,0.6449250000000006,exp4_dense,context_noise_refinement
tw,20261246,100,20,2,0.0,0.45,0.2,dense,1.0,1.0,deterministic,20.0,0.1,0.95,False,4547.684935709328,454768.49357093277,937140.0559827617,48.527270888450644,482371.5624118289,0.34,0.61,0.26752823942498904,0.033497221038590506,0.6251711670000191,tw_dense,context_noise_refinement
tm_tw,20261566,100,20,2,0.0,0.45,0.2,dense,1.0,1.0,deterministic,20.0,0.1,0.95,False,5811.43020744276,581143.020744276,916165.6756601324,63.432088342050164,335022.65491585643,0.4,0.7,0.2692176826829033,0.03508014429697739,0.636466750000011,tm_tw_dense,context_noise_refinement
tm_tw_refined,20262394,100,20,2,0.0,0.45,0.2,dense,1.0,1.0,deterministic,20.0,0.1,0.95,False,6069.929201641866,606992.9201641866,894672.5703140218,67.84525873539833,287679.65014983516,0.46,0.67,0.27284691794401683,0.03583231541006148,0.6379279170000132,tm_tw_refined_dense,context_noise_refinement
tw,20261458,100,20,2,0.0,0.45,0.2,offline,1.0,1.0,deterministic,20.0,0.1,0.95,False,7564.28407394074,756428.407394074,1134337.5181761656,66.68459742125877,377909.1107820916,0.49,0.7,0.19010594684147075,0.025303192576219234,0.6208369580000408,tw_offline,context_noise_refinement
tm_tw,20261778,100,20,2,0.0,0.45,0.2,offline,1.0,1.0,deterministic,20.0,0.1,0.95,False,6331.477300068255,633147.7300068255,926660.3952303099,68.32575701581209,293512.6652234844,0.42,0.66,0.19272795615923988,0.02515163773171181,0.6309090830000059,tm_tw_offline,context_noise_refinement
tm_tw_refined,20262606,100,20,2,0.0,0.45,0.2,offline,1.0,1.0,deterministic,20.0,0.1,0.95,False,4846.822024709745,484682.20247097453,904227.899099031,53.601774835073094,419545.69662805647,0.34,0.65,0.1930396629737334,0.025710154265398365,0.6337699169999951,tm_tw_refined_offline,context_noise_refinement
tw,20262070,100,20,2,0.0,0.45,0.2,gated_offline,1.0,1.0,deterministic,20.0,0.1,0.95,False,5266.045431343943,526604.5431343943,931735.9152031229,56.518648099938495,405131.37206872855,0.35,0.61,0.19321573827587127,0.025217040276946236,0.6243350409999948,tw_gated_offline,context_noise_refinement
tm_tw,20262390,100,20,2,0.0,0.45,0.2,gated_offline,1.0,1.0,deterministic,20.0,0.1,0.95,False,4084.9105369187773,408491.05369187775,929499.2850008013,43.94743065257178,521008.23130892357,0.39,0.59,0.18925832892135142,0.025274804225787758,0.6322545000000446,tm_tw_gated_offline,context_noise_refinement
tm_tw_refined,20263218,100,20,2,0.0,0.45,0.2,gated_offline,1.0,1.0,deterministic,20.0,0.1,0.95,False,4887.425785140114,488742.5785140114,951337.408370538,51.37426261321264,462594.82985652663,0.34,0.63,0.19448327979447702,0.025439780125959367,0.6340584999999237,tm_tw_refined_gated_offline,context_noise_refinement
tw,20262350,100,20,2,0.0,0.45,0.2,support_offline,1.0,1.0,deterministic,20.0,0.1,0.95,True,6364.318041233677,636431.8041233676,911748.3746695595,69.80344816671887,275316.5705461919,0.53,0.75,0.09678069335378628,0.006699576042611161,0.6244313749999719,tw_support_offline,context_noise_refinement
tm_tw,20262670,100,20,2,0.0,0.45,0.2,support_offline,1.0,1.0,deterministic,20.0,0.1,0.95,True,7081.6856168988925,708168.5616898893,1048940.2770087419,67.51276285332186,340771.71531885257,0.53,0.69,0.09990008864803288,0.007990554696984859,0.6301117079999585,tm_tw_support_offline,context_noise_refinement
tm_tw_refined,20263498,100,20,2,0.0,0.45,0.2,support_offline,1.0,1.0,deterministic,20.0,0.1,0.95,True,6441.107224740378,644110.7224740378,893448.4711939787,72.09265483584821,249337.7487199409,0.47,0.68,0.10265230605986937,0.007192429964302283,0.6317357919999722,tm_tw_refined_support_offline,context_noise_refinement
oracle,20261642,100,20,2,0.0,0.45,0.2,dense,1.0,1.0,deterministic,20.0,0.1,0.95,False,16012.721755101917,1601272.1755101916,1680065.6280926522,95.31009674473768,78793.4525824606,0.88,0.97,0.26793922566149,0.035128090050700604,0.023917417000006935,oracle,context_noise_refinement
state_thompson,20262540,100,20,2,0.0,0.45,0.2,dense,1.0,1.0,deterministic,20.0,0.1,0.95,False,4590.502396430497,459050.2396430498,1362868.867664242,33.68264185458978,903818.6280211922,0.25,0.44,0.2620871330787819,0.03379450969857532,0.026399749999995947,state_thompson,context_noise_refinement
global_ucb_tw,20262376,100,20,2,0.0,0.45,0.2,dense,1.0,1.0,deterministic,20.0,0.1,0.95,False,4500.903245945705,450090.32459457044,1239908.1670237675,36.30029518032385,789817.842429197,0.27,0.64,0.27075810798323224,0.03396148573252711,0.6339179170000762,global_ucb_tw_dense,context_noise_refinement
local_ucb_tw,20262274,100,20,2,0.0,0.45,0.2,dense,1.0,1.0,deterministic,20.0,0.1,0.95,False,10495.294079362113,1049529.4079362112,1369423.601444537,76.64023073861986,319894.19350832584,0.39,0.67,0.26475805455182927,0.03435989315803866,0.6349524160000328,local_ucb_tw_dense,context_noise_refinement
exp4,20261397,100,20,2,0.0,0.45,0.2,dense,1.0,1.0,deterministic,20.0,0.1,0.95,False,11444.275461011326,1144427.5461011326,1463496.5846747675,78.19816992299019,319069.0385736348,0.41,0.68,0.2692419060947169,0.0347598617106463,0.6448399160000235,exp4_dense,context_noise_refinement
tw,20261247,100,20,2,0.0,0.45,0.2,dense,1.0,1.0,deterministic,20.0,0.1,0.95,False,10730.90898876861,1073090.898876861,1407502.5520399718,76.24077820118839,334411.65316311084,0.39,0.64,0.27394280038184016,0.03458903380658017,0.6262142920000997,tw_dense,context_noise_refinement
tm_tw,20261567,100,20,2,0.0,0.45,0.2,dense,1.0,1.0,deterministic,20.0,0.1,0.95,False,11453.665438352908,1145366.5438352907,1383082.9937693938,82.81256793663256,237716.44993410306,0.42,0.67,0.27075569881260236,0.034166033166389796,0.6545026250000774,tm_tw_dense,context_noise_refinement
tm_tw_refined,20262395,100,20,2,0.0,0.45,0.2,dense,1.0,1.0,deterministic,20.0,0.1,0.95,False,11300.900464458338,1130090.0464458338,1363231.3801073318,82.89788974464906,233141.33366149804,0.4,0.73,0.2742444180882615,0.03578006218698087,0.6474880419999636,tm_tw_refined_dense,context_noise_refinement
tw,20261459,100,20,2,0.0,0.45,0.2,offline,1.0,1.0,deterministic,20.0,0.1,0.95,False,3127.5190456289292,312751.9045628929,1125487.3799728663,27.788130735897976,812735.4754099734,0.13,0.48,0.18461736610019205,0.02471227502637066,0.6596064169999636,tw_offline,context_noise_refinement
tm_tw,20261779,100,20,2,0.0,0.45,0.2,offline,1.0,1.0,deterministic,20.0,0.1,0.95,False,9299.710993196193,929971.0993196194,1487133.6897739326,62.534465173806225,557162.5904543132,0.43,0.64,0.18992112964756214,0.02518736754161794,0.6371089579999989,tm_tw_offline,context_noise_refinement
tm_tw_refined,20262607,100,20,2,0.0,0.45,0.2,offline,1.0,1.0,deterministic,20.0,0.1,0.95,False,5880.797387117094,588079.7387117094,1352507.863607649,43.480689061805435,764428.1248959396,0.37,0.71,0.19210667499448755,0.025861695641269146,0.6456868340000028,tm_tw_refined_offline,context_noise_refinement
tw,20262071,100,20,2,0.0,0.45,0.2,gated_offline,1.0,1.0,deterministic,20.0,0.1,0.95,False,5975.822967466182,597582.2967466181,1163421.8662384213,51.36419677917202,565839.5694918032,0.29,0.58,0.1958084103673873,0.025522563318817217,0.6383759999999938,tw_gated_offline,context_noise_refinement
tm_tw,20262391,100,20,2,0.0,0.45,0.2,gated_offline,1.0,1.0,deterministic,20.0,0.1,0.95,False,6717.160978432159,671716.0978432159,1334323.433122577,50.341325136685136,662607.335279361,0.36,0.69,0.19038996969928731,0.025278892644897785,0.6388995830000113,tm_tw_gated_offline,context_noise_refinement
tm_tw_refined,20263219,100,20,2,0.0,0.45,0.2,gated_offline,1.0,1.0,deterministic,20.0,0.1,0.95,False,8005.231871509221,800523.187150922,1444250.5835153766,55.42827514062064,643727.3963644545,0.36,0.68,0.18699295551665698,0.02510843350229646,0.6812737919999563,tm_tw_refined_gated_offline,context_noise_refinement
tw,20262351,100,20,2,0.0,0.45,0.2,support_offline,1.0,1.0,deterministic,20.0,0.1,0.95,True,7715.013262174769,771501.3262174769,1369099.6082563936,56.351000435973866,597598.2820389167,0.43,0.62,0.10692673850902691,0.007278966121505817,0.6240231670000185,tw_support_offline,context_noise_refinement
tm_tw,20262671,100,20,2,0.0,0.45,0.2,support_offline,1.0,1.0,deterministic,20.0,0.1,0.95,True,13207.762954487227,1320776.2954487228,1664075.6611358847,79.3699665402937,343299.3656871619,0.61,0.74,0.10361083259339669,0.0066926895784850254,0.6142288750000944,tm_tw_support_offline,context_noise_refinement
tm_tw_refined,20263499,100,20,2,0.0,0.45,0.2,support_offline,1.0,1.0,deterministic,20.0,0.1,0.95,True,12647.342880827906,1264734.2880827906,1394875.1810681222,90.6700689243265,130140.8929853316,0.58,0.8,0.10154486844733356,0.006975828145950077,0.6266228329999421,tm_tw_refined_support_offline,context_noise_refinement
oracle,20261643,100,20,2,0.0,0.45,0.2,dense,1.0,1.0,deterministic,20.0,0.1,0.95,False,8262.29033572926,826229.0335729261,895849.0082734397,92.22860392124656,69619.97470051365,0.83,0.93,0.26483279935798765,0.03443301159135681,0.022687874999974156,oracle,context_noise_refinement
state_thompson,20262541,100,20,2,0.0,0.45,0.2,dense,1.0,1.0,deterministic,20.0,0.1,0.95,False,3895.9337948813936,389593.37948813936,820625.619900007,47.47516651205835,431032.2404118677,0.35,0.58,0.27829254677055815,0.03604925895154141,0.024900750000028893,state_thompson,context_noise_refinement
global_ucb_tw,20262377,100,20,2,0.0,0.45,0.2,dense,1.0,1.0,deterministic,20.0,0.1,0.95,False,4634.75820537298,463475.820537298,844928.34497396,54.85386107523497,381452.524436662,0.36,0.62,0.2686740267684066,0.03409432927193269,0.6203225830000747,global_ucb_tw_dense,context_noise_refinement
local_ucb_tw,20262275,100,20,2,0.0,0.45,0.2,dense,1.0,1.0,deterministic,20.0,0.1,0.95,False,5036.604151733063,503660.4151733063,801137.4909601685,62.86816193930283,297477.07578686223,0.39,0.66,0.2745808869580487,0.0350244548604035,0.6305563329999586,local_ucb_tw_dense,context_noise_refinement
exp4,20261398,100,20,2,0.0,0.45,0.2,dense,1.0,1.0,deterministic,20.0,0.1,0.95,False,6854.364407651229,685436.4407651229,830157.735594651,82.5670124333826,144721.29482952808,0.57,0.76,0.2746064868786453,0.0353647129538713,0.6335365829999091,exp4_dense,context_noise_refinement
tw,20261248,100,20,2,0.0,0.45,0.2,dense,1.0,1.0,deterministic,20.0,0.1,0.95,False,3179.5624053517026,317956.24053517025,813838.9440950666,39.06869323987879,495882.7035598964,0.24,0.56,0.27077808316714147,0.0339557754022804,0.612878834000071,tw_dense,context_noise_refinement
tm_tw,20261568,100,20,2,0.0,0.45,0.2,dense,1.0,1.0,deterministic,20.0,0.1,0.95,False,5243.949082398471,524394.908239847,818725.6701866974,64.05013636866511,294330.76194685034,0.42,0.68,0.26307803968505694,0.0343101871579047,0.6280312080000385,tm_tw_dense,context_noise_refinement
tm_tw_refined,20262396,100,20,2,0.0,0.45,0.2,dense,1.0,1.0,deterministic,20.0,0.1,0.95,False,7763.779850607631,776377.9850607631,847910.9124168742,91.56362699092826,71532.92735611112,0.63,0.85,0.2754346662134351,0.03604642528180332,0.637670250000042,tm_tw_refined_dense,context_noise_refinement
tw,20261460,100,20,2,0.0,0.45,0.2,offline,1.0,1.0,deterministic,20.0,0.1,0.95,False,6389.914027463982,638991.4027463982,804165.5820589702,79.46017797856217,165174.179312572,0.52,0.68,0.18894188734122971,0.025053488303641607,0.6240608750000547,tw_offline,context_noise_refinement
tm_tw,20261780,100,20,2,0.0,0.45,0.2,offline,1.0,1.0,deterministic,20.0,0.1,0.95,False,6417.299359133805,641729.9359133806,899033.9709238602,71.37994299080042,257304.03501047962,0.43,0.62,0.189244533593971,0.02520663198489399,0.6486741249999568,tm_tw_offline,context_noise_refinement
tm_tw_refined,20262608,100,20,2,0.0,0.45,0.2,offline,1.0,1.0,deterministic,20.0,0.1,0.95,False,6500.157823529438,650015.7823529438,800479.1691131431,81.20333513151893,150463.38676019933,0.53,0.81,0.1853118246259255,0.024826146663936965,0.6340617920000113,tm_tw_refined_offline,context_noise_refinement
tw,20262072,100,20,2,0.0,0.45,0.2,gated_offline,1.0,1.0,deterministic,20.0,0.1,0.95,False,6191.260383379865,619126.0383379865,879874.5607433355,70.36526181810922,260748.52240534907,0.53,0.72,0.1894001603448627,0.025297494687083092,0.6192569160000403,tw_gated_offline,context_noise_refinement
tm_tw,20262392,100,20,2,0.0,0.45,0.2,gated_offline,1.0,1.0,deterministic,20.0,0.1,0.95,False,6262.214774605597,626221.4774605597,831783.7994992107,75.28656819687842,205562.32203865098,0.48,0.68,0.1914085317325268,0.02545972873544908,0.6277949579999813,tm_tw_gated_offline,context_noise_refinement
tm_tw_refined,20263220,100,20,2,0.0,0.45,0.2,gated_offline,1.0,1.0,deterministic,20.0,0.1,0.95,False,6197.827766881531,619782.776688153,825813.0460550217,75.0512212962616,206030.26936686866,0.5,0.76,0.18741253440702071,0.02503556443126801,0.6259525000000394,tm_tw_refined_gated_offline,context_noise_refinement
tw,20262352,100,20,2,0.0,0.45,0.2,support_offline,1.0,1.0,deterministic,20.0,0.1,0.95,True,5795.678471378998,579567.8471378998,844440.5614642903,68.63335012388656,264872.7143263904,0.41,0.67,0.09901266357410164,0.0069992266786369035,0.6292700000000195,tw_support_offline,context_noise_refinement
tm_tw,20262672,100,20,2,0.0,0.45,0.2,support_offline,1.0,1.0,deterministic,20.0,0.1,0.95,True,4911.517868725552,491151.7868725552,840914.6156730414,58.406855787546625,349762.8288004862,0.37,0.66,0.10282164882834531,0.0071444446337410586,0.6374301660000583,tm_tw_support_offline,context_noise_refinement
tm_tw_refined,20263500,100,20,2,0.0,0.45,0.2,support_offline,1.0,1.0,deterministic,20.0,0.1,0.95,True,6186.652681471577,618665.2681471577,818110.626082902,75.62122388133683,199445.35793574422,0.49,0.79,0.10133406266962403,0.007332993864128065,0.6185334999998986,tm_tw_refined_support_offline,context_noise_refinement
oracle,20261644,100,20,2,0.0,0.45,0.2,dense,1.0,1.0,deterministic,20.0,0.1,0.95,False,8206.083079565913,820608.3079565912,929981.0449038094,88.23925094532105,109372.73694721819,0.84,0.93,0.2617114970429509,0.034093215628878966,0.02282975000002807,oracle,context_noise_refinement
state_thompson,20262542,100,20,2,0.0,0.45,0.2,dense,1.0,1.0,deterministic,20.0,0.1,0.95,False,4235.592958699519,423559.2958699519,833532.3473749885,50.81498003093113,409973.0515050366,0.37,0.58,0.26725415413757375,0.033907262970030445,0.025169749999918167,state_thompson,context_noise_refinement
global_ucb_tw,20262378,100,20,2,0.0,0.45,0.2,dense,1.0,1.0,deterministic,20.0,0.1,0.95,False,4998.002888415414,499800.28884154145,857574.5821339543,58.28067893498644,357774.2932924128,0.36,0.72,0.2760322885191389,0.035288154625529804,0.6109992920000877,global_ucb_tw_dense,context_noise_refinement
local_ucb_tw,20262276,100,20,2,0.0,0.45,0.2,dense,1.0,1.0,deterministic,20.0,0.1,0.95,False,5177.492193347384,517749.21933473845,872620.1178932171,59.332716346805064,354870.8985584787,0.29,0.48,0.2727027095499034,0.03491959332472885,0.6118804999999838,local_ucb_tw_dense,context_noise_refinement
exp4,20261399,100,20,2,0.0,0.45,0.2,dense,1.0,1.0,deterministic,20.0,0.1,0.95,False,7423.4976052952115,742349.7605295212,891746.7740714309,83.24669986078999,149397.01354190975,0.49,0.73,0.2758775201389737,0.03701621163746699,0.6147599159999118,exp4_dense,context_noise_refinement
tw,20261249,100,20,2,0.0,0.45,0.2,dense,1.0,1.0,deterministic,20.0,0.1,0.95,False,6683.065443913214,668306.5443913214,862792.2818219485,77.45856777717879,194485.7374306271,0.51,0.73,0.26333917274785074,0.03338366752917395,0.59939487500003,tw_dense,context_noise_refinement
tm_tw,20261569,100,20,2,0.0,0.45,0.2,dense,1.0,1.0,deterministic,20.0,0.1,0.95,False,5361.158773851576,536115.8773851576,850200.5099970642,63.05758125068743,314084.6326119066,0.4,0.71,0.2761884133227824,0.03517025564386477,0.6074826249999887,tm_tw_dense,context_noise_refinement
tm_tw_refined,20262397,100,20,2,0.0,0.45,0.2,dense,1.0,1.0,deterministic,20.0,0.1,0.95,False,6951.605382971943,695160.5382971943,858586.0152497925,80.96574203982904,163425.4769525982,0.54,0.78,0.26421873645202776,0.03486128608275541,0.6146009580000964,tm_tw_refined_dense,context_noise_refinement
tw,20261461,100,20,2,0.0,0.45,0.2,offline,1.0,1.0,deterministic,20.0,0.1,0.95,False,5359.9384525800815,535993.8452580081,820052.7016967449,65.36090231140027,284058.8564387368,0.41,0.64,0.18311084029129115,0.02436739127773051,0.5961659590000181,tw_offline,context_noise_refinement
tm_tw,20261781,100,20,2,0.0,0.45,0.2,offline,1.0,1.0,deterministic,20.0,0.1,0.95,False,6223.297510595348,622329.7510595348,839643.7101623289,74.11831274710786,217313.95910279406,0.51,0.78,0.18203649208460435,0.02464047001592195,0.607299624999996,tm_tw_offline,context_noise_refinement
tm_tw_refined,20262609,100,20,2,0.0,0.45,0.2,offline,1.0,1.0,deterministic,20.0,0.1,0.95,False,6669.525185229337,666952.5185229337,823601.3142974912,80.98002115159633,156648.7957745575,0.43,0.7,0.19341510616017887,0.02552925411674864,0.6041787089999389,tm_tw_refined_offline,context_noise_refinement
tw,20262073,100,20,2,0.0,0.45,0.2,gated_offline,1.0,1.0,deterministic,20.0,0.1,0.95,False,2895.638466335153,289563.8466335153,737894.320479615,39.241912913126264,448330.4738460997,0.21,0.47,0.19645804255824362,0.02568432148713628,0.6170340410000108,tw_gated_offline,context_noise_refinement
tm_tw,20262393,100,20,2,0.0,0.45,0.2,gated_offline,1.0,1.0,deterministic,20.0,0.1,0.95,False,5629.03601487856,562903.601487856,808674.6143194571,69.60817014907404,245771.01283160108,0.36,0.67,0.19002261156794714,0.025159116060936782,0.641734917000008,tm_tw_gated_offline,context_noise_refinement
tm_tw_refined,20263221,100,20,2,0.0,0.45,0.2,gated_offline,1.0,1.0,deterministic,20.0,0.1,0.95,False,6577.581425721783,657758.1425721783,863369.6489164858,76.18499716751144,205611.50634430756,0.56,0.74,0.19145539530921032,0.02504343226828771,0.6460186250000106,tm_tw_refined_gated_offline,context_noise_refinement
tw,20262353,100,20,2,0.0,0.45,0.2,support_offline,1.0,1.0,deterministic,20.0,0.1,0.95,True,5974.067466598022,597406.7466598023,867787.6877970695,68.84250088594304,270380.9411372673,0.4,0.65,0.10211747870712895,0.007097852247600366,0.6140187080000032,tw_support_offline,context_noise_refinement
tm_tw,20262673,100,20,2,0.0,0.45,0.2,support_offline,1.0,1.0,deterministic,20.0,0.1,0.95,True,6721.647477963284,672164.7477963284,923472.5417120589,72.78665227557042,251307.79391573055,0.45,0.74,0.10178604693845716,0.007115563813500445,0.6219712079999908,tm_tw_support_offline,context_noise_refinement
tm_tw_refined,20263501,100,20,2,0.0,0.45,0.2,support_offline,1.0,1.0,deterministic,20.0,0.1,0.95,True,7040.795590427929,704079.5590427929,800199.0918614327,87.98804775008612,96119.53281863977,0.53,0.87,0.10624291942291071,0.007959584433028495,0.6252399999999625,tm_tw_refined_support_offline,context_noise_refinement
oracle,20261645,100,20,2,0.0,0.45,0.2,dense,1.0,1.0,deterministic,20.0,0.1,0.95,False,6276.909075290261,627690.9075290262,695642.2255934327,90.23185833688586,67951.31806440651,0.87,0.93,0.26798537940751604,0.03401904875121708,0.023183250000101907,oracle,context_noise_refinement
state_thompson,20262543,100,20,2,0.0,0.45,0.2,dense,1.0,1.0,deterministic,20.0,0.1,0.95,False,4379.60284058699,437960.284058699,686356.8241306974,63.80941642321338,248396.54007199843,0.41,0.59,0.2723348728003349,0.03536290611433265,0.025240333000056125,state_thompson,context_noise_refinement
global_ucb_tw,20262379,100,20,2,0.0,0.45,0.2,dense,1.0,1.0,deterministic,20.0,0.1,0.95,False,4054.3322263864293,405433.22263864294,659273.5529135427,61.496964476567065,253840.33027489978,0.34,0.6,0.2720066359977967,0.034976903742952245,0.6091618750000407,global_ucb_tw_dense,context_noise_refinement
local_ucb_tw,20262277,100,20,2,0.0,0.45,0.2,dense,1.0,1.0,deterministic,20.0,0.1,0.95,False,4763.9507090025945,476395.0709002595,709186.7825291326,67.17483780525615,232791.71162887308,0.45,0.8,0.2641712457681718,0.035793549927644074,0.6056466670000873,local_ucb_tw_dense,context_noise_refinement
exp4,20261400,100,20,2,0.0,0.45,0.2,dense,1.0,1.0,deterministic,20.0,0.1,0.95,False,4796.145155626069,479614.5155626069,643482.0091677853,74.5342540629678,163867.49360517837,0.41,0.75,0.2738498263297118,0.03514043018322619,0.6149945829999979,exp4_dense,context_noise_refinement
tw,20261250,100,20,2,0.0,0.45,0.2,dense,1.0,1.0,deterministic,20.0,0.1,0.95,False,3450.197456381541,345019.7456381541,635249.6610826387,54.31246433884692,290229.91544448456,0.37,0.63,0.26786675383573827,0.034214010905879666,0.5983336250000093,tw_dense,context_noise_refinement
tm_tw,20261570,100,20,2,0.0,0.45,0.2,dense,1.0,1.0,deterministic,20.0,0.1,0.95,False,4934.537694949316,493453.76949493156,656492.3710039783,75.16519479735756,163038.60150904674,0.46,0.76,0.26592538383630837,0.03362382125720214,0.6114835829999947,tm_tw_dense,context_noise_refinement
tm_tw_refined,20262398,100,20,2,0.0,0.45,0.2,dense,1.0,1.0,deterministic,20.0,0.1,0.95,False,5259.32585246961,525932.585246961,646494.8063270809,81.3514014497552,120562.22108011995,0.48,0.81,0.27147495807859423,0.03565876119442453,0.6249606669999821,tm_tw_refined_dense,context_noise_refinement
tw,20261462,100,20,2,0.0,0.45,0.2,offline,1.0,1.0,deterministic,20.0,0.1,0.95,False,5242.166800734588,524216.6800734588,703082.0774976913,74.55981269486709,178865.39742423245,0.51,0.73,0.18660875606495225,0.02458068573151273,0.6273447920000308,tw_offline,context_noise_refinement
tm_tw,20261782,100,20,2,0.0,0.45,0.2,offline,1.0,1.0,deterministic,20.0,0.1,0.95,False,2874.1524194320677,287415.24194320675,621684.3053195548,46.231703049905875,334269.063376348,0.26,0.49,0.19423417574671356,0.026151839771699128,0.6374878750000335,tm_tw_offline,context_noise_refinement
tm_tw_refined,20262610,100,20,2,0.0,0.45,0.2,offline,1.0,1.0,deterministic,20.0,0.1,0.95,False,6390.637025672116,639063.7025672116,748155.3960467413,85.4185782718442,109091.6934795297,0.57,0.81,0.19484331063770174,0.02592784575052874,0.6389854999999898,tm_tw_refined_offline,context_noise_refinement
tw,20262074,100,20,2,0.0,0.45,0.2,gated_offline,1.0,1.0,deterministic,20.0,0.1,0.95,False,1625.1669187754608,162516.69187754608,623467.5363332912,26.06658445014344,460950.84445574513,0.17,0.44,0.18974045592977387,0.024964583102392687,0.6233034169999883,tw_gated_offline,context_noise_refinement
tm_tw,20262394,100,20,2,0.0,0.45,0.2,gated_offline,1.0,1.0,deterministic,20.0,0.1,0.95,False,2533.0502311416044,253305.02311416046,601002.0387543734,42.14711544725474,347697.015640213,0.22,0.54,0.19316051063293016,0.025257614747841897,0.615344499999992,tm_tw_gated_offline,context_noise_refinement
tm_tw_refined,20263222,100,20,2,0.0,0.45,0.2,gated_offline,1.0,1.0,deterministic,20.0,0.1,0.95,False,5602.948485063107,560294.8485063107,650497.828201524,86.13323891570805,90202.97969521326,0.51,0.83,0.19180535124455106,0.025987816936546098,0.6120257499999298,tm_tw_refined_gated_offline,context_noise_refinement
tw,20262354,100,20,2,0.0,0.45,0.2,support_offline,1.0,1.0,deterministic,20.0,0.1,0.95,True,4472.703440572348,447270.34405723476,649959.3015962988,68.81513087953964,202688.95753906405,0.43,0.75,0.09782921223110068,0.006827916472703028,0.6046842499999912,tw_support_offline,context_noise_refinement
tm_tw,20262674,100,20,2,0.0,0.45,0.2,support_offline,1.0,1.0,deterministic,20.0,0.1,0.95,True,4205.542816463574,420554.2816463574,684863.0708378967,61.40706070365711,264308.7891915393,0.3,0.63,0.10113511249910101,0.0075593083400590415,0.6050523750000139,tm_tw_support_offline,context_noise_refinement
tm_tw_refined,20263502,100,20,2,0.0,0.45,0.2,support_offline,1.0,1.0,deterministic,20.0,0.1,0.95,True,5967.136414071596,596713.6414071596,686722.9830483902,86.89291841643691,90009.34164123063,0.69,0.83,0.09518004027455505,0.006623536530683312,0.6250713749999477,tm_tw_refined_support_offline,context_noise_refinement
oracle,20261646,100,20,2,0.0,0.45,0.2,dense,1.0,1.0,deterministic,20.0,0.1,0.95,False,11296.565753921477,1129656.5753921478,1227570.2031235804,92.0237858916509,97913.62773143267,0.8,0.89,0.27405784057511307,0.03546746916896703,0.025603832999991027,oracle,context_noise_refinement
state_thompson,20262544,100,20,2,0.0,0.45,0.2,dense,1.0,1.0,deterministic,20.0,0.1,0.95,False,7332.284937507535,733228.4937507535,1095812.5592216814,66.91185345343557,362584.065470928,0.45,0.67,0.2607486825823732,0.03412488395263003,0.027695416000028672,state_thompson,context_noise_refinement
global_ucb_tw,20262380,100,20,2,0.0,0.45,0.2,dense,1.0,1.0,deterministic,20.0,0.1,0.95,False,4217.869440424689,421786.9440424689,953790.2410124136,44.22219120157462,532003.2969699447,0.21,0.52,0.26500457736642213,0.034174212576138396,0.6111213750000388,global_ucb_tw_dense,context_noise_refinement
local_ucb_tw,20262278,100,20,2,0.0,0.45,0.2,dense,1.0,1.0,deterministic,20.0,0.1,0.95,False,7563.941961777021,756394.196177702,1052352.3677527064,71.87651392783754,295958.17157500435,0.45,0.73,0.26925624410720467,0.03417550265553119,0.6286858750000874,local_ucb_tw_dense,context_noise_refinement
exp4,20261401,100,20,2,0.0,0.45,0.2,dense,1.0,1.0,deterministic,20.0,0.1,0.95,False,8110.51655284233,811051.655284233,1047471.6601469868,77.4294604944655,236420.0048627538,0.45,0.72,0.27334916417058963,0.03619924448669099,0.6432559170000332,exp4_dense,context_noise_refinement
tw,20261251,100,20,2,0.0,0.45,0.2,dense,1.0,1.0,deterministic,20.0,0.1,0.95,False,7996.812974761724,799681.2974761724,1151164.8268150582,69.46714135530534,351483.5293388858,0.45,0.68,0.26219542837707255,0.03296863083025708,0.6484695829999509,tw_dense,context_noise_refinement
tm_tw,20261571,100,20,2,0.0,0.45,0.2,dense,1.0,1.0,deterministic,20.0,0.1,0.95,False,5500.259098673045,550025.9098673045,992235.7388432326,55.43298717586359,442209.82897592813,0.34,0.56,0.2639901931720046,0.03422708540468883,0.6245208330000196,tm_tw_dense,context_noise_refinement
tm_tw_refined,20262399,100,20,2,0.0,0.45,0.2,dense,1.0,1.0,deterministic,20.0,0.1,0.95,False,8575.143527538787,857514.3527538787,1064742.8311873802,80.53722717227366,207228.47843350156,0.5,0.72,0.27249962676058004,0.03594666092347975,0.6251456670000834,tm_tw_refined_dense,context_noise_refinement
tw,20261463,100,20,2,0.0,0.45,0.2,offline,1.0,1.0,deterministic,20.0,0.1,0.95,False,5445.748266352977,544574.8266352977,1012040.2378802403,53.8096022521725,467465.4112449426,0.36,0.52,0.19277646529644227,0.025166821924425483,0.6127255000000105,tw_offline,context_noise_refinement
tm_tw,20261783,100,20,2,0.0,0.45,0.2,offline,1.0,1.0,deterministic,20.0,0.1,0.95,False,6258.732428797251,625873.2428797251,1007195.8573492937,62.14017247120918,381322.6144695686,0.4,0.65,0.19382010395165902,0.02537539568310299,0.6193904160001011,tm_tw_offline,context_noise_refinement
tm_tw_refined,20262611,100,20,2,0.0,0.45,0.2,offline,1.0,1.0,deterministic,20.0,0.1,0.95,False,9138.35141443356,913835.141443356,1098354.2175074723,83.2004035562543,184519.0760641162,0.53,0.79,0.18893555519138217,0.025374474651824963,0.6276562079999621,tm_tw_refined_offline,context_noise_refinement
tw,20262075,100,20,2,0.0,0.45,0.2,gated_offline,1.0,1.0,deterministic,20.0,0.1,0.95,False,7848.718527332798,784871.8527332798,1018345.1262869404,77.07326646665027,233473.2735536606,0.5,0.67,0.19816395015751256,0.025918355012315895,0.633792834000019,tw_gated_offline,context_noise_refinement
tm_tw,20262395,100,20,2,0.0,0.45,0.2,gated_offline,1.0,1.0,deterministic,20.0,0.1,0.95,False,8399.642116819128,839964.2116819128,1110041.8424957152,75.66959906605098,270077.6308138025,0.47,0.64,0.18912825302858058,0.02516886205776544,0.6322913750000225,tm_tw_gated_offline,context_noise_refinement
tm_tw_refined,20263223,100,20,2,0.0,0.45,0.2,gated_offline,1.0,1.0,deterministic,20.0,0.1,0.95,False,8763.149435268619,876314.9435268618,1157872.7538709515,75.68318199018006,281557.81034408964,0.55,0.76,0.1838989620196135,0.0246702540424891,0.6236850420000337,tm_tw_refined_gated_offline,context_noise_refinement
tw,20262355,100,20,2,0.0,0.45,0.2,support_offline,1.0,1.0,deterministic,20.0,0.1,0.95,True,7561.499376062438,756149.9376062439,1077626.7616390039,70.16807344837896,321476.82403276,0.57,0.77,0.10304520424517549,0.007154413440051278,0.6059030830000438,tw_support_offline,context_noise_refinement
tm_tw,20262675,100,20,2,0.0,0.45,0.2,support_offline,1.0,1.0,deterministic,20.0,0.1,0.95,True,3659.694472272356,365969.4472272356,927976.6687846731,39.43735435789871,562007.2215574374,0.28,0.45,0.10005189714143366,0.007089203156726904,0.6220442920000551,tm_tw_support_offline,context_noise_refinement
tm_tw_refined,20263503,100,20,2,0.0,0.45,0.2,support_offline,1.0,1.0,deterministic,20.0,0.1,0.95,True,7504.351106722279,750435.1106722279,921067.7650543529,81.47447333888013,170632.654382125,0.51,0.77,0.09093227096138817,0.006696324143320235,0.6241300829999545,tm_tw_refined_support_offline,context_noise_refinement
oracle,20261647,100,20,2,0.0,0.45,0.2,dense,1.0,1.0,deterministic,20.0,0.1,0.95,False,7533.7548749581365,753375.4874958136,837847.5015739852,89.91797267169957,84472.01407817157,0.86,0.98,0.26555291865185227,0.03404267095244271,0.024227290999988327,oracle,context_noise_refinement
state_thompson,20262545,100,20,2,0.0,0.45,0.2,dense,1.0,1.0,deterministic,20.0,0.1,0.95,False,4597.680073196225,459768.00731962244,688272.0164670197,66.80033421664665,228504.00914739724,0.41,0.59,0.2635417074051849,0.033741180399882255,0.02600966700003937,state_thompson,context_noise_refinement
global_ucb_tw,20262381,100,20,2,0.0,0.45,0.2,dense,1.0,1.0,deterministic,20.0,0.1,0.95,False,4285.803394468665,428580.3394468665,732471.2174745632,58.51156048486642,303890.8780276967,0.47,0.74,0.2673441513442358,0.03482662059766197,0.6203626669999949,global_ucb_tw_dense,context_noise_refinement
local_ucb_tw,20262279,100,20,2,0.0,0.45,0.2,dense,1.0,1.0,deterministic,20.0,0.1,0.95,False,5571.347010647345,557134.7010647345,762441.1340934101,73.0724873241791,205306.43302867562,0.54,0.74,0.2613895074175175,0.03440609580623846,0.6258345420000069,local_ucb_tw_dense,context_noise_refinement
exp4,20261402,100,20,2,0.0,0.45,0.2,dense,1.0,1.0,deterministic,20.0,0.1,0.95,False,5396.220033273821,539622.0033273821,682747.175410806,79.03687085965518,143125.17208342382,0.49,0.63,0.2633208557820078,0.03535137393910575,0.6356336249999686,exp4_dense,context_noise_refinement
tw,20261252,100,20,2,0.0,0.45,0.2,dense,1.0,1.0,deterministic,20.0,0.1,0.95,False,2373.1229149959154,237312.29149959152,735965.7393694107,32.245018864998414,498653.4478698191,0.21,0.55,0.26413430619469663,0.03389006685975302,0.6063467090000358,tw_dense,context_noise_refinement
tm_tw,20261572,100,20,2,0.0,0.45,0.2,dense,1.0,1.0,deterministic,20.0,0.1,0.95,False,4088.670683185796,408867.0683185796,687268.36174359,59.49161798766492,278401.2934250104,0.41,0.6,0.261833810372078,0.03390960759006408,0.6243978339999785,tm_tw_dense,context_noise_refinement
tm_tw_refined,20262400,100,20,2,0.0,0.45,0.2,dense,1.0,1.0,deterministic,20.0,0.1,0.95,False,6058.492838908612,605849.2838908612,760510.613071435,79.66348838237101,154661.3291805738,0.56,0.73,0.27362112398790733,0.03572734168668548,0.6250855419999652,tm_tw_refined_dense,context_noise_refinement
tw,20261464,100,20,2,0.0,0.45,0.2,offline,1.0,1.0,deterministic,20.0,0.1,0.95,False,3896.277426519362,389627.7426519362,721978.520478362,53.96666681908766,332350.7778264258,0.34,0.53,0.1905415325149145,0.02557885170760147,0.5931870829999752,tw_offline,context_noise_refinement
tm_tw,20261784,100,20,2,0.0,0.45,0.2,offline,1.0,1.0,deterministic,20.0,0.1,0.95,False,3091.45746393403,309145.746393403,707671.0795300562,43.6849484648571,398525.33313665324,0.31,0.59,0.19742858567157281,0.025781250399523555,0.6081309580000607,tm_tw_offline,context_noise_refinement
tm_tw_refined,20262612,100,20,2,0.0,0.45,0.2,offline,1.0,1.0,deterministic,20.0,0.1,0.95,False,6433.108882956713,643310.8882956713,769809.2889986235,83.56756634263239,126498.40070295217,0.6,0.78,0.18360382898907518,0.024875932546366428,0.6172794999999951,tm_tw_refined_offline,context_noise_refinement
tw,20262076,100,20,2,0.0,0.45,0.2,gated_offline,1.0,1.0,deterministic,20.0,0.1,0.95,False,3646.9221078037126,364692.2107803713,691547.219348642,52.73569187710268,326855.0085682708,0.35,0.55,0.18827432824708173,0.024832957229786706,0.6130557920000683,tw_gated_offline,context_noise_refinement
tm_tw,20262396,100,20,2,0.0,0.45,0.2,gated_offline,1.0,1.0,deterministic,20.0,0.1,0.95,False,5719.533850571508,571953.3850571509,696807.9411471171,82.0819269245949,124854.55608996621,0.6,0.86,0.18944186687728373,0.02494381736434988,0.6194618749999563,tm_tw_gated_offline,context_noise_refinement
tm_tw_refined,20263224,100,20,2,0.0,0.45,0.2,gated_offline,1.0,1.0,deterministic,20.0,0.1,0.95,False,6519.167295692801,651916.7295692802,734626.8565153945,88.74120565936849,82710.12694611435,0.57,0.79,0.19141316510973397,0.025297310218217572,0.6230295420000402,tm_tw_refined_gated_offline,context_noise_refinement
tw,20262356,100,20,2,0.0,0.45,0.2,support_offline,1.0,1.0,deterministic,20.0,0.1,0.95,True,3612.9919710181093,361299.19710181095,749732.7745817818,48.19039654540272,388433.5774799709,0.35,0.63,0.10679865698539259,0.006938284369379078,0.6145142919999671,tw_support_offline,context_noise_refinement
tm_tw,20262676,100,20,2,0.0,0.45,0.2,support_offline,1.0,1.0,deterministic,20.0,0.1,0.95,True,4803.236913248366,480323.69132483663,765880.7746734037,62.71520414253278,285557.0833485671,0.41,0.59,0.10868921565622769,0.007236724088529992,0.6182172080000328,tm_tw_support_offline,context_noise_refinement
tm_tw_refined,20263504,100,20,2,0.0,0.45,0.2,support_offline,1.0,1.0,deterministic,20.0,0.1,0.95,True,6201.037581991828,620103.7581991828,731581.5759180431,84.76207966569284,111477.81771886034,0.6,0.8,0.10023774621658964,0.007771090087028735,0.6180013750000626,tm_tw_refined_support_offline,context_noise_refinement
oracle,20261648,100,20,2,0.0,0.45,0.2,dense,1.0,1.0,deterministic,20.0,0.1,0.95,False,11363.193020395729,1136319.302039573,1293497.8249532417,87.84856689501193,157178.52291366877,0.8,0.94,0.2709589794003977,0.03439212689355343,0.023335374999987835,oracle,context_noise_refinement
state_thompson,20262546,100,20,2,0.0,0.45,0.2,dense,1.0,1.0,deterministic,20.0,0.1,0.95,False,4040.411753996078,404041.1753996078,1180428.2195458887,34.228356176967935,776387.044146281,0.2,0.37,0.26904603498751656,0.03512688995106969,0.025265999999987798,state_thompson,context_noise_refinement
global_ucb_tw,20262382,100,20,2,0.0,0.45,0.2,dense,1.0,1.0,deterministic,20.0,0.1,0.95,False,3409.403318077763,340940.3318077763,880666.7382722773,38.71388767068062,539726.406464501,0.21,0.41,0.28012780074406873,0.03643547972078642,0.619563458000016,global_ucb_tw_dense,context_noise_refinement
local_ucb_tw,20262280,100,20,2,0.0,0.45,0.2,dense,1.0,1.0,deterministic,20.0,0.1,0.95,False,5554.458192451162,555445.8192451162,1038955.1214748686,53.46196459926223,483509.3022297524,0.34,0.63,0.2799379876564707,0.035224429952675315,0.615818666999985,local_ucb_tw_dense,context_noise_refinement
exp4,20261403,100,20,2,0.0,0.45,0.2,dense,1.0,1.0,deterministic,20.0,0.1,0.95,False,3423.2475526003477,342324.75526003476,909557.5069213813,37.63640590672669,567232.7516613465,0.2,0.54,0.2673099713727827,0.034947414766245015,0.6198938329999919,exp4_dense,context_noise_refinement
tw,20261253,100,20,2,0.0,0.45,0.2,dense,1.0,1.0,deterministic,20.0,0.1,0.95,False,4322.679977006535,432267.9977006535,1063824.3308896308,40.63340019109793,631556.3331889773,0.35,0.58,0.267270263867399,0.03486878927856104,0.6079147909999847,tw_dense,context_noise_refinement
tm_tw,20261573,100,20,2,0.0,0.45,0.2,dense,1.0,1.0,deterministic,20.0,0.1,0.95,False,4600.069873657648,460006.9873657648,1265473.3067678881,36.350587950421215,805466.3194021233,0.24,0.43,0.25819040973448637,0.0330277834386251,0.6300947080000014,tm_tw_dense,context_noise_refinement
tm_tw_refined,20262401,100,20,2,0.0,0.45,0.2,dense,1.0,1.0,deterministic,20.0,0.1,0.95,False,6882.969250926843,688296.9250926843,1148922.5827129341,59.90803344359538,460625.6576202498,0.33,0.58,0.27153658752392623,0.03529908896777656,0.624805709000043,tm_tw_refined_dense,context_noise_refinement
tw,20261465,100,20,2,0.0,0.45,0.2,offline,1.0,1.0,deterministic,20.0,0.1,0.95,False,5155.095036541557,515509.5036541557,1116239.8438350665,46.18268255709446,600730.3401809109,0.24,0.37,0.1874459240672993,0.0246160882377623,0.606997750000005,tw_offline,context_noise_refinement
tm_tw,20261785,100,20,2,0.0,0.45,0.2,offline,1.0,1.0,deterministic,20.0,0.1,0.95,False,5323.284839985051,532328.483998505,1256770.841908464,42.35684551609583,724442.3579099589,0.25,0.45,0.1912011908946671,0.025140191162715344,0.6190392909999218,tm_tw_offline,context_noise_refinement
tm_tw_refined,20262613,100,20,2,0.0,0.45,0.2,offline,1.0,1.0,deterministic,20.0,0.1,0.95,False,7958.210954963686,795821.0954963686,1186381.5305665394,67.07969358864982,390560.4350701708,0.39,0.65,0.1874450349239562,0.02525176625649393,0.6179754579999326,tm_tw_refined_offline,context_noise_refinement
tw,20262077,100,20,2,0.0,0.45,0.2,gated_offline,1.0,1.0,deterministic,20.0,0.1,0.95,False,5110.5642336170395,511056.423361704,1176507.1794733582,43.438444939236916,665450.7561116542,0.32,0.55,0.19297855740206188,0.02539674178231683,0.6001009999999951,tw_gated_offline,context_noise_refinement
tm_tw,20262397,100,20,2,0.0,0.45,0.2,gated_offline,1.0,1.0,deterministic,20.0,0.1,0.95,False,8561.405298789614,856140.5298789614,1335029.0710652855,64.12898029222725,478888.5411863241,0.31,0.53,0.19159556153827562,0.02583847437734071,0.618930166000041,tm_tw_gated_offline,context_noise_refinement
tm_tw_refined,20263225,100,20,2,0.0,0.45,0.2,gated_offline,1.0,1.0,deterministic,20.0,0.1,0.95,False,4507.444657037522,450744.46570375224,1029537.5855988672,43.781254031785615,578793.1198951149,0.3,0.5,0.18626709480256323,0.024883089693697753,0.6187108329999091,tm_tw_refined_gated_offline,context_noise_refinement
tw,20262357,100,20,2,0.0,0.45,0.2,support_offline,1.0,1.0,deterministic,20.0,0.1,0.95,True,8008.063240106913,800806.3240106914,1283585.8721952527,62.38821580679385,482779.5481845613,0.43,0.61,0.10460017553655404,0.00748008545208766,0.5956353330000184,tw_support_offline,context_noise_refinement
tm_tw,20262677,100,20,2,0.0,0.45,0.2,support_offline,1.0,1.0,deterministic,20.0,0.1,0.95,True,7975.7580326109355,797575.8032610936,1260951.8515235092,63.25188406658392,463376.0482624157,0.48,0.66,0.10703256365304306,0.007165449407076781,0.6071060829999624,tm_tw_support_offline,context_noise_refinement
tm_tw_refined,20263505,100,20,2,0.0,0.45,0.2,support_offline,1.0,1.0,deterministic,20.0,0.1,0.95,True,5560.391437596343,556039.1437596343,1222214.2422820486,45.4944087970559,666175.0985224142,0.27,0.48,0.103860809473489,0.0076916208928031315,0.6127794159999667,tm_tw_refined_support_offline,context_noise_refinement
oracle,20261649,100,20,2,0.0,0.45,0.2,dense,1.0,1.0,deterministic,20.0,0.1,0.95,False,6843.336194405192,684333.6194405193,729796.8558510676,93.77042583205836,45463.23641054833,0.79,0.93,0.27065526567303355,0.035035918590840126,0.02339670800006388,oracle,context_noise_refinement
state_thompson,20262547,100,20,2,0.0,0.45,0.2,dense,1.0,1.0,deterministic,20.0,0.1,0.95,False,4364.382624506386,436438.2624506385,666041.2332057029,65.52721373570684,229602.97075506434,0.38,0.65,0.2723403985939169,0.03673970945047979,0.024881416999960493,state_thompson,context_noise_refinement
global_ucb_tw,20262383,100,20,2,0.0,0.45,0.2,dense,1.0,1.0,deterministic,20.0,0.1,0.95,False,3650.8751730384283,365087.5173038428,675731.9891941728,54.028449613465654,310644.47189032997,0.35,0.66,0.2716164767996176,0.033727944032508936,0.6230591670000649,global_ucb_tw_dense,context_noise_refinement
local_ucb_tw,20262281,100,20,2,0.0,0.45,0.2,dense,1.0,1.0,deterministic,20.0,0.1,0.95,False,4634.820066964934,463482.0066964934,660384.2888733074,70.18368160866572,196902.28217681398,0.39,0.65,0.2758642292963959,0.03548442186280988,0.6249055829999861,local_ucb_tw_dense,context_noise_refinement
exp4,20261404,100,20,2,0.0,0.45,0.2,dense,1.0,1.0,deterministic,20.0,0.1,0.95,False,4719.612023406236,471961.20234062365,640728.2265122761,73.66012340515813,168767.02417165245,0.43,0.7,0.26739075337215396,0.034733877906845095,0.6259670829999777,exp4_dense,context_noise_refinement
tw,20261254,100,20,2,0.0,0.45,0.2,dense,1.0,1.0,deterministic,20.0,0.1,0.95,False,4137.223356874726,413722.3356874726,713145.9794346236,58.01369531879971,299423.643747151,0.38,0.62,0.27014626514608103,0.034531313075892245,0.6177800000000389,tw_dense,context_noise_refinement
tm_tw,20261574,100,20,2,0.0,0.45,0.2,dense,1.0,1.0,deterministic,20.0,0.1,0.95,False,4436.374320015717,443637.4320015717,678628.5195698248,65.37264780483859,234991.0875682531,0.36,0.62,0.27772519660422346,0.03605684571412104,0.6197831670000369,tm_tw_dense,context_noise_refinement
tm_tw_refined,20262402,100,20,2,0.0,0.45,0.2,dense,1.0,1.0,deterministic,20.0,0.1,0.95,False,5940.269329629449,594026.932962945,688193.4109365968,86.31685853465292,94166.47797365184,0.54,0.83,0.270999233033643,0.0355664506281482,0.611977832999969,tm_tw_refined_dense,context_noise_refinement
tw,20261466,100,20,2,0.0,0.45,0.2,offline,1.0,1.0,deterministic,20.0,0.1,0.95,False,4376.75482537288,437675.482537288,659740.2720173548,66.34057387446778,222064.78948006686,0.36,0.63,0.19531594668033236,0.025468664408524685,0.5951011669999389,tw_offline,context_noise_refinement
tm_tw,20261786,100,20,2,0.0,0.45,0.2,offline,1.0,1.0,deterministic,20.0,0.1,0.95,False,3903.2807520231268,390328.07520231267,673653.3030179593,57.941981944369196,283325.2278156467,0.31,0.77,0.19163568263441424,0.025183011763190922,0.6060390829999278,tm_tw_offline,context_noise_refinement
tm_tw_refined,20262614,100,20,2,0.0,0.45,0.2,offline,1.0,1.0,deterministic,20.0,0.1,0.95,False,5967.295755499807,596729.5755499806,690187.0139354425,86.45911376214279,93457.43838546192,0.63,0.84,0.19276833302303611,0.02533717953954047,0.6168345419999923,tm_tw_refined_offline,context_noise_refinement
tw,20262078,100,20,2,0.0,0.45,0.2,gated_offline,1.0,1.0,deterministic,20.0,0.1,0.95,False,3173.085814987534,317308.5814987534,639689.3091891577,49.603546118499295,322380.7276904043,0.35,0.61,0.18781123970209582,0.025062431331282806,0.6195046249999905,tw_gated_offline,context_noise_refinement
tm_tw,20262398,100,20,2,0.0,0.45,0.2,gated_offline,1.0,1.0,deterministic,20.0,0.1,0.95,False,4200.802521881789,420080.2521881789,675430.6319936257,62.19443304610789,255350.37980544678,0.3,0.58,0.19287720632309327,0.025633936510888872,0.6133853750000071,tm_tw_gated_offline,context_noise_refinement
tm_tw_refined,20263226,100,20,2,0.0,0.45,0.2,gated_offline,1.0,1.0,deterministic,20.0,0.1,0.95,False,5651.075620084066,565107.5620084066,688574.0778789065,82.06924718240514,123466.51587049989,0.58,0.77,0.1921911914850339,0.025544483379533245,0.623813000000041,tm_tw_refined_gated_offline,context_noise_refinement
tw,20262358,100,20,2,0.0,0.45,0.2,support_offline,1.0,1.0,deterministic,20.0,0.1,0.95,True,5348.714655455442,534871.4655455442,679454.9532313094,78.72066617541543,144583.48768576526,0.58,0.7,0.09888759029436868,0.007173714335951267,0.6029174589999684,tw_support_offline,context_noise_refinement
tm_tw,20262678,100,20,2,0.0,0.45,0.2,support_offline,1.0,1.0,deterministic,20.0,0.1,0.95,True,5525.860770597987,552586.0770597986,714389.173880128,77.35084702620657,161803.09682032932,0.51,0.8,0.10174090884689446,0.007561189153160059,0.6023205000000189,tm_tw_support_offline,context_noise_refinement
tm_tw_refined,20263506,100,20,2,0.0,0.45,0.2,support_offline,1.0,1.0,deterministic,20.0,0.1,0.95,True,5444.71221510131,544471.221510131,682157.3823278522,79.81607113187442,137686.16081772116,0.47,0.74,0.09224840876528036,0.00640617032993903,0.6116379170000528,tm_tw_refined_support_offline,context_noise_refinement
oracle,20261640,100,20,2,0.0,0.45,0.3,dense,1.0,1.0,deterministic,20.0,0.1,0.95,False,8870.708070647432,887070.8070647431,937086.7316595601,94.66261521959234,50015.924594816985,0.81,0.93,0.2795547302155361,0.03744090974012515,0.02294345899997552,oracle,context_noise_refinement
state_thompson,20262538,100,20,2,0.0,0.45,0.3,dense,1.0,1.0,deterministic,20.0,0.1,0.95,False,5599.1105280448855,559911.0528044886,918616.1286833464,60.95158089669182,358705.07587885787,0.37,0.62,0.29346744760525906,0.03928764154691401,0.024991124999928616,state_thompson,context_noise_refinement
global_ucb_tw,20262374,100,20,2,0.0,0.45,0.3,dense,1.0,1.0,deterministic,20.0,0.1,0.95,False,4149.222738513226,414922.27385132265,769563.2244302939,53.916593293356605,354640.95057897124,0.36,0.52,0.2818738365865985,0.03752510585784479,0.6164700839999568,global_ucb_tw_dense,context_noise_refinement
local_ucb_tw,20262272,100,20,2,0.0,0.45,0.3,dense,1.0,1.0,deterministic,20.0,0.1,0.95,False,4973.430460993566,497343.0460993566,862239.0727270491,57.680411597027664,364896.0266276925,0.46,0.76,0.28247347145471385,0.03727471423013506,0.6334755829999494,local_ucb_tw_dense,context_noise_refinement
exp4,20261395,100,20,2,0.0,0.45,0.3,dense,1.0,1.0,deterministic,20.0,0.1,0.95,False,3963.9361584771227,396393.61584771227,842010.7996439718,47.07702276684808,445617.1837962596,0.31,0.54,0.2847019318048672,0.038013053913909835,0.6195161669999152,exp4_dense,context_noise_refinement
tw,20261245,100,20,2,0.0,0.45,0.3,dense,1.0,1.0,deterministic,20.0,0.1,0.95,False,2475.922628386872,247592.26283868722,796184.228478572,31.097358372924713,548591.9656398848,0.14,0.41,0.28728321036594434,0.03841447548330572,0.6017570000000205,tw_dense,context_noise_refinement
tm_tw,20261565,100,20,2,0.0,0.45,0.3,dense,1.0,1.0,deterministic,20.0,0.1,0.95,False,5525.208336024323,552520.8336024323,948184.1903996591,58.27146657755864,395663.3567972268,0.43,0.65,0.2929891770857291,0.03928050939391881,0.6104614580000316,tm_tw_dense,context_noise_refinement
tm_tw_refined,20262393,100,20,2,0.0,0.45,0.3,dense,1.0,1.0,deterministic,20.0,0.1,0.95,False,6656.855237160515,665685.5237160515,907812.5101173017,73.32852503101503,242126.98640125024,0.51,0.81,0.28479113535880646,0.03855354904249341,0.6103843749999669,tm_tw_refined_dense,context_noise_refinement
tw,20261457,100,20,2,0.0,0.45,0.3,offline,1.0,1.0,deterministic,20.0,0.1,0.95,False,5180.00931289063,518000.931289063,881009.5302046502,58.79629147357081,363008.59891558724,0.38,0.64,0.20602560277717044,0.027942331858249066,0.5971149590000095,tw_offline,context_noise_refinement
tm_tw,20261777,100,20,2,0.0,0.45,0.3,offline,1.0,1.0,deterministic,20.0,0.1,0.95,False,5882.306942088825,588230.6942088825,859409.2804690414,68.4459322905895,271178.5862601589,0.42,0.72,0.20231165195027578,0.02774317462808764,0.6033029169999509,tm_tw_offline,context_noise_refinement
tm_tw_refined,20262605,100,20,2,0.0,0.45,0.3,offline,1.0,1.0,deterministic,20.0,0.1,0.95,False,5694.014502851631,569401.4502851631,828082.6876952199,68.76142428118655,258681.23741005675,0.44,0.76,0.20513966947187925,0.027665390375023774,0.6030580419999296,tm_tw_refined_offline,context_noise_refinement
tw,20262069,100,20,2,0.0,0.45,0.3,gated_offline,1.0,1.0,deterministic,20.0,0.1,0.95,False,6466.785141810698,646678.5141810698,933549.2904722368,69.27095556507219,286870.776291167,0.5,0.82,0.20299938637494966,0.02767037060100189,0.611215917000095,tw_gated_offline,context_noise_refinement
tm_tw,20262389,100,20,2,0.0,0.45,0.3,gated_offline,1.0,1.0,deterministic,20.0,0.1,0.95,False,7292.832830234309,729283.2830234308,891021.1562627639,81.84803221533875,161737.87323933304,0.52,0.79,0.2064775390660828,0.028232530398301637,0.6265252079999755,tm_tw_gated_offline,context_noise_refinement
tm_tw_refined,20263217,100,20,2,0.0,0.45,0.3,gated_offline,1.0,1.0,deterministic,20.0,0.1,0.95,False,7233.1053652416285,723310.5365241629,864575.8767250045,83.66073539595486,141265.34020084166,0.58,0.8,0.20129377767383774,0.027592092227414506,0.6165200420000474,tm_tw_refined_gated_offline,context_noise_refinement
tw,20262349,100,20,2,0.0,0.45,0.3,support_offline,1.0,1.0,deterministic,20.0,0.1,0.95,True,6165.18394227826,616518.3942278259,866931.9113607187,71.11497294639337,250413.51713289274,0.48,0.69,0.10506524158677596,0.009592743863196014,0.6049560830000473,tw_support_offline,context_noise_refinement
tm_tw,20262669,100,20,2,0.0,0.45,0.3,support_offline,1.0,1.0,deterministic,20.0,0.1,0.95,True,7016.793348022532,701679.3348022532,926465.0267903449,75.73727172769365,224785.69198809168,0.48,0.73,0.10925419003183745,0.010555744406261718,0.6088275419999718,tm_tw_support_offline,context_noise_refinement
tm_tw_refined,20263497,100,20,2,0.0,0.45,0.3,support_offline,1.0,1.0,deterministic,20.0,0.1,0.95,True,5285.867146733671,528586.7146733671,822365.172966238,64.27639837504015,293778.4582928709,0.41,0.68,0.10862823763174069,0.009965531743888683,0.6061693329999116,tm_tw_refined_support_offline,context_noise_refinement
oracle,20261641,100,20,2,0.0,0.45,0.3,dense,1.0,1.0,deterministic,20.0,0.1,0.95,False,9014.003121779646,901400.3121779646,1047644.959619855,86.04062892690705,146244.64744189044,0.69,0.89,0.29448517071923724,0.039522403575185314,0.022683708000045044,oracle,context_noise_refinement
state_thompson,20262539,100,20,2,0.0,0.45,0.3,dense,1.0,1.0,deterministic,20.0,0.1,0.95,False,4888.176500306299,488817.65003062994,1009671.9487978023,48.413511993935856,520854.2987671724,0.36,0.58,0.28423933231037835,0.03795253446822634,0.024928790999979356,state_thompson,context_noise_refinement
global_ucb_tw,20262375,100,20,2,0.0,0.45,0.3,dense,1.0,1.0,deterministic,20.0,0.1,0.95,False,5694.859510585983,569485.9510585984,957635.2202943357,59.467941340290615,388149.2692357374,0.39,0.57,0.2869533372975223,0.03790610352557571,0.6098858750000318,global_ucb_tw_dense,context_noise_refinement
local_ucb_tw,20262273,100,20,2,0.0,0.45,0.3,dense,1.0,1.0,deterministic,20.0,0.1,0.95,False,4971.818753441967,497181.8753441966,975549.6962085892,50.96427965448217,478367.8208643926,0.32,0.58,0.2812114006257214,0.03647678724033931,0.6201944590000039,local_ucb_tw_dense,context_noise_refinement
exp4,20261396,100,20,2,0.0,0.45,0.3,dense,1.0,1.0,deterministic,20.0,0.1,0.95,False,7099.619027695614,709961.9027695614,940868.6179373809,75.45813403001742,230906.71516781952,0.6,0.76,0.3005541373309315,0.04165741862353845,0.6207950419999406,exp4_dense,context_noise_refinement
tw,20261246,100,20,2,0.0,0.45,0.3,dense,1.0,1.0,deterministic,20.0,0.1,0.95,False,5673.297091767861,567329.7091767861,1092926.7852275441,51.909214491313776,525597.076050758,0.33,0.61,0.2823403770839123,0.03765199529429201,0.5991316249999272,tw_dense,context_noise_refinement
tm_tw,20261566,100,20,2,0.0,0.45,0.3,dense,1.0,1.0,deterministic,20.0,0.1,0.95,False,6121.446614859081,612144.6614859081,975126.1415487538,62.7759461471993,362981.48006284575,0.46,0.66,0.2878158777490506,0.03862076697276412,0.6149672499999497,tm_tw_dense,context_noise_refinement
tm_tw_refined,20262394,100,20,2,0.0,0.45,0.3,dense,1.0,1.0,deterministic,20.0,0.1,0.95,False,4567.200776288652,456720.0776288652,822286.0338323775,55.542725868790235,365565.9562035123,0.33,0.55,0.2917793063651138,0.03974936167018906,0.6121286249999685,tm_tw_refined_dense,context_noise_refinement
tw,20261458,100,20,2,0.0,0.45,0.3,offline,1.0,1.0,deterministic,20.0,0.1,0.95,False,6626.553820539756,662655.3820539756,1010698.632073853,65.56409210669185,348043.25001987745,0.51,0.66,0.20571209989220998,0.027766837560799163,0.5942217500000879,tw_offline,context_noise_refinement
tm_tw,20261778,100,20,2,0.0,0.45,0.3,offline,1.0,1.0,deterministic,20.0,0.1,0.95,False,5385.260424094427,538526.0424094427,1049297.4066065666,51.32253630084142,510771.3641971239,0.43,0.68,0.20292326169628838,0.027468835524485778,0.6128479170000674,tm_tw_offline,context_noise_refinement
tm_tw_refined,20262606,100,20,2,0.0,0.45,0.3,offline,1.0,1.0,deterministic,20.0,0.1,0.95,False,4888.092480873533,488809.24808735325,878790.5064201637,55.622955017864726,389981.2583328104,0.36,0.63,0.20401925938174023,0.02761550976706411,0.613393125000016,tm_tw_refined_offline,context_noise_refinement
tw,20262070,100,20,2,0.0,0.45,0.3,gated_offline,1.0,1.0,deterministic,20.0,0.1,0.95,False,4893.484206068515,489348.42060685146,1073364.0520896057,45.59016296979546,584015.6314827543,0.39,0.61,0.2102472887273791,0.028653616861523026,0.6328297080000311,tw_gated_offline,context_noise_refinement
tm_tw,20262390,100,20,2,0.0,0.45,0.3,gated_offline,1.0,1.0,deterministic,20.0,0.1,0.95,False,4542.4609881028455,454246.0988102846,1016408.113848957,44.691309782065325,562162.0150386724,0.28,0.56,0.2000806478890296,0.027649440353118893,0.6223686669999324,tm_tw_gated_offline,context_noise_refinement
tm_tw_refined,20263218,100,20,2,0.0,0.45,0.3,gated_offline,1.0,1.0,deterministic,20.0,0.1,0.95,False,5763.935136995949,576393.5136995949,959267.045677855,60.08686697793241,382873.53197826014,0.39,0.65,0.20255381670689415,0.027546552805416163,0.6270263330000034,tm_tw_refined_gated_offline,context_noise_refinement
tw,20262350,100,20,2,0.0,0.45,0.3,support_offline,1.0,1.0,deterministic,20.0,0.1,0.95,True,6682.721715757784,668272.1715757784,978629.9591856027,68.28650250314244,310357.7876098243,0.54,0.69,0.11169941487107474,0.009807123753066374,0.6067445420000013,tw_support_offline,context_noise_refinement
tm_tw,20262670,100,20,2,0.0,0.45,0.3,support_offline,1.0,1.0,deterministic,20.0,0.1,0.95,True,5633.607446102473,563360.7446102473,873681.2626444264,64.48126664695631,310320.5180341791,0.37,0.62,0.11258410964044685,0.010705046184952742,0.6060728329999847,tm_tw_support_offline,context_noise_refinement
tm_tw_refined,20263498,100,20,2,0.0,0.45,0.3,support_offline,1.0,1.0,deterministic,20.0,0.1,0.95,True,6915.756254518504,691575.6254518504,956012.8514200889,72.3395741411388,264437.22596823855,0.49,0.72,0.10863000019549739,0.009802819157706671,0.6113606249999748,tm_tw_refined_support_offline,context_noise_refinement
oracle,20261642,100,20,2,0.0,0.45,0.3,dense,1.0,1.0,deterministic,20.0,0.1,0.95,False,13746.240075831378,1374624.0075831378,1633742.076861257,84.13959749534416,259118.06927811913,0.76,0.9,0.28451258878267094,0.03839646824882202,0.02284725000004073,oracle,context_noise_refinement
state_thompson,20262540,100,20,2,0.0,0.45,0.3,dense,1.0,1.0,deterministic,20.0,0.1,0.95,False,8254.867479349208,825486.7479349208,1456365.313777974,56.68129693322042,630878.5658430533,0.42,0.5,0.28743324150854127,0.038466961751198556,0.025002624999956424,state_thompson,context_noise_refinement
global_ucb_tw,20262376,100,20,2,0.0,0.45,0.3,dense,1.0,1.0,deterministic,20.0,0.1,0.95,False,9405.750528899527,940575.0528899527,1361229.7458819237,69.09745072317428,420654.69299197104,0.43,0.62,0.2920878531087392,0.03926403244876855,0.6083822919999875,global_ucb_tw_dense,context_noise_refinement
local_ucb_tw,20262274,100,20,2,0.0,0.45,0.3,dense,1.0,1.0,deterministic,20.0,0.1,0.95,False,11600.433807565276,1160043.3807565277,1352901.9020159098,85.74482592034126,192858.52125938213,0.48,0.78,0.2935291591700379,0.038511005716426544,0.6115054170001031,local_ucb_tw_dense,context_noise_refinement
exp4,20261397,100,20,2,0.0,0.45,0.3,dense,1.0,1.0,deterministic,20.0,0.1,0.95,False,15540.518819219751,1554051.8819219752,1755108.893432726,88.54447081528293,201057.01151075074,0.52,0.81,0.29287482074779575,0.040129034620475415,0.615122417000066,exp4_dense,context_noise_refinement
tw,20261247,100,20,2,0.0,0.45,0.3,dense,1.0,1.0,deterministic,20.0,0.1,0.95,False,5054.752640194569,505475.2640194569,1059993.6861487117,47.686629705881224,554518.4221292548,0.32,0.56,0.28720344311096385,0.03723257282422761,0.5991717910000034,tw_dense,context_noise_refinement
tm_tw,20261567,100,20,2,0.0,0.45,0.3,dense,1.0,1.0,deterministic,20.0,0.1,0.95,False,8889.014111945395,888901.4111945394,1521627.1212711202,58.41782121049332,632725.7100765808,0.37,0.59,0.284797330849067,0.03772468940157956,0.6099917500000629,tm_tw_dense,context_noise_refinement
tm_tw_refined,20262395,100,20,2,0.0,0.45,0.3,dense,1.0,1.0,deterministic,20.0,0.1,0.95,False,14202.259693730159,1420225.969373016,1528256.1996341364,92.9311439870499,108030.23026112048,0.53,0.81,0.2939678192737965,0.03995688647222171,0.6095810839999558,tm_tw_refined_dense,context_noise_refinement
tw,20261459,100,20,2,0.0,0.45,0.3,offline,1.0,1.0,deterministic,20.0,0.1,0.95,False,3661.16855373429,366116.855373429,1205283.0443850013,30.37600645583138,839166.1890115723,0.19,0.47,0.20370459515064762,0.027669002230054238,0.597958833000007,tw_offline,context_noise_refinement
tm_tw,20261779,100,20,2,0.0,0.45,0.3,offline,1.0,1.0,deterministic,20.0,0.1,0.95,False,10435.848609170576,1043584.8609170576,1473928.135582892,70.80296764294772,430343.2746658344,0.43,0.58,0.20229245405246024,0.02754601445626972,0.6065588330000082,tm_tw_offline,context_noise_refinement
tm_tw_refined,20262607,100,20,2,0.0,0.45,0.3,offline,1.0,1.0,deterministic,20.0,0.1,0.95,False,7757.422201140225,775742.2201140225,1415021.4559172322,54.82194046387643,639279.2358032097,0.29,0.63,0.207886000032259,0.027935433153056844,0.6075955830000339,tm_tw_refined_offline,context_noise_refinement
tw,20262071,100,20,2,0.0,0.45,0.3,gated_offline,1.0,1.0,deterministic,20.0,0.1,0.95,False,12782.116640929607,1278211.6640929608,1555664.8614381228,82.16497626046059,277453.19734516204,0.57,0.79,0.2067388738162018,0.028349072188763064,0.6131449999999177,tw_gated_offline,context_noise_refinement
tm_tw,20262391,100,20,2,0.0,0.45,0.3,gated_offline,1.0,1.0,deterministic,20.0,0.1,0.95,False,9200.15868372738,920015.868372738,1281430.1035207333,71.79602428918999,361414.2351479953,0.32,0.63,0.20794487745821164,0.028098413811327154,0.6212396670000544,tm_tw_gated_offline,context_noise_refinement
tm_tw_refined,20263219,100,20,2,0.0,0.45,0.3,gated_offline,1.0,1.0,deterministic,20.0,0.1,0.95,False,12971.161339937244,1297116.1339937244,1478815.5283079506,87.71318052616574,181699.39431422623,0.48,0.83,0.20284609783574845,0.02780061148484374,0.6321186669999861,tm_tw_refined_gated_offline,context_noise_refinement
tw,20262351,100,20,2,0.0,0.45,0.3,support_offline,1.0,1.0,deterministic,20.0,0.1,0.95,True,4423.652896517748,442365.2896517748,1276811.4810925687,34.646092724138285,834446.1914407939,0.28,0.51,0.1119660084008547,0.01017454448247985,0.609467249999966,tw_support_offline,context_noise_refinement
tm_tw,20262671,100,20,2,0.0,0.45,0.3,support_offline,1.0,1.0,deterministic,20.0,0.1,0.95,True,11378.4862430146,1137848.62430146,1525524.9048912968,74.58735158325973,387676.28058983665,0.51,0.7,0.10685249669739949,0.010357857828314044,0.6217742499999304,tm_tw_support_offline,context_noise_refinement
tm_tw_refined,20263499,100,20,2,0.0,0.45,0.3,support_offline,1.0,1.0,deterministic,20.0,0.1,0.95,True,7708.129464972957,770812.9464972958,1220746.3841479959,63.14275893065821,449933.4376507001,0.44,0.72,0.10199733805327196,0.009863257478852314,0.622857708999959,tm_tw_refined_support_offline,context_noise_refinement
oracle,20261643,100,20,2,0.0,0.45,0.3,dense,1.0,1.0,deterministic,20.0,0.1,0.95,False,7950.514061571973,795051.4061571973,930545.5066669198,85.43928270686698,135494.10050972248,0.77,0.91,0.2922693373888018,0.03842627878540861,0.023346707999962746,oracle,context_noise_refinement
state_thompson,20262541,100,20,2,0.0,0.45,0.3,dense,1.0,1.0,deterministic,20.0,0.1,0.95,False,3060.561761078901,306056.1761078901,800239.9416192628,38.24555113914885,494183.7655113727,0.21,0.46,0.2894824146163699,0.03958066121546864,0.026219874999924286,state_thompson,context_noise_refinement
global_ucb_tw,20262377,100,20,2,0.0,0.45,0.3,dense,1.0,1.0,deterministic,20.0,0.1,0.95,False,6214.500720212664,621450.0720212664,881244.2030305761,70.51962099541939,259794.13100930967,0.44,0.61,0.29063404342285065,0.037339513949357035,0.6194051250000712,global_ucb_tw_dense,context_noise_refinement
local_ucb_tw,20262275,100,20,2,0.0,0.45,0.3,dense,1.0,1.0,deterministic,20.0,0.1,0.95,False,6163.840623614744,616384.0623614744,853445.3114498275,72.2230298874529,237061.24908835313,0.47,0.74,0.2819298538041041,0.03798322433629139,0.6290808329999891,local_ucb_tw_dense,context_noise_refinement
exp4,20261398,100,20,2,0.0,0.45,0.3,dense,1.0,1.0,deterministic,20.0,0.1,0.95,False,7551.660178149784,755166.0178149784,941696.5959581701,80.1920725907055,186530.57814319176,0.56,0.72,0.2985654724881611,0.04179010607398624,0.6380085839999765,exp4_dense,context_noise_refinement
tw,20261248,100,20,2,0.0,0.45,0.3,dense,1.0,1.0,deterministic,20.0,0.1,0.95,False,4998.582993286181,499858.2993286181,831377.8544939621,60.12408156251272,331519.55516534403,0.38,0.52,0.2913688500798193,0.03728052225948089,0.6341876249999814,tw_dense,context_noise_refinement
tm_tw,20261568,100,20,2,0.0,0.45,0.3,dense,1.0,1.0,deterministic,20.0,0.1,0.95,False,4044.6743404964136,404467.43404964136,789232.0710093615,51.24822582695625,384764.63695972017,0.31,0.56,0.28715310967071744,0.03783712095480997,0.635716417000026,tm_tw_dense,context_noise_refinement
tm_tw_refined,20262396,100,20,2,0.0,0.45,0.3,dense,1.0,1.0,deterministic,20.0,0.1,0.95,False,6037.894187057217,603789.4187057217,812344.3989837971,74.32677808341298,208554.98027807532,0.5,0.76,0.28992793828658164,0.03839085731988728,0.6424067080000668,tm_tw_refined_dense,context_noise_refinement
tw,20261460,100,20,2,0.0,0.45,0.3,offline,1.0,1.0,deterministic,20.0,0.1,0.95,False,5965.389714094064,596538.9714094064,871341.800047392,68.46210882766795,274802.8286379856,0.45,0.66,0.20023975562272228,0.027182047183067253,0.6165575830000307,tw_offline,context_noise_refinement
tm_tw,20261780,100,20,2,0.0,0.45,0.3,offline,1.0,1.0,deterministic,20.0,0.1,0.95,False,4819.14915475633,481914.915475633,897578.3504870195,53.690568095158426,415663.4350113865,0.37,0.65,0.20783547468714478,0.02817948360992591,0.6257232500000782,tm_tw_offline,context_noise_refinement
tm_tw_refined,20262608,100,20,2,0.0,0.45,0.3,offline,1.0,1.0,deterministic,20.0,0.1,0.95,False,6675.343924160598,667534.3924160599,859624.3700843905,77.65419590774597,192089.97766833066,0.55,0.75,0.20054993218178496,0.027321365360976978,0.6367383329999257,tm_tw_refined_offline,context_noise_refinement
tw,20262072,100,20,2,0.0,0.45,0.3,gated_offline,1.0,1.0,deterministic,20.0,0.1,0.95,False,5273.0539675401205,527305.3967540121,893223.0367905217,59.03401222708003,365917.6400365096,0.44,0.67,0.20775376683115013,0.02859479275161818,0.677618999999936,tw_gated_offline,context_noise_refinement
tm_tw,20262392,100,20,2,0.0,0.45,0.3,gated_offline,1.0,1.0,deterministic,20.0,0.1,0.95,False,6589.146695461957,658914.6695461958,888295.020986901,74.17745838698248,229380.35144070524,0.52,0.77,0.20010461348596892,0.027111644321577068,0.641637625000044,tm_tw_gated_offline,context_noise_refinement
tm_tw_refined,20263220,100,20,2,0.0,0.45,0.3,gated_offline,1.0,1.0,deterministic,20.0,0.1,0.95,False,6269.201315339629,626920.1315339629,793280.6096879585,79.02879811729743,166360.4781539956,0.54,0.74,0.2051875093366222,0.02861390949529928,0.8036270000000059,tm_tw_refined_gated_offline,context_noise_refinement
tw,20262352,100,20,2,0.0,0.45,0.3,support_offline,1.0,1.0,deterministic,20.0,0.1,0.95,True,4078.4345275854694,407843.4527585469,743604.6497978807,54.84681313778806,335761.19703933375,0.28,0.6,0.12349110228000171,0.010118519644458033,0.6326232499999378,tw_support_offline,context_noise_refinement
tm_tw,20262672,100,20,2,0.0,0.45,0.3,support_offline,1.0,1.0,deterministic,20.0,0.1,0.95,True,5745.955704516879,574595.5704516879,804274.9866920358,71.44267569665271,229679.4162403479,0.47,0.71,0.11306037152891812,0.010076997401396665,0.6455433330000915,tm_tw_support_offline,context_noise_refinement
tm_tw_refined,20263500,100,20,2,0.0,0.45,0.3,support_offline,1.0,1.0,deterministic,20.0,0.1,0.95,True,5466.579942896023,546657.9942896023,728094.4058585018,75.08064749447341,181436.41156889952,0.48,0.73,0.10500301219213533,0.009709328147949706,0.7312779579999642,tm_tw_refined_support_offline,context_noise_refinement
oracle,20261644,100,20,2,0.0,0.45,0.3,dense,1.0,1.0,deterministic,20.0,0.1,0.95,False,8121.116163442314,812111.6163442314,899231.0533733052,90.31178508546154,87119.43702907383,0.79,0.91,0.28979123658725003,0.03897835703684491,0.026406040999972902,oracle,context_noise_refinement
state_thompson,20262542,100,20,2,0.0,0.45,0.3,dense,1.0,1.0,deterministic,20.0,0.1,0.95,False,4541.244488974535,454124.44889745343,827890.615969569,54.85319438795835,373766.1670721155,0.33,0.53,0.2905602146817451,0.038114586871362904,0.030256957999995393,state_thompson,context_noise_refinement
global_ucb_tw,20262378,100,20,2,0.0,0.45,0.3,dense,1.0,1.0,deterministic,20.0,0.1,0.95,False,4962.214560563355,496221.4560563355,878332.8170132819,56.49583465908821,382111.3609569464,0.39,0.67,0.28924534324177686,0.03787333466185107,0.6425905000000967,global_ucb_tw_dense,context_noise_refinement
local_ucb_tw,20262276,100,20,2,0.0,0.45,0.3,dense,1.0,1.0,deterministic,20.0,0.1,0.95,False,5261.732101609285,526173.2101609284,837892.343010286,62.797233385682,311719.13284935756,0.36,0.71,0.2909702420026193,0.03946662210035962,0.7680450000000292,local_ucb_tw_dense,context_noise_refinement
exp4,20261399,100,20,2,0.0,0.45,0.3,dense,1.0,1.0,deterministic,20.0,0.1,0.95,False,7054.978212915609,705497.8212915609,795224.1141153595,88.71685462863334,89726.2928237986,0.5,0.82,0.2845888252331256,0.039191339212380584,0.6422578330000306,exp4_dense,context_noise_refinement
tw,20261249,100,20,2,0.0,0.45,0.3,dense,1.0,1.0,deterministic,20.0,0.1,0.95,False,3668.721693693321,366872.1693693321,746045.2808721262,49.17559011169656,379173.11150279414,0.22,0.59,0.2927369006091396,0.038909362788107436,0.6242140000000518,tw_dense,context_noise_refinement
tm_tw,20261569,100,20,2,0.0,0.45,0.3,dense,1.0,1.0,deterministic,20.0,0.1,0.95,False,6112.0782916167045,611207.8291616704,945318.1681039388,64.65630829751147,334110.3389422684,0.38,0.6,0.28610812526632806,0.03788309594194044,0.6304002910000008,tm_tw_dense,context_noise_refinement
tm_tw_refined,20262397,100,20,2,0.0,0.45,0.3,dense,1.0,1.0,deterministic,20.0,0.1,0.95,False,5336.1943798268085,533619.4379826809,830684.0968237532,64.23855229961134,297064.65884107235,0.36,0.68,0.2828043408951002,0.03817125092374736,0.6295779580000271,tm_tw_refined_dense,context_noise_refinement
tw,20261461,100,20,2,0.0,0.45,0.3,offline,1.0,1.0,deterministic,20.0,0.1,0.95,False,5540.93205244345,554093.205244345,805289.9052922691,68.80667466497601,251196.70004792407,0.36,0.68,0.2008065587240287,0.02721153891110912,0.6126286249999566,tw_offline,context_noise_refinement
tm_tw,20261781,100,20,2,0.0,0.45,0.3,offline,1.0,1.0,deterministic,20.0,0.1,0.95,False,4188.456769522595,418845.6769522595,746179.4746575474,56.132028711254094,327333.7977052879,0.31,0.55,0.20143467049578773,0.027075258367305486,0.6247122089999948,tm_tw_offline,context_noise_refinement
tm_tw_refined,20262609,100,20,2,0.0,0.45,0.3,offline,1.0,1.0,deterministic,20.0,0.1,0.95,False,4580.903859254732,458090.38592547324,852813.7667037828,53.715172504313806,394723.3807783096,0.31,0.67,0.2028943932108215,0.02752463200316993,0.6251645840000037,tm_tw_refined_offline,context_noise_refinement
tw,20262073,100,20,2,0.0,0.45,0.3,gated_offline,1.0,1.0,deterministic,20.0,0.1,0.95,False,2127.884671843263,212788.46718432626,734690.5564570057,28.96300562382126,521902.0892726794,0.18,0.37,0.20514136814153808,0.027812768073609696,0.6202688750000789,tw_gated_offline,context_noise_refinement
tm_tw,20262393,100,20,2,0.0,0.45,0.3,gated_offline,1.0,1.0,deterministic,20.0,0.1,0.95,False,3883.4171983741444,388341.71983741445,770720.8760571863,50.38681731628613,382379.15621977183,0.29,0.56,0.2050220579487146,0.028184947999057144,0.6485725000000002,tm_tw_gated_offline,context_noise_refinement
tm_tw_refined,20263221,100,20,2,0.0,0.45,0.3,gated_offline,1.0,1.0,deterministic,20.0,0.1,0.95,False,6841.15837717603,684115.837717603,856924.6633531848,79.8338368556959,172808.82563558186,0.53,0.77,0.20242993194096226,0.027850680397903442,0.6350927910000337,tm_tw_refined_gated_offline,context_noise_refinement
tw,20262353,100,20,2,0.0,0.45,0.3,support_offline,1.0,1.0,deterministic,20.0,0.1,0.95,True,5088.52220633551,508852.2206335511,919121.1218889819,55.362912299061925,410268.9012554308,0.36,0.55,0.11351603030932458,0.010139901202442523,0.6142677499999536,tw_support_offline,context_noise_refinement
tm_tw,20262673,100,20,2,0.0,0.45,0.3,support_offline,1.0,1.0,deterministic,20.0,0.1,0.95,True,4464.0839588985245,446408.3958898524,823467.2711229032,54.210824345346154,377058.8752330508,0.34,0.6,0.11026065604276918,0.009490863642847123,0.6240397500000654,tm_tw_support_offline,context_noise_refinement
tm_tw_refined,20263501,100,20,2,0.0,0.45,0.3,support_offline,1.0,1.0,deterministic,20.0,0.1,0.95,True,7285.419459623012,728541.9459623012,882068.4899520967,82.59471393223295,153526.5439897955,0.62,0.88,0.10931184486492532,0.010427655477463849,0.6273661249999805,tm_tw_refined_support_offline,context_noise_refinement
oracle,20261645,100,20,2,0.0,0.45,0.3,dense,1.0,1.0,deterministic,20.0,0.1,0.95,False,5311.380222453182,531138.0222453182,644261.9040050505,82.4413206715315,113123.88175973238,0.7,0.86,0.28490822399834353,0.03735552797179045,0.023607665999975325,oracle,context_noise_refinement
state_thompson,20262543,100,20,2,0.0,0.45,0.3,dense,1.0,1.0,deterministic,20.0,0.1,0.95,False,4043.8985611018898,404389.856110189,642503.8288838447,62.9396803459823,238113.97277365567,0.29,0.63,0.2865427388817235,0.038946943094945945,0.02581941599999027,state_thompson,context_noise_refinement
global_ucb_tw,20262379,100,20,2,0.0,0.45,0.3,dense,1.0,1.0,deterministic,20.0,0.1,0.95,False,2014.398293069519,201439.8293069519,656876.9490228095,30.666295964049286,455437.1197158576,0.21,0.45,0.28040766565900965,0.037588185194105304,0.6281142919999638,global_ucb_tw_dense,context_noise_refinement
local_ucb_tw,20262277,100,20,2,0.0,0.45,0.3,dense,1.0,1.0,deterministic,20.0,0.1,0.95,False,4648.743096416106,464874.3096416106,712844.2528066593,65.21400822287275,247969.94316504872,0.42,0.66,0.2898526530537792,0.038707602826718375,0.6285474159999467,local_ucb_tw_dense,context_noise_refinement
exp4,20261400,100,20,2,0.0,0.45,0.3,dense,1.0,1.0,deterministic,20.0,0.1,0.95,False,4503.08115997821,450308.115997821,665770.5942799767,67.63712904515167,215462.4782821557,0.42,0.68,0.28155753971292574,0.0385101377066427,0.6325994580000724,exp4_dense,context_noise_refinement
tw,20261250,100,20,2,0.0,0.45,0.3,dense,1.0,1.0,deterministic,20.0,0.1,0.95,False,3737.6453383754138,373764.53383754136,643553.619413925,58.078227293309816,269789.08557638363,0.4,0.69,0.2894244682614897,0.03855763617425529,0.6181004999999686,tw_dense,context_noise_refinement
tm_tw,20261570,100,20,2,0.0,0.45,0.3,dense,1.0,1.0,deterministic,20.0,0.1,0.95,False,3806.670440424406,380667.0440424406,630340.6906041369,60.39068232729799,249673.6465616963,0.3,0.55,0.28215601890077663,0.03723683955923613,0.6482186670000374,tm_tw_dense,context_noise_refinement
tm_tw_refined,20262398,100,20,2,0.0,0.45,0.3,dense,1.0,1.0,deterministic,20.0,0.1,0.95,False,4982.065914264496,498206.5914264496,668650.6031432741,74.50925626693814,170444.0117168245,0.52,0.75,0.28800430198279414,0.03903924099359192,0.6483851660000255,tm_tw_refined_dense,context_noise_refinement
tw,20261462,100,20,2,0.0,0.45,0.3,offline,1.0,1.0,deterministic,20.0,0.1,0.95,False,4853.717591948585,485371.75919485855,726514.060321951,66.80830911651847,241142.3011270925,0.46,0.68,0.20792933215507403,0.028406208129714852,0.6165408750000552,tw_offline,context_noise_refinement
tm_tw,20261782,100,20,2,0.0,0.45,0.3,offline,1.0,1.0,deterministic,20.0,0.1,0.95,False,4369.916005557079,436991.6005557079,694141.3264701862,62.95426938169441,257149.72591447836,0.47,0.79,0.2037870991143536,0.02786568092283308,0.627203917000088,tm_tw_offline,context_noise_refinement
tm_tw_refined,20262610,100,20,2,0.0,0.45,0.3,offline,1.0,1.0,deterministic,20.0,0.1,0.95,False,5216.491742735988,521649.1742735988,700282.5877641106,74.49123873537117,178633.41349051183,0.51,0.78,0.20158445079951626,0.027659052645701586,0.6246395000000575,tm_tw_refined_offline,context_noise_refinement
tw,20262074,100,20,2,0.0,0.45,0.3,gated_offline,1.0,1.0,deterministic,20.0,0.1,0.95,False,3150.725180000476,315072.5180000476,628074.2648042707,50.16485082353038,313001.7468042231,0.27,0.55,0.2108866964325096,0.02829065573436504,0.6189859170000318,tw_gated_offline,context_noise_refinement
tm_tw,20262394,100,20,2,0.0,0.45,0.3,gated_offline,1.0,1.0,deterministic,20.0,0.1,0.95,False,3216.4813415042254,321648.1341504225,648418.1375655148,49.605048889910776,326770.00341509224,0.38,0.7,0.1939435522504056,0.02672493986445331,0.6288003749999689,tm_tw_gated_offline,context_noise_refinement
tm_tw_refined,20263222,100,20,2,0.0,0.45,0.3,gated_offline,1.0,1.0,deterministic,20.0,0.1,0.95,False,4931.746498919773,493174.6498919774,651340.6947147999,75.71684893846867,158166.0448228225,0.49,0.79,0.20158645404786085,0.027458517470323962,0.6268843330000209,tm_tw_refined_gated_offline,context_noise_refinement
tw,20262354,100,20,2,0.0,0.45,0.3,support_offline,1.0,1.0,deterministic,20.0,0.1,0.95,True,2193.190139990821,219319.0139990821,550738.730088227,39.82269668304383,331419.7160891449,0.23,0.57,0.10635695363088367,0.009019365922455712,0.6148272079999515,tw_support_offline,context_noise_refinement
tm_tw,20262674,100,20,2,0.0,0.45,0.3,support_offline,1.0,1.0,deterministic,20.0,0.1,0.95,True,2750.7220258614216,275072.2025861422,604226.5834200076,45.52467735351774,329154.38083386543,0.21,0.54,0.11002853629093792,0.010135977253145665,0.6241938339999251,tm_tw_support_offline,context_noise_refinement
tm_tw_refined,20263502,100,20,2,0.0,0.45,0.3,support_offline,1.0,1.0,deterministic,20.0,0.1,0.95,True,5326.9746307295545,532697.4630729555,623600.6899642338,85.42284696694418,90903.22689127829,0.53,0.82,0.10725856023063364,0.010007244640316234,0.6276220410001088,tm_tw_refined_support_offline,context_noise_refinement
oracle,20261646,100,20,2,0.0,0.45,0.3,dense,1.0,1.0,deterministic,20.0,0.1,0.95,False,9161.79598585578,916179.598585578,1126993.1588787788,81.29415794298745,210813.56029320078,0.72,0.89,0.2824588441822323,0.038101289541018504,0.023277499999949214,oracle,context_noise_refinement
state_thompson,20262544,100,20,2,0.0,0.45,0.3,dense,1.0,1.0,deterministic,20.0,0.1,0.95,False,6584.073289030449,658407.3289030449,1070501.657404722,61.50455950710616,412094.328501677,0.34,0.52,0.29236879015983647,0.03846778760152512,0.026124124999910237,state_thompson,context_noise_refinement
global_ucb_tw,20262380,100,20,2,0.0,0.45,0.3,dense,1.0,1.0,deterministic,20.0,0.1,0.95,False,5276.394211887266,527639.4211887266,1056272.5544648059,49.95296137899483,528633.1332760793,0.36,0.47,0.28719377894261594,0.038264691957273986,0.6276537079999116,global_ucb_tw_dense,context_noise_refinement
local_ucb_tw,20262278,100,20,2,0.0,0.45,0.3,dense,1.0,1.0,deterministic,20.0,0.1,0.95,False,4587.806807401346,458780.6807401346,900696.4186259634,50.93621682653262,441915.73788582877,0.3,0.62,0.28933914385301174,0.03875720471476535,0.6269095420000212,local_ucb_tw_dense,context_noise_refinement
exp4,20261401,100,20,2,0.0,0.45,0.3,dense,1.0,1.0,deterministic,20.0,0.1,0.95,False,5919.3584715495745,591935.8471549575,935343.6290748792,63.28538825248896,343407.78191992175,0.4,0.56,0.2937372009336002,0.0384581915548392,0.6359964590000118,exp4_dense,context_noise_refinement
tw,20261251,100,20,2,0.0,0.45,0.3,dense,1.0,1.0,deterministic,20.0,0.1,0.95,False,5458.199195250349,545819.9195250348,925745.1203265425,58.960064443278426,379925.2008015077,0.31,0.53,0.28197850114628686,0.03650367337528536,0.6185365840000259,tw_dense,context_noise_refinement
tm_tw,20261571,100,20,2,0.0,0.45,0.3,dense,1.0,1.0,deterministic,20.0,0.1,0.95,False,5479.784873552243,547978.4873552243,1035362.3925549206,52.926249909753885,487383.9051996963,0.34,0.61,0.2930785665349869,0.03863827391502142,0.6310949580000624,tm_tw_dense,context_noise_refinement
tm_tw_refined,20262399,100,20,2,0.0,0.45,0.3,dense,1.0,1.0,deterministic,20.0,0.1,0.95,False,8496.277461877104,849627.7461877103,1035495.370847824,82.05036643399647,185867.6246601137,0.51,0.76,0.284878369246169,0.03855586124131059,0.6325835420000203,tm_tw_refined_dense,context_noise_refinement
tw,20261463,100,20,2,0.0,0.45,0.3,offline,1.0,1.0,deterministic,20.0,0.1,0.95,False,3363.3657985192217,336336.5798519222,898954.5375641353,37.4141923531841,562617.957712213,0.33,0.57,0.2010951664944378,0.02702903316956454,0.613038041999971,tw_offline,context_noise_refinement
tm_tw,20261783,100,20,2,0.0,0.45,0.3,offline,1.0,1.0,deterministic,20.0,0.1,0.95,False,4961.895551923477,496189.55519234773,1009694.8226579805,49.14252743082796,513505.26746563276,0.32,0.66,0.20366873866457244,0.027992704838897015,0.6259097500000053,tm_tw_offline,context_noise_refinement
tm_tw_refined,20262611,100,20,2,0.0,0.45,0.3,offline,1.0,1.0,deterministic,20.0,0.1,0.95,False,7909.296819424353,790929.6819424353,1094442.941744429,72.2677859004486,303513.2598019937,0.53,0.73,0.20929089903719622,0.02830588409817712,0.6253935419999834,tm_tw_refined_offline,context_noise_refinement
tw,20262075,100,20,2,0.0,0.45,0.3,gated_offline,1.0,1.0,deterministic,20.0,0.1,0.95,False,6831.848761133002,683184.8761133002,925480.4892159724,73.81947907859897,242295.61310267216,0.5,0.71,0.20808570018920852,0.028161177176248494,0.6167132919999858,tw_gated_offline,context_noise_refinement
tm_tw,20262395,100,20,2,0.0,0.45,0.3,gated_offline,1.0,1.0,deterministic,20.0,0.1,0.95,False,3820.0105935454276,382001.05935454275,834701.8111951392,45.76497309950576,452700.75184059644,0.32,0.53,0.20823393493357617,0.028317879752763522,0.629908124999929,tm_tw_gated_offline,context_noise_refinement
tm_tw_refined,20263223,100,20,2,0.0,0.45,0.3,gated_offline,1.0,1.0,deterministic,20.0,0.1,0.95,False,9621.82132223489,962182.132223489,1154665.359015072,83.32995570632075,192483.226791583,0.68,0.86,0.20237617627650314,0.027618931965707954,0.6327712500000189,tm_tw_refined_gated_offline,context_noise_refinement
tw,20262355,100,20,2,0.0,0.45,0.3,support_offline,1.0,1.0,deterministic,20.0,0.1,0.95,True,6579.384032482214,657938.4032482214,1113395.107920859,59.09298492220321,455456.7046726376,0.5,0.75,0.11333440284547878,0.010801589926374104,0.6167696669999714,tw_support_offline,context_noise_refinement
tm_tw,20262675,100,20,2,0.0,0.45,0.3,support_offline,1.0,1.0,deterministic,20.0,0.1,0.95,True,4437.4570937947765,443745.70937947766,1058878.1358620883,41.907155729322994,615132.4264826106,0.35,0.55,0.1125532210135161,0.010206664517429897,0.624571291000052,tm_tw_support_offline,context_noise_refinement
tm_tw_refined,20263503,100,20,2,0.0,0.45,0.3,support_offline,1.0,1.0,deterministic,20.0,0.1,0.95,True,7843.129333488522,784312.9333488522,1057552.1679267169,74.16304908026072,273239.23457786464,0.44,0.71,0.10967428792474151,0.010194089819366335,0.630184708999991,tm_tw_refined_support_offline,context_noise_refinement
oracle,20261647,100,20,2,0.0,0.45,0.3,dense,1.0,1.0,deterministic,20.0,0.1,0.95,False,6777.154738825468,677715.4738825468,746211.8744378188,90.82078389507325,68496.400555272,0.76,0.93,0.2904328343367544,0.03954142813914569,0.023354250000011234,oracle,context_noise_refinement
state_thompson,20262545,100,20,2,0.0,0.45,0.3,dense,1.0,1.0,deterministic,20.0,0.1,0.95,False,3517.216815302355,351721.6815302355,743354.0561925806,47.315499068066565,391632.3746623451,0.34,0.51,0.2880339785686011,0.03873311420707997,0.025725833000024068,state_thompson,context_noise_refinement
global_ucb_tw,20262381,100,20,2,0.0,0.45,0.3,dense,1.0,1.0,deterministic,20.0,0.1,0.95,False,4154.833460610544,415483.3460610544,720546.1939775012,57.662277524156586,305062.84791644686,0.29,0.59,0.2855887360220637,0.037738698375645585,0.6268182920000527,global_ucb_tw_dense,context_noise_refinement
local_ucb_tw,20262279,100,20,2,0.0,0.45,0.3,dense,1.0,1.0,deterministic,20.0,0.1,0.95,False,3664.949954006283,366494.9954006283,692412.8743815247,52.930124346400696,325917.87898089644,0.47,0.61,0.28835108792626846,0.03786043232405572,0.6500720830000546,local_ucb_tw_dense,context_noise_refinement
exp4,20261402,100,20,2,0.0,0.45,0.3,dense,1.0,1.0,deterministic,20.0,0.1,0.95,False,5283.4353183035555,528343.5318303555,701959.230498,75.26698259320928,173615.69866764452,0.49,0.63,0.290415080151268,0.03991865774105431,0.6477665419999994,exp4_dense,context_noise_refinement
tw,20261252,100,20,2,0.0,0.45,0.3,dense,1.0,1.0,deterministic,20.0,0.1,0.95,False,2910.9605335865654,291096.0533586565,725214.1022453161,40.139326091067694,434118.0488866596,0.23,0.56,0.2842602432924531,0.037188042540752954,0.6626324999999724,tw_dense,context_noise_refinement
tm_tw,20261572,100,20,2,0.0,0.45,0.3,dense,1.0,1.0,deterministic,20.0,0.1,0.95,False,3774.0089826711333,377400.8982671133,685472.2917499646,55.057061067141646,308071.3934828513,0.32,0.65,0.29002507744706607,0.03729019260973612,0.6399805839999999,tm_tw_dense,context_noise_refinement
tm_tw_refined,20262400,100,20,2,0.0,0.45,0.3,dense,1.0,1.0,deterministic,20.0,0.1,0.95,False,4674.728380060303,467472.8380060303,681824.6051696137,68.56203699039868,214351.76716358343,0.51,0.77,0.2891582871119382,0.03892787466931547,0.6353747080000858,tm_tw_refined_dense,context_noise_refinement
tw,20261464,100,20,2,0.0,0.45,0.3,offline,1.0,1.0,deterministic,20.0,0.1,0.95,False,3622.37941735452,362237.941735452,723911.9062648414,50.03895344179186,361673.96452938946,0.28,0.57,0.20450152455004783,0.027553484177922097,0.6147186670000337,tw_offline,context_noise_refinement
tm_tw,20261784,100,20,2,0.0,0.45,0.3,offline,1.0,1.0,deterministic,20.0,0.1,0.95,False,2128.120102659837,212812.0102659837,695283.3172614282,30.607955776100678,482471.3069954445,0.2,0.53,0.20442269320093615,0.02778754532981987,0.6279130839999425,tm_tw_offline,context_noise_refinement
tm_tw_refined,20262612,100,20,2,0.0,0.45,0.3,offline,1.0,1.0,deterministic,20.0,0.1,0.95,False,5791.984317296077,579198.4317296077,716891.9925052652,80.79298385040252,137693.56077565742,0.56,0.78,0.20531307383024547,0.028139928770437982,0.6335946670000112,tm_tw_refined_offline,context_noise_refinement
tw,20262076,100,20,2,0.0,0.45,0.3,gated_offline,1.0,1.0,deterministic,20.0,0.1,0.95,False,4446.284539227067,444628.4539227067,751643.3586153347,59.15417848456668,307014.904692628,0.43,0.6,0.20504849081284596,0.02797267628744785,0.6209218750000218,tw_gated_offline,context_noise_refinement
tm_tw,20262396,100,20,2,0.0,0.45,0.3,gated_offline,1.0,1.0,deterministic,20.0,0.1,0.95,False,5718.747605456071,571874.7605456071,741207.5772899522,77.15446766431207,169332.81674434512,0.55,0.73,0.20491004486213332,0.028110802602718355,0.6279894169999807,tm_tw_gated_offline,context_noise_refinement
tm_tw_refined,20263224,100,20,2,0.0,0.45,0.3,gated_offline,1.0,1.0,deterministic,20.0,0.1,0.95,False,5785.490922110745,578549.0922110744,720748.008319566,80.27064737368747,142198.9161084916,0.56,0.72,0.2012161982373449,0.02758314047525395,0.6273117079999793,tm_tw_refined_gated_offline,context_noise_refinement
tw,20262356,100,20,2,0.0,0.45,0.3,support_offline,1.0,1.0,deterministic,20.0,0.1,0.95,True,3118.211125500299,311821.11255002994,748222.2080770534,41.67493415511104,436401.0955270235,0.25,0.54,0.10836812796803379,0.009958725656944655,0.6141349580000224,tw_support_offline,context_noise_refinement
tm_tw,20262676,100,20,2,0.0,0.45,0.3,support_offline,1.0,1.0,deterministic,20.0,0.1,0.95,True,5225.215202097152,522521.5202097152,741934.2103801789,70.42693447737999,219412.6901704637,0.48,0.65,0.11276490031676988,0.010328000609502692,0.6275573750000376,tm_tw_support_offline,context_noise_refinement
tm_tw_refined,20263504,100,20,2,0.0,0.45,0.3,support_offline,1.0,1.0,deterministic,20.0,0.1,0.95,True,5726.911535031392,572691.1535031393,704794.6211413582,81.25645916192039,132103.4676382189,0.57,0.8,0.10414035720263794,0.010158272474212606,0.6291813330000195,tm_tw_refined_support_offline,context_noise_refinement
oracle,20261648,100,20,2,0.0,0.45,0.3,dense,1.0,1.0,deterministic,20.0,0.1,0.95,False,10388.597033397898,1038859.7033397899,1293859.6149613946,80.29153173397306,254999.9116216047,0.75,0.87,0.29515488832900766,0.03894825419468786,0.023854833000086728,oracle,context_noise_refinement
state_thompson,20262546,100,20,2,0.0,0.45,0.3,dense,1.0,1.0,deterministic,20.0,0.1,0.95,False,5875.88336966738,587588.336966738,1029098.970083228,57.09735934525491,441510.63311649,0.22,0.38,0.29004639404858934,0.03853263529939707,0.026033624999968197,state_thompson,context_noise_refinement
global_ucb_tw,20262382,100,20,2,0.0,0.45,0.3,dense,1.0,1.0,deterministic,20.0,0.1,0.95,False,5194.05874855023,519405.87485502305,989471.5229486476,52.49326158545541,470065.64809362456,0.38,0.61,0.2872445073666554,0.03865133966524837,0.6464872919999607,global_ucb_tw_dense,context_noise_refinement
local_ucb_tw,20262280,100,20,2,0.0,0.45,0.3,dense,1.0,1.0,deterministic,20.0,0.1,0.95,False,6037.663319871873,603766.3319871873,1204928.2667515166,50.1080727083397,601161.9347643293,0.36,0.65,0.284440811585732,0.03799489391572131,0.6453887499999382,local_ucb_tw_dense,context_noise_refinement
exp4,20261403,100,20,2,0.0,0.45,0.3,dense,1.0,1.0,deterministic,20.0,0.1,0.95,False,5456.923737662149,545692.3737662148,1090820.2613983816,50.025874388019,545127.8876321667,0.32,0.63,0.28540424687525656,0.0383996347209614,0.632806458999994,exp4_dense,context_noise_refinement
tw,20261253,100,20,2,0.0,0.45,0.3,dense,1.0,1.0,deterministic,20.0,0.1,0.95,False,4791.339433960917,479133.94339609164,1180742.363640897,40.579042316958166,701608.4202448053,0.3,0.58,0.28249931322936706,0.036572136691965504,0.6155824999999595,tw_dense,context_noise_refinement
tm_tw,20261573,100,20,2,0.0,0.45,0.3,dense,1.0,1.0,deterministic,20.0,0.1,0.95,False,5270.4036653715675,527040.3665371567,1180066.05199367,44.66193783362763,653025.6854565132,0.26,0.5,0.2967104380626001,0.039193275024230805,0.6280052500000011,tm_tw_dense,context_noise_refinement
tm_tw_refined,20262401,100,20,2,0.0,0.45,0.3,dense,1.0,1.0,deterministic,20.0,0.1,0.95,False,5863.291888503209,586329.1888503209,936795.9987873633,62.58878022635616,350466.8099370424,0.36,0.62,0.28818516361436924,0.03868759481919254,0.6305633749999515,tm_tw_refined_dense,context_noise_refinement
tw,20261465,100,20,2,0.0,0.45,0.3,offline,1.0,1.0,deterministic,20.0,0.1,0.95,False,4628.841604236514,462884.1604236514,1263650.7596746252,36.63070329201072,800766.5992509739,0.28,0.5,0.19902295514745108,0.027036941406677284,0.6132406660000242,tw_offline,context_noise_refinement
tm_tw,20261785,100,20,2,0.0,0.45,0.3,offline,1.0,1.0,deterministic,20.0,0.1,0.95,False,4801.154809066216,480115.4809066216,1020323.1465675681,47.05523760014272,540207.6656609464,0.21,0.39,0.20440606446637996,0.02754775576499156,0.6233869999999797,tm_tw_offline,context_noise_refinement
tm_tw_refined,20262613,100,20,2,0.0,0.45,0.3,offline,1.0,1.0,deterministic,20.0,0.1,0.95,False,6564.185166414648,656418.5166414648,1087719.4003737015,60.34814828309055,431300.8837322367,0.34,0.6,0.20753534783064148,0.02826222082144616,0.6233154579999791,tm_tw_refined_offline,context_noise_refinement
tw,20262077,100,20,2,0.0,0.45,0.3,gated_offline,1.0,1.0,deterministic,20.0,0.1,0.95,False,4436.956463265444,443695.64632654435,1005582.0002747448,44.12326853556627,561886.3539482005,0.27,0.44,0.2039376630661365,0.027628067109782543,0.6194766669999581,tw_gated_offline,context_noise_refinement
tm_tw,20262397,100,20,2,0.0,0.45,0.3,gated_offline,1.0,1.0,deterministic,20.0,0.1,0.95,False,5482.667040628736,548266.7040628736,1298399.7418762117,42.22634111669016,750133.0378133381,0.28,0.52,0.20441085417992877,0.027037274864133723,0.6293205829999806,tm_tw_gated_offline,context_noise_refinement
tm_tw_refined,20263225,100,20,2,0.0,0.45,0.3,gated_offline,1.0,1.0,deterministic,20.0,0.1,0.95,False,6943.607827231696,694360.7827231697,1142144.5660991336,60.79447412639548,447783.7833759639,0.36,0.73,0.19911169977959184,0.027032277758147684,0.6865551249999271,tm_tw_refined_gated_offline,context_noise_refinement
tw,20262357,100,20,2,0.0,0.45,0.3,support_offline,1.0,1.0,deterministic,20.0,0.1,0.95,True,6393.86051599534,639386.051599534,1214879.9602457874,52.629566090642996,575493.9086462534,0.48,0.69,0.11562669859429399,0.010495809555268274,0.6449230419999594,tw_support_offline,context_noise_refinement
tm_tw,20262677,100,20,2,0.0,0.45,0.3,support_offline,1.0,1.0,deterministic,20.0,0.1,0.95,True,4672.370400961539,467237.04009615397,1149542.002500779,40.64549525634557,682304.962404625,0.22,0.44,0.120347270320439,0.010868094004101955,0.6419085830000313,tm_tw_support_offline,context_noise_refinement
tm_tw_refined,20263505,100,20,2,0.0,0.45,0.3,support_offline,1.0,1.0,deterministic,20.0,0.1,0.95,True,4650.726449309283,465072.6449309283,1193141.5411165166,38.97883267862111,728068.8961855883,0.33,0.55,0.11007156969007616,0.010772725028482599,0.6595740830000523,tm_tw_refined_support_offline,context_noise_refinement
oracle,20261649,100,20,2,0.0,0.45,0.3,dense,1.0,1.0,deterministic,20.0,0.1,0.95,False,6142.172737035359,614217.2737035359,697409.4914120204,88.07125243735238,83192.2177084845,0.71,0.88,0.29084439107791066,0.03979083014782015,0.02475933299990629,oracle,context_noise_refinement
state_thompson,20262547,100,20,2,0.0,0.45,0.3,dense,1.0,1.0,deterministic,20.0,0.1,0.95,False,3861.1435746329344,386114.3574632934,667283.4103590011,57.86362308266624,281169.0528957077,0.34,0.56,0.2910199373112089,0.03917061279186814,0.02733295900009125,state_thompson,context_noise_refinement
global_ucb_tw,20262383,100,20,2,0.0,0.45,0.3,dense,1.0,1.0,deterministic,20.0,0.1,0.95,False,4768.413254510979,476841.3254510979,681750.8425957182,69.94363565955537,204909.5171446203,0.39,0.65,0.29384763048092116,0.03950797870698013,0.7084447080000018,global_ucb_tw_dense,context_noise_refinement
local_ucb_tw,20262281,100,20,2,0.0,0.45,0.3,dense,1.0,1.0,deterministic,20.0,0.1,0.95,False,4194.449694570613,419444.9694570613,661811.3487295792,63.37832832003149,242366.37927251792,0.36,0.62,0.28560593785111,0.03785295537399675,0.6493461250000792,local_ucb_tw_dense,context_noise_refinement
exp4,20261404,100,20,2,0.0,0.45,0.3,dense,1.0,1.0,deterministic,20.0,0.1,0.95,False,4129.621118204509,412962.1118204509,628269.8003755285,65.73005921558156,215307.6885550776,0.36,0.78,0.2985241298075739,0.041117666886925086,0.6445309580000185,exp4_dense,context_noise_refinement
tw,20261254,100,20,2,0.0,0.45,0.3,dense,1.0,1.0,deterministic,20.0,0.1,0.95,False,5511.120650115236,551112.0650115235,702525.580345521,78.44725949202757,151413.51533399743,0.49,0.74,0.29281246665963834,0.03843034327378122,0.6207515840000042,tw_dense,context_noise_refinement
tm_tw,20261574,100,20,2,0.0,0.45,0.3,dense,1.0,1.0,deterministic,20.0,0.1,0.95,False,2675.433611747083,267543.3611747083,677006.0862226376,39.51860501985577,409462.72504792927,0.23,0.42,0.2850182198176519,0.037645823426850536,0.6278664159999607,tm_tw_dense,context_noise_refinement
tm_tw_refined,20262402,100,20,2,0.0,0.45,0.3,dense,1.0,1.0,deterministic,20.0,0.1,0.95,False,5190.090326899671,519009.0326899671,674724.3690041356,76.92163741706888,155715.33631416853,0.5,0.7,0.29109414311449844,0.03991791977241336,0.6356736249999813,tm_tw_refined_dense,context_noise_refinement
tw,20261466,100,20,2,0.0,0.45,0.3,offline,1.0,1.0,deterministic,20.0,0.1,0.95,False,5013.621235035041,501362.12350350403,715414.551889158,70.07994486267901,214052.42838565394,0.51,0.7,0.2015828110429351,0.027244450128901622,0.6266740000000937,tw_offline,context_noise_refinement
tm_tw,20261786,100,20,2,0.0,0.45,0.3,offline,1.0,1.0,deterministic,20.0,0.1,0.95,False,3327.040420057678,332704.0420057678,658808.5430173989,50.50086941525608,326104.5010116311,0.26,0.63,0.2100519495436467,0.02836154700146365,0.6382562499999267,tm_tw_offline,context_noise_refinement
tm_tw_refined,20262614,100,20,2,0.0,0.45,0.3,offline,1.0,1.0,deterministic,20.0,0.1,0.95,False,5023.8594741810375,502385.94741810375,665771.6079826545,75.45920273476014,163385.66056455072,0.5,0.8,0.206071447900395,0.028197734396767864,0.6383787500000153,tm_tw_refined_offline,context_noise_refinement
tw,20262078,100,20,2,0.0,0.45,0.3,gated_offline,1.0,1.0,deterministic,20.0,0.1,0.95,False,3725.0696511473666,372506.96511473664,666928.1427912137,55.85413798190136,294421.17767647706,0.35,0.58,0.20846868695801085,0.028038613111165362,0.6328187080000589,tw_gated_offline,context_noise_refinement
tm_tw,20262398,100,20,2,0.0,0.45,0.3,gated_offline,1.0,1.0,deterministic,20.0,0.1,0.95,False,4468.391215235485,446839.1215235485,706574.6532438573,63.24018551643866,259735.53172030882,0.37,0.59,0.20280942462378132,0.027835929076191097,0.6323455420000528,tm_tw_gated_offline,context_noise_refinement
tm_tw_refined,20263226,100,20,2,0.0,0.45,0.3,gated_offline,1.0,1.0,deterministic,20.0,0.1,0.95,False,5648.032205102212,564803.2205102212,687499.7524302982,82.15322529406778,122696.53192007705,0.48,0.75,0.20463174112837323,0.028002036886344676,0.6314659590000247,tm_tw_refined_gated_offline,context_noise_refinement
tw,20262358,100,20,2,0.0,0.45,0.3,support_offline,1.0,1.0,deterministic,20.0,0.1,0.95,True,4920.4412615618985,492044.1261561898,650107.3629013066,75.686594897232,158063.23674511677,0.45,0.71,0.11030995879057155,0.009893874313359197,0.6179797080000071,tw_support_offline,context_noise_refinement
tm_tw,20262678,100,20,2,0.0,0.45,0.3,support_offline,1.0,1.0,deterministic,20.0,0.1,0.95,True,4928.791162267028,492879.1162267028,703226.035717714,70.08829184256088,210346.91949101118,0.46,0.8,0.10813636872207108,0.010054512826132785,0.632163791000039,tm_tw_support_offline,context_noise_refinement
tm_tw_refined,20263506,100,20,2,0.0,0.45,0.3,support_offline,1.0,1.0,deterministic,20.0,0.1,0.95,True,5671.121227618626,567112.1227618626,638917.8492778374,88.76135224628078,71805.72651597485,0.5,0.82,0.10912987554753942,0.010008844795580701,0.6355225830000109,tm_tw_refined_support_offline,context_noise_refinement
oracle,20261640,100,50,2,0.0,0.45,0.0,dense,1.0,1.0,deterministic,20.0,0.1,0.95,False,9873.955973918755,987395.5973918756,987395.5973918756,100.0,0.0,1.0,1.0,0.30230024854374987,0.015605440608176879,0.02134454099996219,oracle,context_noise_refinement
state_thompson,20262538,100,50,2,0.0,0.45,0.0,dense,1.0,1.0,deterministic,20.0,0.1,0.95,False,4251.300499464726,425130.04994647263,853999.6186218176,49.78105852465677,428869.5686753449,0.3,0.53,0.3063616475529463,0.01581304496222718,0.02486333400008789,state_thompson,context_noise_refinement
global_ucb_tw,20262374,100,50,2,0.0,0.45,0.0,dense,1.0,1.0,deterministic,20.0,0.1,0.95,False,5097.949730374976,509794.97303749755,904853.4096707627,56.34006211271172,395058.43663326517,0.38,0.62,0.3016468323254131,0.015592293111131255,1.0884483749999845,global_ucb_tw_dense,context_noise_refinement
local_ucb_tw,20262272,100,50,2,0.0,0.45,0.0,dense,1.0,1.0,deterministic,20.0,0.1,0.95,False,4453.406661071521,445340.66610715206,838316.614573451,53.12320647894454,392975.9484662989,0.31,0.72,0.307686159056087,0.01586870420304868,1.1017056250000223,local_ucb_tw_dense,context_noise_refinement
exp4,20261395,100,50,2,0.0,0.45,0.0,dense,1.0,1.0,deterministic,20.0,0.1,0.95,False,6556.422463124586,655642.2463124587,773789.8830921892,84.73130246836602,118147.63677973056,0.53,0.86,0.3073758232387089,0.01593206064149057,1.1053468750000093,exp4_dense,context_noise_refinement
tw,20261245,100,50,2,0.0,0.45,0.0,dense,1.0,1.0,deterministic,20.0,0.1,0.95,False,4479.867123738294,447986.7123738294,815118.4006355692,54.95971039600166,367131.68826173985,0.34,0.66,0.30784368474094925,0.015871635836274867,1.0813140829999384,tw_dense,context_noise_refinement
tm_tw,20261565,100,50,2,0.0,0.45,0.0,dense,1.0,1.0,deterministic,20.0,0.1,0.95,False,5890.060368514871,589006.0368514871,921046.8860880025,63.9496257734712,332040.84923651535,0.36,0.77,0.3051944218648803,0.015774408617178565,1.1080469999999423,tm_tw_dense,context_noise_refinement
tm_tw_refined,20262393,100,50,2,0.0,0.45,0.0,dense,1.0,1.0,deterministic,20.0,0.1,0.95,False,6756.684539427811,675668.4539427811,860887.033855602,78.48514699039039,185218.57991282095,0.52,0.81,0.31033499616690796,0.015984712310538458,1.1148802919999525,tm_tw_refined_dense,context_noise_refinement
tw,20261457,100,50,2,0.0,0.45,0.0,offline,1.0,1.0,deterministic,20.0,0.1,0.95,False,4161.465814099835,416146.5814099835,817413.504091896,50.91016717081286,401266.9226819125,0.31,0.58,0.2370564919327092,0.012279762706598106,1.0323243330000196,tw_offline,context_noise_refinement
tm_tw,20261777,100,50,2,0.0,0.45,0.0,offline,1.0,1.0,deterministic,20.0,0.1,0.95,False,5718.611348359882,571861.1348359882,795999.9821009337,71.84185272550364,224138.8472649455,0.41,0.71,0.24131860299512198,0.012469487860533954,1.0597886670000207,tm_tw_offline,context_noise_refinement
tm_tw_refined,20262605,100,50,2,0.0,0.45,0.0,offline,1.0,1.0,deterministic,20.0,0.1,0.95,False,7358.656185299583,735865.6185299583,879600.9022459184,83.65903407454957,143735.2837159601,0.55,0.8,0.23983272269371864,0.012384236267719742,1.0867552500000102,tm_tw_refined_offline,context_noise_refinement
tw,20262069,100,50,2,0.0,0.45,0.0,gated_offline,1.0,1.0,deterministic,20.0,0.1,0.95,False,5275.745036384004,527574.5036384005,902947.8794652319,58.42801291596751,375373.37582683144,0.39,0.64,0.23949637712999491,0.012396656677123944,1.0407287499999711,tw_gated_offline,context_noise_refinement
tm_tw,20262389,100,50,2,0.0,0.45,0.0,gated_offline,1.0,1.0,deterministic,20.0,0.1,0.95,False,6322.643091350523,632264.3091350523,940034.9182121753,67.25966204931377,307770.609077123,0.4,0.66,0.24158121663252582,0.012498945184472438,1.0343758750000234,tm_tw_gated_offline,context_noise_refinement
tm_tw_refined,20263217,100,50,2,0.0,0.45,0.0,gated_offline,1.0,1.0,deterministic,20.0,0.1,0.95,False,6570.43525108487,657043.525108487,857235.0409949988,76.64683472876376,200191.51588651177,0.42,0.72,0.23958674366347715,0.01245328672660392,1.0382112500000176,tm_tw_refined_gated_offline,context_noise_refinement
tw,20262349,100,50,2,0.0,0.45,0.0,support_offline,1.0,1.0,deterministic,20.0,0.1,0.95,True,3855.838775752993,385583.8775752993,805507.9210086813,47.86841538348369,419924.043433382,0.38,0.66,0.07123457196329204,3.927775506553106e-07,1.0070060830000784,tw_support_offline,context_noise_refinement
tm_tw,20262669,100,50,2,0.0,0.45,0.0,support_offline,1.0,1.0,deterministic,20.0,0.1,0.95,True,5436.625984982611,543662.5984982611,945256.277254508,57.51483609051783,401593.6787562469,0.39,0.66,0.08190704700154086,3.75282137864427e-07,1.0082360000000108,tm_tw_support_offline,context_noise_refinement
tm_tw_refined,20263497,100,50,2,0.0,0.45,0.0,support_offline,1.0,1.0,deterministic,20.0,0.1,0.95,True,6491.88972652641,649188.972652641,852683.3664591776,76.13482309950994,203494.39380653657,0.41,0.77,0.07843355456234971,3.829311744491993e-07,1.0045108330000403,tm_tw_refined_support_offline,context_noise_refinement
oracle,20261641,100,50,2,0.0,0.45,0.0,dense,1.0,1.0,deterministic,20.0,0.1,0.95,False,9432.007079997546,943200.7079997546,943200.7079997546,100.0,0.0,1.0,1.0,0.3019993721744214,0.015567667207322024,0.020988999999985936,oracle,context_noise_refinement
state_thompson,20262539,100,50,2,0.0,0.45,0.0,dense,1.0,1.0,deterministic,20.0,0.1,0.95,False,4453.023233483582,445302.32334835816,888603.18550223,50.11261838957707,443300.8621538718,0.28,0.51,0.3027692420192558,0.015583411793893805,0.023621374999947875,state_thompson,context_noise_refinement
global_ucb_tw,20262375,100,50,2,0.0,0.45,0.0,dense,1.0,1.0,deterministic,20.0,0.1,0.95,False,5851.831473577735,585183.1473577735,939675.446031754,62.27502802472915,354492.2986739805,0.48,0.68,0.3035062666564427,0.015654405324790514,1.071871750000014,global_ucb_tw_dense,context_noise_refinement
local_ucb_tw,20262273,100,50,2,0.0,0.45,0.0,dense,1.0,1.0,deterministic,20.0,0.1,0.95,False,5130.4053999518255,513040.5399951826,905769.8219355526,56.641381460342636,392729.28194037004,0.4,0.6,0.30471236818699166,0.01565660074858139,1.0765915829999813,local_ucb_tw_dense,context_noise_refinement
exp4,20261396,100,50,2,0.0,0.45,0.0,dense,1.0,1.0,deterministic,20.0,0.1,0.95,False,8455.524614540072,845552.4614540073,918061.611440113,92.10192986150847,72509.14998610574,0.6,0.86,0.3081950559526758,0.015881327961311132,1.138162665999971,exp4_dense,context_noise_refinement
tw,20261246,100,50,2,0.0,0.45,0.0,dense,1.0,1.0,deterministic,20.0,0.1,0.95,False,4818.17147758304,481817.14775830397,905728.66677791,53.196632217940866,423911.519019606,0.34,0.62,0.30114919496569836,0.015580350237475058,1.0597822080000014,tw_dense,context_noise_refinement
tm_tw,20261566,100,50,2,0.0,0.45,0.0,dense,1.0,1.0,deterministic,20.0,0.1,0.95,False,5235.881365392035,523588.1365392035,807868.1993280717,64.8110839088217,284280.06278886815,0.3,0.53,0.3032966481730909,0.015608501790779213,1.0868732090000321,tm_tw_dense,context_noise_refinement
tm_tw_refined,20262394,100,50,2,0.0,0.45,0.0,dense,1.0,1.0,deterministic,20.0,0.1,0.95,False,7798.204549862817,779820.4549862817,913905.9293036137,85.32830677447255,134085.47431733203,0.58,0.86,0.30737152638808707,0.015822962619500818,1.0798332499999788,tm_tw_refined_dense,context_noise_refinement
tw,20261458,100,50,2,0.0,0.45,0.0,offline,1.0,1.0,deterministic,20.0,0.1,0.95,False,4855.592547325368,485559.25473253685,887993.8826736378,54.68047294093728,402434.627941101,0.4,0.65,0.23719739654578392,0.012319191247957823,1.0273308329999509,tw_offline,context_noise_refinement
tm_tw,20261778,100,50,2,0.0,0.45,0.0,offline,1.0,1.0,deterministic,20.0,0.1,0.95,False,4831.8162216854635,483181.6221685463,929405.8952073196,51.98822437647273,446224.27303877333,0.34,0.61,0.23864645706382845,0.012390709625041343,1.0415647500000205,tm_tw_offline,context_noise_refinement
tm_tw_refined,20262606,100,50,2,0.0,0.45,0.0,offline,1.0,1.0,deterministic,20.0,0.1,0.95,False,8236.508541123396,823650.8541123397,894682.0755938684,92.06073046289879,71031.22148152872,0.57,0.86,0.23986870893051826,0.01246806171131892,1.0348403750000443,tm_tw_refined_offline,context_noise_refinement
tw,20262070,100,50,2,0.0,0.45,0.0,gated_offline,1.0,1.0,deterministic,20.0,0.1,0.95,False,6997.86440813783,699786.440813783,929461.387175282,75.28945800970794,229674.94636149902,0.52,0.71,0.23724908556982585,0.012305760608460036,1.0232638749999978,tw_gated_offline,context_noise_refinement
tm_tw,20262390,100,50,2,0.0,0.45,0.0,gated_offline,1.0,1.0,deterministic,20.0,0.1,0.95,False,7863.546698120381,786354.6698120381,970630.7609866727,81.01481030878179,184276.09117463464,0.64,0.81,0.23884462552068242,0.0123265683916168,1.0487259159999667,tm_tw_gated_offline,context_noise_refinement
tm_tw_refined,20263218,100,50,2,0.0,0.45,0.0,gated_offline,1.0,1.0,deterministic,20.0,0.1,0.95,False,8072.8831620807605,807288.3162080761,898693.7751402876,89.82907621476036,91405.4589322115,0.56,0.84,0.23922436193526936,0.01237462774754187,1.034166124999956,tm_tw_refined_gated_offline,context_noise_refinement
tw,20262350,100,50,2,0.0,0.45,0.0,support_offline,1.0,1.0,deterministic,20.0,0.1,0.95,True,7592.126815346122,759212.6815346122,1046584.5926343482,72.54193181113101,287371.911099736,0.57,0.78,0.08030444695004686,3.730456131846875e-07,0.9879881660000365,tw_support_offline,context_noise_refinement
tm_tw,20262670,100,50,2,0.0,0.45,0.0,support_offline,1.0,1.0,deterministic,20.0,0.1,0.95,True,6883.886335204214,688388.6335204215,962289.2229195931,71.53656272194807,273900.58939917164,0.54,0.8,0.08750726747950656,3.735130748977379e-07,1.0100324579999551,tm_tw_support_offline,context_noise_refinement
tm_tw_refined,20263498,100,50,2,0.0,0.45,0.0,support_offline,1.0,1.0,deterministic,20.0,0.1,0.95,True,9540.220741751244,954022.0741751243,1026972.7418552494,92.89653320804425,72950.6676801251,0.65,0.89,0.08169154962816619,3.7765724187295264e-07,1.0096302910000077,tm_tw_refined_support_offline,context_noise_refinement
oracle,20261642,100,50,2,0.0,0.45,0.0,dense,1.0,1.0,deterministic,20.0,0.1,0.95,False,14002.284708658373,1400228.4708658373,1400228.4708658373,100.0,0.0,1.0,1.0,0.3018952436078729,0.01561602036028473,0.020965499999988424,oracle,context_noise_refinement
state_thompson,20262540,100,50,2,0.0,0.45,0.0,dense,1.0,1.0,deterministic,20.0,0.1,0.95,False,5506.16120578587,550616.120578587,1121951.1888493604,49.076655566743725,571335.0682707734,0.29,0.52,0.305969094932682,0.01582429441743271,0.02324725000005401,state_thompson,context_noise_refinement
global_ucb_tw,20262376,100,50,2,0.0,0.45,0.0,dense,1.0,1.0,deterministic,20.0,0.1,0.95,False,9651.11336074028,965111.3360740282,1398463.5988128851,69.01226008980734,433352.26273885695,0.46,0.71,0.30570080017775897,0.01575688017868612,1.061867207999967,global_ucb_tw_dense,context_noise_refinement
local_ucb_tw,20262274,100,50,2,0.0,0.45,0.0,dense,1.0,1.0,deterministic,20.0,0.1,0.95,False,7889.283477732904,788928.3477732905,1249722.8261427532,63.128265825815426,460794.47836946277,0.38,0.68,0.30332344478623213,0.015584771177278025,1.080755374999967,local_ucb_tw_dense,context_noise_refinement
exp4,20261397,100,50,2,0.0,0.45,0.0,dense,1.0,1.0,deterministic,20.0,0.1,0.95,False,7154.839124588104,715483.9124588104,1288313.9645029015,55.536455566937924,572830.0520440912,0.4,0.61,0.3055717740395146,0.01572239580153704,1.1203380410000818,exp4_dense,context_noise_refinement
tw,20261247,100,50,2,0.0,0.45,0.0,dense,1.0,1.0,deterministic,20.0,0.1,0.95,False,6633.77744118737,663377.7441187369,1129062.4119360303,58.75474527410998,465684.6678172933,0.37,0.56,0.30096017870911335,0.015533488238181993,1.0636779999999817,tw_dense,context_noise_refinement
tm_tw,20261567,100,50,2,0.0,0.45,0.0,dense,1.0,1.0,deterministic,20.0,0.1,0.95,False,5994.434745500102,599443.4745500102,1263598.9049617217,47.43937907798117,664155.4304117116,0.44,0.64,0.3071170018234375,0.015814639860945907,1.0701751249999916,tm_tw_dense,context_noise_refinement
tm_tw_refined,20262395,100,50,2,0.0,0.45,0.0,dense,1.0,1.0,deterministic,20.0,0.1,0.95,False,9462.870456611074,946287.0456611073,1237410.600097078,76.47316465422784,291123.5544359706,0.42,0.66,0.30997217558470863,0.015940347756708405,1.0998197499999378,tm_tw_refined_dense,context_noise_refinement
tw,20261459,100,50,2,0.0,0.45,0.0,offline,1.0,1.0,deterministic,20.0,0.1,0.95,False,4978.005153097992,497800.5153097992,1159576.302004764,42.929517828983194,661775.7866949649,0.33,0.62,0.23978835953578803,0.012447473714806907,1.0284855419999985,tw_offline,context_noise_refinement
tm_tw,20261779,100,50,2,0.0,0.45,0.0,offline,1.0,1.0,deterministic,20.0,0.1,0.95,False,5560.720835827426,556072.0835827426,1159698.3685161297,47.94971681250653,603626.2849333871,0.33,0.54,0.2391800382132328,0.012412321649911628,1.0407229999999572,tm_tw_offline,context_noise_refinement
tm_tw_refined,20262607,100,50,2,0.0,0.45,0.0,offline,1.0,1.0,deterministic,20.0,0.1,0.95,False,11263.201637611963,1126320.1637611962,1437391.0614522102,78.35864532392903,311070.897691014,0.43,0.67,0.23969537186779227,0.012428248789728475,1.0403040830000236,tm_tw_refined_offline,context_noise_refinement
tw,20262071,100,50,2,0.0,0.45,0.0,gated_offline,1.0,1.0,deterministic,20.0,0.1,0.95,False,5369.846026204704,536984.6026204703,1083885.3499504204,49.542564870448096,546900.7473299501,0.31,0.51,0.24238627081123446,0.012569482182379464,1.0571911660000524,tw_gated_offline,context_noise_refinement
tm_tw,20262391,100,50,2,0.0,0.45,0.0,gated_offline,1.0,1.0,deterministic,20.0,0.1,0.95,False,6251.403948366417,625140.3948366417,1241728.7515477282,50.3443601557464,616588.3567110865,0.46,0.66,0.23917547543231105,0.012401106617487376,1.0365105000000767,tm_tw_gated_offline,context_noise_refinement
tm_tw_refined,20263219,100,50,2,0.0,0.45,0.0,gated_offline,1.0,1.0,deterministic,20.0,0.1,0.95,False,8479.882780863643,847988.2780863644,1196060.990587774,70.89841444202958,348072.7125014096,0.47,0.65,0.2400718300058908,0.012472179507739385,1.0299116670000785,tm_tw_refined_gated_offline,context_noise_refinement
tw,20262351,100,50,2,0.0,0.45,0.0,support_offline,1.0,1.0,deterministic,20.0,0.1,0.95,True,6988.225672843417,698822.5672843417,1167407.7126924105,59.86105451304894,468585.1454080688,0.42,0.61,0.07851584002743187,3.8485859988837204e-07,0.9982245839998996,tw_support_offline,context_noise_refinement
tm_tw,20262671,100,50,2,0.0,0.45,0.0,support_offline,1.0,1.0,deterministic,20.0,0.1,0.95,True,4608.523169670324,460852.3169670324,1269070.898422411,36.314150575820506,808218.5814553786,0.19,0.52,0.08217201845185867,3.818185550150944e-07,1.0447765000000118,tm_tw_support_offline,context_noise_refinement
tm_tw_refined,20263499,100,50,2,0.0,0.45,0.0,support_offline,1.0,1.0,deterministic,20.0,0.1,0.95,True,5802.1418670395715,580214.1867039572,861579.4693641015,67.34308410716783,281365.2826601444,0.36,0.75,0.07237575144134477,3.900264705218838e-07,1.0238327920000074,tm_tw_refined_support_offline,context_noise_refinement
oracle,20261643,100,50,2,0.0,0.45,0.0,dense,1.0,1.0,deterministic,20.0,0.1,0.95,False,9134.083964386373,913408.3964386373,913408.3964386373,100.0,0.0,1.0,1.0,0.3055277568311817,0.01572485999932854,0.020901417000004585,oracle,context_noise_refinement
state_thompson,20262541,100,50,2,0.0,0.45,0.0,dense,1.0,1.0,deterministic,20.0,0.1,0.95,False,5111.937671658874,511193.7671658874,867005.7009566536,58.96083112277538,355811.93379076617,0.37,0.6,0.31166075306661345,0.01610960755140928,0.023834374999978536,state_thompson,context_noise_refinement
global_ucb_tw,20262377,100,50,2,0.0,0.45,0.0,dense,1.0,1.0,deterministic,20.0,0.1,0.95,False,2623.8829485845467,262388.29485845467,878906.2681227798,29.853956488315774,616517.9732643252,0.18,0.51,0.30089196165990223,0.015537004168450184,1.0985131250000677,global_ucb_tw_dense,context_noise_refinement
local_ucb_tw,20262275,100,50,2,0.0,0.45,0.0,dense,1.0,1.0,deterministic,20.0,0.1,0.95,False,6094.105614905528,609410.5614905527,828501.6741752479,73.5557429135198,219091.11268469517,0.45,0.76,0.3093120658096781,0.015929925403299437,1.0676096250000455,local_ucb_tw_dense,context_noise_refinement
exp4,20261398,100,50,2,0.0,0.45,0.0,dense,1.0,1.0,deterministic,20.0,0.1,0.95,False,6660.854837554954,666085.4837554954,790866.3516093434,84.22225606135221,124780.86785384803,0.56,0.79,0.3122013085583437,0.016067198079406046,1.0685300000000097,exp4_dense,context_noise_refinement
tw,20261248,100,50,2,0.0,0.45,0.0,dense,1.0,1.0,deterministic,20.0,0.1,0.95,False,2812.573373613024,281257.3373613024,881717.1233755266,31.898817648516264,600459.7860142242,0.21,0.47,0.3026237369831541,0.015646153701299993,1.0469120000000203,tw_dense,context_noise_refinement
tm_tw,20261568,100,50,2,0.0,0.45,0.0,dense,1.0,1.0,deterministic,20.0,0.1,0.95,False,5885.00374081007,588500.374081007,850545.2752783565,69.190952108741,262044.90119734954,0.41,0.68,0.30388154453438465,0.01565287903237809,1.0803834160000179,tm_tw_dense,context_noise_refinement
tm_tw_refined,20262396,100,50,2,0.0,0.45,0.0,dense,1.0,1.0,deterministic,20.0,0.1,0.95,False,8127.082359655082,812708.2359655082,895478.2864237394,90.75688917161924,82770.05045823124,0.64,0.9,0.31147196051849596,0.015904866620084477,1.075806666999938,tm_tw_refined_dense,context_noise_refinement
tw,20261460,100,50,2,0.0,0.45,0.0,offline,1.0,1.0,deterministic,20.0,0.1,0.95,False,6441.978518425003,644197.8518425003,939157.0460847358,68.59319796706049,294959.1942422355,0.54,0.74,0.2376596649541762,0.012336601701229145,1.0114191249999749,tw_offline,context_noise_refinement
tm_tw,20261780,100,50,2,0.0,0.45,0.0,offline,1.0,1.0,deterministic,20.0,0.1,0.95,False,5954.00728438763,595400.728438763,903718.4109515494,65.88343462117248,308317.6825127865,0.41,0.63,0.2391348759230634,0.012425406347201755,1.0489524580000307,tm_tw_offline,context_noise_refinement
tm_tw_refined,20262608,100,50,2,0.0,0.45,0.0,offline,1.0,1.0,deterministic,20.0,0.1,0.95,False,8133.500337580312,813350.0337580312,887444.299902798,91.6508262937874,74094.26614476682,0.71,0.91,0.24074212880840867,0.012478839141634338,1.1025272919999907,tm_tw_refined_offline,context_noise_refinement
tw,20262072,100,50,2,0.0,0.45,0.0,gated_offline,1.0,1.0,deterministic,20.0,0.1,0.95,False,5953.411752970633,595341.1752970633,855678.7226081421,69.57531601141608,260337.54731107876,0.42,0.64,0.24024221384651726,0.012451497880145528,1.0282357909999291,tw_gated_offline,context_noise_refinement
tm_tw,20262392,100,50,2,0.0,0.45,0.0,gated_offline,1.0,1.0,deterministic,20.0,0.1,0.95,False,6534.448313469433,653444.8313469433,836980.6830712017,78.07167412146296,183535.8517242584,0.56,0.77,0.24226829924834772,0.012565960399314426,1.0374779580000677,tm_tw_gated_offline,context_noise_refinement
tm_tw_refined,20263220,100,50,2,0.0,0.45,0.0,gated_offline,1.0,1.0,deterministic,20.0,0.1,0.95,False,8790.042786383197,879004.2786383197,919198.2512196947,95.62727925906721,40193.97258137504,0.73,0.91,0.24187603953220338,0.01245493956159605,1.036239083000055,tm_tw_refined_gated_offline,context_noise_refinement
tw,20262352,100,50,2,0.0,0.45,0.0,support_offline,1.0,1.0,deterministic,20.0,0.1,0.95,True,6955.66308634351,695566.308634351,922651.7846376967,75.38773784602643,227085.47600334568,0.54,0.82,0.07617472272955694,3.8377037477368374e-07,1.0087829579999834,tw_support_offline,context_noise_refinement
tm_tw,20262672,100,50,2,0.0,0.45,0.0,support_offline,1.0,1.0,deterministic,20.0,0.1,0.95,True,7434.468862599552,743446.8862599552,952826.0322201782,78.02545912055436,209379.14596022293,0.56,0.75,0.0769624914790225,3.8655916839687405e-07,1.0123970829999962,tm_tw_support_offline,context_noise_refinement
tm_tw_refined,20263500,100,50,2,0.0,0.45,0.0,support_offline,1.0,1.0,deterministic,20.0,0.1,0.95,True,8439.213562874987,843921.3562874987,914271.0318073289,92.30538067242894,70349.6755198302,0.71,0.9,0.08206143227997623,3.8432469543389e-07,1.0209010419999913,tm_tw_refined_support_offline,context_noise_refinement
oracle,20261644,100,50,2,0.0,0.45,0.0,dense,1.0,1.0,deterministic,20.0,0.1,0.95,False,8163.6373920070855,816363.7392007086,816363.7392007086,100.0,0.0,1.0,1.0,0.3044712902335864,0.015605256690501907,0.021058333000041785,oracle,context_noise_refinement
state_thompson,20262542,100,50,2,0.0,0.45,0.0,dense,1.0,1.0,deterministic,20.0,0.1,0.95,False,4299.6482726619315,429964.8272661931,859862.5364970091,50.003902835193315,429897.709230816,0.22,0.5,0.30411552366128763,0.015693557173666633,0.02564945799997531,state_thompson,context_noise_refinement
global_ucb_tw,20262378,100,50,2,0.0,0.45,0.0,dense,1.0,1.0,deterministic,20.0,0.1,0.95,False,3819.129727577683,381912.9727577683,772353.1568408785,49.44797200284514,390440.18408311025,0.35,0.58,0.301717270952719,0.01565714782890115,1.0879705830000148,global_ucb_tw_dense,context_noise_refinement
local_ucb_tw,20262276,100,50,2,0.0,0.45,0.0,dense,1.0,1.0,deterministic,20.0,0.1,0.95,False,4547.30406610094,454730.406610094,872826.3508540847,52.098611157319866,418095.9442439907,0.43,0.67,0.30184035630450445,0.01563364038379825,1.0901770419999366,local_ucb_tw_dense,context_noise_refinement
exp4,20261399,100,50,2,0.0,0.45,0.0,dense,1.0,1.0,deterministic,20.0,0.1,0.95,False,5289.234521992675,528923.4521992675,779378.8388062698,67.86474380153679,250455.38660700235,0.49,0.79,0.3073537845698169,0.015913958582870397,1.0856213340000522,exp4_dense,context_noise_refinement
tw,20261249,100,50,2,0.0,0.45,0.0,dense,1.0,1.0,deterministic,20.0,0.1,0.95,False,3375.636998760475,337563.6998760475,853433.1273803494,39.55362043564141,515869.42750430194,0.28,0.5,0.30636567935273507,0.015832643969828714,1.1041439159999982,tw_dense,context_noise_refinement
tm_tw,20261569,100,50,2,0.0,0.45,0.0,dense,1.0,1.0,deterministic,20.0,0.1,0.95,False,4458.040422040534,445804.04220405343,745950.610048763,59.763211692381496,300146.56784470956,0.35,0.58,0.3054757700075449,0.015753511894906282,1.0630157079999663,tm_tw_dense,context_noise_refinement
tm_tw_refined,20262397,100,50,2,0.0,0.45,0.0,dense,1.0,1.0,deterministic,20.0,0.1,0.95,False,4266.14199506647,426614.199506647,807046.1126486612,52.86119254159258,380431.91314201424,0.4,0.69,0.30832465451668706,0.015913251113320454,1.0641150000000152,tm_tw_refined_dense,context_noise_refinement
tw,20261461,100,50,2,0.0,0.45,0.0,offline,1.0,1.0,deterministic,20.0,0.1,0.95,False,5234.277621181263,523427.7621181264,906377.0135242516,57.74945241416597,382949.25140612526,0.4,0.6,0.2403306064853902,0.01245245883072235,1.0007250830000203,tw_offline,context_noise_refinement
tm_tw,20261781,100,50,2,0.0,0.45,0.0,offline,1.0,1.0,deterministic,20.0,0.1,0.95,False,2112.736549493526,211273.6549493526,741784.577223696,28.48180744605046,530510.9222743434,0.19,0.32,0.2398668920767814,0.01242972421846027,1.050627416999987,tm_tw_offline,context_noise_refinement
tm_tw_refined,20262609,100,50,2,0.0,0.45,0.0,offline,1.0,1.0,deterministic,20.0,0.1,0.95,False,4396.824550279076,439682.4550279076,698709.6552760325,62.927777182956845,259027.2002481249,0.4,0.69,0.23995763103392417,0.012410244025485023,1.0395239169999968,tm_tw_refined_offline,context_noise_refinement
tw,20262073,100,50,2,0.0,0.45,0.0,gated_offline,1.0,1.0,deterministic,20.0,0.1,0.95,False,2763.444659748535,276344.4659748535,809681.8343471739,34.13000690544862,533337.3683723204,0.22,0.52,0.24111031615503536,0.01250650071998209,1.0205044580000049,tw_gated_offline,context_noise_refinement
tm_tw,20262393,100,50,2,0.0,0.45,0.0,gated_offline,1.0,1.0,deterministic,20.0,0.1,0.95,False,2778.4471539368915,277844.71539368917,719988.5401447864,38.59015802360075,442143.8247510972,0.25,0.54,0.24254891791354144,0.012476983275033156,1.0515480410000464,tm_tw_gated_offline,context_noise_refinement
tm_tw_refined,20263221,100,50,2,0.0,0.45,0.0,gated_offline,1.0,1.0,deterministic,20.0,0.1,0.95,False,5648.189257318059,564818.925731806,772662.6027007742,73.1003317305032,207843.67696896824,0.5,0.74,0.23875890521153698,0.012350459101342071,1.070656000000099,tm_tw_refined_gated_offline,context_noise_refinement
tw,20262353,100,50,2,0.0,0.45,0.0,support_offline,1.0,1.0,deterministic,20.0,0.1,0.95,True,5357.131429381011,535713.1429381011,838866.5713832274,63.861543803652914,303153.4284451263,0.4,0.73,0.08731762393878119,3.7235779236187335e-07,1.010562790999984,tw_support_offline,context_noise_refinement
tm_tw,20262673,100,50,2,0.0,0.45,0.0,support_offline,1.0,1.0,deterministic,20.0,0.1,0.95,True,6244.4567057787945,624445.6705778794,878861.8586805456,71.05162937840689,254416.18810266617,0.52,0.72,0.08113544608330325,3.761007792950792e-07,1.0465777090000756,tm_tw_support_offline,context_noise_refinement
tm_tw_refined,20263501,100,50,2,0.0,0.45,0.0,support_offline,1.0,1.0,deterministic,20.0,0.1,0.95,True,4335.589751005756,433558.9751005756,784008.0171670788,55.30032418127435,350449.0420665032,0.33,0.74,0.07742577248290355,3.856045001865416e-07,1.0253242919999366,tm_tw_refined_support_offline,context_noise_refinement
oracle,20261645,100,50,2,0.0,0.45,0.0,dense,1.0,1.0,deterministic,20.0,0.1,0.95,False,10297.440882710996,1029744.0882710996,1029744.0882710996,100.0,0.0,1.0,1.0,0.3032170627736255,0.015595078977945749,0.02039787499995782,oracle,context_noise_refinement
state_thompson,20262543,100,50,2,0.0,0.45,0.0,dense,1.0,1.0,deterministic,20.0,0.1,0.95,False,4763.408670094289,476340.86700942885,914492.2650427914,52.08801487097758,438151.3980333625,0.33,0.45,0.30869233597251755,0.015944441794058597,0.023290916999940237,state_thompson,context_noise_refinement
global_ucb_tw,20262379,100,50,2,0.0,0.45,0.0,dense,1.0,1.0,deterministic,20.0,0.1,0.95,False,5143.404734945379,514340.4734945379,995377.8386972265,51.67288777171476,481037.3652026886,0.35,0.6,0.30091931779020525,0.01556053703306914,1.0870599590000438,global_ucb_tw_dense,context_noise_refinement
local_ucb_tw,20262277,100,50,2,0.0,0.45,0.0,dense,1.0,1.0,deterministic,20.0,0.1,0.95,False,5399.878375086497,539987.8375086497,890179.8101997605,60.6605352448371,350191.9726911108,0.37,0.72,0.30394704339693357,0.015714519489724715,1.1098184170000422,local_ucb_tw_dense,context_noise_refinement
exp4,20261400,100,50,2,0.0,0.45,0.0,dense,1.0,1.0,deterministic,20.0,0.1,0.95,False,7199.43576596901,719943.576596901,947348.0190288328,75.99568079901051,227404.44243193173,0.47,0.79,0.30288462675184114,0.015624985412398595,1.0912440839999817,exp4_dense,context_noise_refinement
tw,20261250,100,50,2,0.0,0.45,0.0,dense,1.0,1.0,deterministic,20.0,0.1,0.95,False,5416.181430766406,541618.1430766407,945701.1021773834,57.27159901047153,404082.9591007427,0.34,0.53,0.30291318702294523,0.01558964985527815,1.071194582999965,tw_dense,context_noise_refinement
tm_tw,20261570,100,50,2,0.0,0.45,0.0,dense,1.0,1.0,deterministic,20.0,0.1,0.95,False,6810.321024021985,681032.1024021985,1021279.2640413992,66.68421913387559,340247.16163920076,0.4,0.65,0.3056526488712083,0.015742130691404534,1.0836700830000154,tm_tw_dense,context_noise_refinement
tm_tw_refined,20262398,100,50,2,0.0,0.45,0.0,dense,1.0,1.0,deterministic,20.0,0.1,0.95,False,7946.189379481259,794618.9379481259,944823.4708988641,84.10237069916985,150204.5329507382,0.6,0.89,0.3043489362431834,0.015758666834229877,1.1150356250000186,tm_tw_refined_dense,context_noise_refinement
tw,20261462,100,50,2,0.0,0.45,0.0,offline,1.0,1.0,deterministic,20.0,0.1,0.95,False,4906.125361089604,490612.53610896034,980516.0294958156,50.03615661043653,489903.4933868553,0.34,0.52,0.237746028743476,0.012340338074189891,1.04174337500001,tw_offline,context_noise_refinement
tm_tw,20261782,100,50,2,0.0,0.45,0.0,offline,1.0,1.0,deterministic,20.0,0.1,0.95,False,6202.168694996941,620216.8694996941,982717.0515037673,63.11245628135074,362500.18200407317,0.41,0.63,0.2380939294404541,0.012357268544967973,1.0663560410000628,tm_tw_offline,context_noise_refinement
tm_tw_refined,20262610,100,50,2,0.0,0.45,0.0,offline,1.0,1.0,deterministic,20.0,0.1,0.95,False,8347.154837128108,834715.4837128108,959021.1142499656,87.03828010769374,124305.63053715485,0.64,0.88,0.24137790906473047,0.012472718625652742,1.0527820419999898,tm_tw_refined_offline,context_noise_refinement
tw,20262074,100,50,2,0.0,0.45,0.0,gated_offline,1.0,1.0,deterministic,20.0,0.1,0.95,False,5886.232372294841,588623.2372294841,968635.5846973775,60.768285465517216,380012.3474678934,0.46,0.63,0.23875269833361148,0.012360934941014923,1.0542202499999576,tw_gated_offline,context_noise_refinement
tm_tw,20262394,100,50,2,0.0,0.45,0.0,gated_offline,1.0,1.0,deterministic,20.0,0.1,0.95,False,7344.598027066875,734459.8027066875,1007630.9215444223,72.8897641986772,273171.1188377348,0.45,0.66,0.2391041991174782,0.012370683415020393,1.059046917000046,tm_tw_gated_offline,context_noise_refinement
tm_tw_refined,20263222,100,50,2,0.0,0.45,0.0,gated_offline,1.0,1.0,deterministic,20.0,0.1,0.95,False,8134.4348184689225,813443.4818468923,934916.9592217057,87.0070302847071,121473.4773748134,0.64,0.85,0.23881988572427143,0.012347209610006913,1.0854426669999384,tm_tw_refined_gated_offline,context_noise_refinement
tw,20262354,100,50,2,0.0,0.45,0.0,support_offline,1.0,1.0,deterministic,20.0,0.1,0.95,True,6200.979171111833,620097.9171111833,962573.0990106921,64.42086504895099,342475.1818995088,0.41,0.7,0.0806569614102215,3.790747510010446e-07,1.0072721669999964,tw_support_offline,context_noise_refinement
tm_tw,20262674,100,50,2,0.0,0.45,0.0,support_offline,1.0,1.0,deterministic,20.0,0.1,0.95,True,5479.830421950647,547983.0421950647,878370.0997658815,62.386349710802165,330387.05757081683,0.35,0.54,0.08094274184752503,3.8394550908197173e-07,1.039526541999976,tm_tw_support_offline,context_noise_refinement
tm_tw_refined,20263502,100,50,2,0.0,0.45,0.0,support_offline,1.0,1.0,deterministic,20.0,0.1,0.95,True,8551.881107692287,855188.1107692287,927156.6587022736,92.23771438650095,71968.54793304496,0.69,0.9,0.08180461275612011,3.741613495938156e-07,1.031823667000026,tm_tw_refined_support_offline,context_noise_refinement
oracle,20261646,100,50,2,0.0,0.45,0.0,dense,1.0,1.0,deterministic,20.0,0.1,0.95,False,10683.611744432452,1068361.1744432452,1068361.1744432452,100.0,0.0,1.0,1.0,0.30498971088815346,0.015730939749462172,0.022766625000031127,oracle,context_noise_refinement
state_thompson,20262544,100,50,2,0.0,0.45,0.0,dense,1.0,1.0,deterministic,20.0,0.1,0.95,False,5021.420209934417,502142.02099344163,1036063.9492446529,48.46631536205179,533921.9282512113,0.3,0.49,0.30426241850565117,0.015706064697013977,0.023792666999952417,state_thompson,context_noise_refinement
global_ucb_tw,20262380,100,50,2,0.0,0.45,0.0,dense,1.0,1.0,deterministic,20.0,0.1,0.95,False,6022.806035272831,602280.6035272831,979477.493463288,61.48998905505299,377196.8899360049,0.4,0.68,0.30267209799017053,0.01560183477506147,1.2204653750000034,global_ucb_tw_dense,context_noise_refinement
local_ucb_tw,20262278,100,50,2,0.0,0.45,0.0,dense,1.0,1.0,deterministic,20.0,0.1,0.95,False,6469.261440292504,646926.1440292504,1054008.81825723,61.377678518754905,407082.67422797973,0.45,0.68,0.30472628948947744,0.015670126360928304,1.09903779199999,local_ucb_tw_dense,context_noise_refinement
exp4,20261401,100,50,2,0.0,0.45,0.0,dense,1.0,1.0,deterministic,20.0,0.1,0.95,False,9095.821892434817,909582.1892434816,1172133.4037379238,77.60056887235118,262551.2144944422,0.51,0.69,0.31491632015065774,0.016090652563518968,1.1155839589999914,exp4_dense,context_noise_refinement
tw,20261251,100,50,2,0.0,0.45,0.0,dense,1.0,1.0,deterministic,20.0,0.1,0.95,False,5934.461665519346,593446.1665519346,1052966.2684174513,56.359466048599124,459520.10186551674,0.35,0.53,0.3036561742469377,0.015628399477694368,1.2808932089999416,tw_dense,context_noise_refinement
tm_tw,20261571,100,50,2,0.0,0.45,0.0,dense,1.0,1.0,deterministic,20.0,0.1,0.95,False,5477.756053654777,547775.6053654777,1034209.7521059002,52.9656198126226,486434.14674042247,0.33,0.66,0.3037753266850002,0.015609694265135228,1.0947448750000603,tm_tw_dense,context_noise_refinement
tm_tw_refined,20262399,100,50,2,0.0,0.45,0.0,dense,1.0,1.0,deterministic,20.0,0.1,0.95,False,8499.783990991873,849978.3990991872,1148799.8507523723,73.98838000740679,298821.45165318507,0.57,0.75,0.30918625205324934,0.015866408013745423,1.0763180839999222,tm_tw_refined_dense,context_noise_refinement
tw,20261463,100,50,2,0.0,0.45,0.0,offline,1.0,1.0,deterministic,20.0,0.1,0.95,False,5006.756508116255,500675.65081162547,1033505.5089638819,48.444410452496456,532829.8581522563,0.35,0.57,0.23934101195232915,0.012402823515851298,0.9998847909999995,tw_offline,context_noise_refinement
tm_tw,20261783,100,50,2,0.0,0.45,0.0,offline,1.0,1.0,deterministic,20.0,0.1,0.95,False,4269.300371551511,426930.037155151,993135.3419679713,42.98810233750795,566205.3048128203,0.35,0.54,0.23987989018587408,0.012430416102875581,1.0177283330000364,tm_tw_offline,context_noise_refinement
tm_tw_refined,20262611,100,50,2,0.0,0.45,0.0,offline,1.0,1.0,deterministic,20.0,0.1,0.95,False,6837.48348330735,683748.348330735,917552.3315878034,74.51873040827263,233803.98325706844,0.49,0.7,0.24016838817270714,0.012409937506890777,1.0145311669999728,tm_tw_refined_offline,context_noise_refinement
tw,20262075,100,50,2,0.0,0.45,0.0,gated_offline,1.0,1.0,deterministic,20.0,0.1,0.95,False,5458.328097008331,545832.809700833,962394.454191507,56.716121682078786,416561.6444906739,0.44,0.69,0.23930994060825125,0.012457102932381817,1.008752166000022,tw_gated_offline,context_noise_refinement
tm_tw,20262395,100,50,2,0.0,0.45,0.0,gated_offline,1.0,1.0,deterministic,20.0,0.1,0.95,False,5371.560304325927,537156.0304325927,898031.3336237735,59.814842792293035,360875.3031911808,0.4,0.67,0.23761256847731604,0.012336634225710208,1.0243133750000197,tm_tw_gated_offline,context_noise_refinement
tm_tw_refined,20263223,100,50,2,0.0,0.45,0.0,gated_offline,1.0,1.0,deterministic,20.0,0.1,0.95,False,8349.089718762036,834908.9718762035,1036980.616297389,80.51345982312608,202071.64442118548,0.53,0.77,0.24090789305416688,0.012485260262668173,1.0398249579999401,tm_tw_refined_gated_offline,context_noise_refinement
tw,20262355,100,50,2,0.0,0.45,0.0,support_offline,1.0,1.0,deterministic,20.0,0.1,0.95,True,5111.655439452972,511165.54394529725,904619.2293619096,56.506155004670596,393453.6854166123,0.29,0.68,0.08303375586008593,3.809611284655063e-07,1.0035530000000108,tw_support_offline,context_noise_refinement
tm_tw,20262675,100,50,2,0.0,0.45,0.0,support_offline,1.0,1.0,deterministic,20.0,0.1,0.95,True,5948.411286725596,594841.1286725596,1027500.6767860906,57.892042517495696,432659.54811353097,0.43,0.69,0.07918261472147488,3.764651937821129e-07,0.9952728749999551,tm_tw_support_offline,context_noise_refinement
tm_tw_refined,20263503,100,50,2,0.0,0.45,0.0,support_offline,1.0,1.0,deterministic,20.0,0.1,0.95,True,7855.222117144044,785522.2117144044,1024246.7518467101,76.69267296167774,238724.5401323057,0.53,0.72,0.077747380069035,3.761995682862832e-07,0.9974220410000498,tm_tw_refined_support_offline,context_noise_refinement
oracle,20261647,100,50,2,0.0,0.45,0.0,dense,1.0,1.0,deterministic,20.0,0.1,0.95,False,12309.2606343662,1230926.06343662,1230926.06343662,100.0,0.0,1.0,1.0,0.3041133481184199,0.015655672188612628,0.020763666999982888,oracle,context_noise_refinement
state_thompson,20262545,100,50,2,0.0,0.45,0.0,dense,1.0,1.0,deterministic,20.0,0.1,0.95,False,3760.804050498707,376080.4050498707,1082234.9662341701,34.750346900960864,706154.5611842994,0.26,0.46,0.3076015046573868,0.015883421498140385,0.02309912499993061,state_thompson,context_noise_refinement
global_ucb_tw,20262381,100,50,2,0.0,0.45,0.0,dense,1.0,1.0,deterministic,20.0,0.1,0.95,False,7667.6791237144325,766767.9123714432,1100940.9711535838,69.64659618108419,334173.0587821406,0.4,0.61,0.3035513755155365,0.01563192120211696,1.0922387500000923,global_ucb_tw_dense,context_noise_refinement
local_ucb_tw,20262279,100,50,2,0.0,0.45,0.0,dense,1.0,1.0,deterministic,20.0,0.1,0.95,False,7187.392463341625,718739.2463341625,1119870.8699212978,64.18054667183851,401131.6235871352,0.43,0.76,0.3029602280873449,0.015618907157530613,1.0644033749999835,local_ucb_tw_dense,context_noise_refinement
exp4,20261402,100,50,2,0.0,0.45,0.0,dense,1.0,1.0,deterministic,20.0,0.1,0.95,False,7873.0062631914925,787300.6263191493,1058758.7312748637,74.3607210087563,271458.1049557144,0.56,0.8,0.3089433812408106,0.015881201424455482,1.0709694590000254,exp4_dense,context_noise_refinement
tw,20261252,100,50,2,0.0,0.45,0.0,dense,1.0,1.0,deterministic,20.0,0.1,0.95,False,4528.5047005513925,452850.4700551393,1148718.261880324,39.4222399941543,695867.7918251847,0.28,0.42,0.30171267711397376,0.015601083590980462,1.049416457999996,tw_dense,context_noise_refinement
tm_tw,20261572,100,50,2,0.0,0.45,0.0,dense,1.0,1.0,deterministic,20.0,0.1,0.95,False,6433.796519890928,643379.6519890928,1035424.6680990026,62.13679003517577,392045.01610990975,0.41,0.73,0.3044753757257809,0.015668432038038443,1.0744700829999374,tm_tw_dense,context_noise_refinement
tm_tw_refined,20262400,100,50,2,0.0,0.45,0.0,dense,1.0,1.0,deterministic,20.0,0.1,0.95,False,6484.779294811415,648477.9294811415,1038842.886910388,62.42309955163413,390364.9574292465,0.39,0.66,0.3034637775462022,0.015726427598454544,1.0669210410000005,tm_tw_refined_dense,context_noise_refinement
tw,20261464,100,50,2,0.0,0.45,0.0,offline,1.0,1.0,deterministic,20.0,0.1,0.95,False,6201.381836939454,620138.1836939454,1140783.6737660875,54.36071693125422,520645.4900721421,0.42,0.62,0.23872048781613997,0.012338596536067592,1.026531499999919,tw_offline,context_noise_refinement
tm_tw,20261784,100,50,2,0.0,0.45,0.0,offline,1.0,1.0,deterministic,20.0,0.1,0.95,False,7361.336846857546,736133.6846857546,1083780.4832529293,67.92276628531592,347646.7985671747,0.43,0.69,0.23687561036560625,0.012294670746008356,1.0185406250000142,tm_tw_offline,context_noise_refinement
tm_tw_refined,20262612,100,50,2,0.0,0.45,0.0,offline,1.0,1.0,deterministic,20.0,0.1,0.95,False,6694.677402038998,669467.7402038998,1082524.810575763,61.8431775108997,413057.0703718632,0.35,0.71,0.23989439431219614,0.012406031612392378,1.0131314999999859,tm_tw_refined_offline,context_noise_refinement
tw,20262076,100,50,2,0.0,0.45,0.0,gated_offline,1.0,1.0,deterministic,20.0,0.1,0.95,False,6896.6066478073735,689660.6647807374,1199970.4859690403,57.473135618314764,510309.82118830294,0.41,0.64,0.239163856607395,0.012399810566196589,1.0100676669999302,tw_gated_offline,context_noise_refinement
tm_tw,20262396,100,50,2,0.0,0.45,0.0,gated_offline,1.0,1.0,deterministic,20.0,0.1,0.95,False,4983.95267659527,498395.26765952696,1061479.5281313045,46.95288551979268,563084.2604717775,0.41,0.58,0.23640583795984074,0.012305699501859255,1.019647207999924,tm_tw_gated_offline,context_noise_refinement
tm_tw_refined,20263224,100,50,2,0.0,0.45,0.0,gated_offline,1.0,1.0,deterministic,20.0,0.1,0.95,False,7301.293924830075,730129.3924830075,1076399.8580637167,67.83068457444817,346270.46558070916,0.46,0.76,0.23937000278474882,0.012438159886139258,1.024792375000061,tm_tw_refined_gated_offline,context_noise_refinement
tw,20262356,100,50,2,0.0,0.45,0.0,support_offline,1.0,1.0,deterministic,20.0,0.1,0.95,True,6804.917713067015,680491.7713067015,1200663.7088962058,56.67630047153596,520171.9375895043,0.44,0.67,0.08513555203084831,3.7181585147829694e-07,0.9817783329999656,tw_support_offline,context_noise_refinement
tm_tw,20262676,100,50,2,0.0,0.45,0.0,support_offline,1.0,1.0,deterministic,20.0,0.1,0.95,True,6533.589009848107,653358.9009848107,1156049.729440498,56.5165048134237,502690.82845568727,0.45,0.72,0.08240579210336269,3.761002172467868e-07,0.9934540829999605,tm_tw_support_offline,context_noise_refinement
tm_tw_refined,20263504,100,50,2,0.0,0.45,0.0,support_offline,1.0,1.0,deterministic,20.0,0.1,0.95,True,7796.677791563457,779667.7791563456,1136411.1528390339,68.60789576101433,356743.3736826882,0.42,0.77,0.08106565445608707,3.8097366202676306e-07,1.0187661249999564,tm_tw_refined_support_offline,context_noise_refinement
oracle,20261648,100,50,2,0.0,0.45,0.0,dense,1.0,1.0,deterministic,20.0,0.1,0.95,False,9900.09837575405,990009.837575405,990009.837575405,100.0,0.0,1.0,1.0,0.31142486488032917,0.016001200209057386,0.02116050000006453,oracle,context_noise_refinement
state_thompson,20262546,100,50,2,0.0,0.45,0.0,dense,1.0,1.0,deterministic,20.0,0.1,0.95,False,6457.509519658595,645750.9519658595,904523.6379401573,71.39127435479823,258772.6859742978,0.48,0.61,0.3038257992254313,0.015663707372400283,0.023543042000028436,state_thompson,context_noise_refinement
global_ucb_tw,20262382,100,50,2,0.0,0.45,0.0,dense,1.0,1.0,deterministic,20.0,0.1,0.95,False,5688.7293995263635,568872.9399526364,958865.4244319284,59.32771434423764,389992.48447929206,0.4,0.65,0.3041904453279679,0.015642991962082686,1.0820909999999913,global_ucb_tw_dense,context_noise_refinement
local_ucb_tw,20262280,100,50,2,0.0,0.45,0.0,dense,1.0,1.0,deterministic,20.0,0.1,0.95,False,7197.46096591143,719746.096591143,958260.453957672,75.10965245602584,238514.35736652894,0.51,0.76,0.3111733670653793,0.015949782421187827,1.080772292000006,local_ucb_tw_dense,context_noise_refinement
exp4,20261403,100,50,2,0.0,0.45,0.0,dense,1.0,1.0,deterministic,20.0,0.1,0.95,False,9073.682995721703,907368.2995721704,961412.6181487014,94.37865516258785,54044.31857653102,0.77,0.91,0.30828762413510824,0.01588405081807091,1.0888472919999685,exp4_dense,context_noise_refinement
tw,20261253,100,50,2,0.0,0.45,0.0,dense,1.0,1.0,deterministic,20.0,0.1,0.95,False,4790.080232620722,479008.0232620722,936120.0650194647,51.16950711361071,457112.0417573925,0.35,0.56,0.29969315387879286,0.015486995756412724,1.0571348340000668,tw_dense,context_noise_refinement
tm_tw,20261573,100,50,2,0.0,0.45,0.0,dense,1.0,1.0,deterministic,20.0,0.1,0.95,False,6029.965278495865,602996.5278495866,1004036.8501164217,60.05721082644197,401040.32226683514,0.4,0.64,0.30453712958415147,0.01571144709263001,1.072166917000004,tm_tw_dense,context_noise_refinement
tm_tw_refined,20262401,100,50,2,0.0,0.45,0.0,dense,1.0,1.0,deterministic,20.0,0.1,0.95,False,8445.0398130435,844503.9813043501,974039.1729454183,86.70123386830902,129535.1916410682,0.64,0.85,0.3063088568070879,0.015790285820619997,1.0842241660000127,tm_tw_refined_dense,context_noise_refinement
tw,20261465,100,50,2,0.0,0.45,0.0,offline,1.0,1.0,deterministic,20.0,0.1,0.95,False,5589.43070269573,558943.070269573,994137.3512431671,56.22392816954475,435194.28097359405,0.38,0.63,0.23829141831924258,0.012385635805995727,1.0136439999999993,tw_offline,context_noise_refinement
tm_tw,20261785,100,50,2,0.0,0.45,0.0,offline,1.0,1.0,deterministic,20.0,0.1,0.95,False,4998.403121041567,499840.3121041567,881050.0988875465,56.732337098114805,381209.78678338975,0.37,0.64,0.2381399759151322,0.012355195848493046,1.0286049999999705,tm_tw_offline,context_noise_refinement
tm_tw_refined,20262613,100,50,2,0.0,0.45,0.0,offline,1.0,1.0,deterministic,20.0,0.1,0.95,False,9508.368090791117,950836.8090791117,1002438.1010940013,94.85242111621903,51601.29201488965,0.72,0.85,0.2417434478949155,0.012507298062563265,1.0308082079999394,tm_tw_refined_offline,context_noise_refinement
tw,20262077,100,50,2,0.0,0.45,0.0,gated_offline,1.0,1.0,deterministic,20.0,0.1,0.95,False,6955.215311435813,695521.5311435814,939833.6900800787,74.00474557198726,244312.1589364973,0.52,0.69,0.24263886272744875,0.012519420823686239,1.0239150840000093,tw_gated_offline,context_noise_refinement
tm_tw,20262397,100,50,2,0.0,0.45,0.0,gated_offline,1.0,1.0,deterministic,20.0,0.1,0.95,False,6639.01428875366,663901.428875366,931712.3692721965,71.25604969632097,267810.94039683056,0.46,0.74,0.23920283834457326,0.012375828196570142,1.0432217080000328,tm_tw_gated_offline,context_noise_refinement
tm_tw_refined,20263225,100,50,2,0.0,0.45,0.0,gated_offline,1.0,1.0,deterministic,20.0,0.1,0.95,False,8642.328515349349,864232.851534935,940647.0090564115,91.87642582331394,76414.1575214765,0.65,0.81,0.2419442532720946,0.012512397506957597,1.0297161249999363,tm_tw_refined_gated_offline,context_noise_refinement
tw,20262357,100,50,2,0.0,0.45,0.0,support_offline,1.0,1.0,deterministic,20.0,0.1,0.95,True,5501.489845731153,550148.9845731152,913996.9523993692,60.19155568614289,363847.96782625397,0.38,0.71,0.08085704900286564,3.7426854456926447e-07,0.9862719160000779,tw_support_offline,context_noise_refinement
tm_tw,20262677,100,50,2,0.0,0.45,0.0,support_offline,1.0,1.0,deterministic,20.0,0.1,0.95,True,5727.221735266777,572722.1735266777,1037850.2333508522,55.183508672302345,465128.0598241745,0.38,0.64,0.07650774322461638,3.772506274731951e-07,0.9967106670000021,tm_tw_support_offline,context_noise_refinement
tm_tw_refined,20263505,100,50,2,0.0,0.45,0.0,support_offline,1.0,1.0,deterministic,20.0,0.1,0.95,True,9317.12263133689,931712.2631336891,984482.0366553382,94.6398439426149,52769.773521649186,0.69,0.9,0.0762980738028281,3.8770961091355694e-07,0.9969249579999087,tm_tw_refined_support_offline,context_noise_refinement
oracle,20261649,100,50,2,0.0,0.45,0.0,dense,1.0,1.0,deterministic,20.0,0.1,0.95,False,13095.988603953349,1309598.860395335,1309598.860395335,100.0,0.0,1.0,1.0,0.30273688167391966,0.015642787484505025,0.02049241700001403,oracle,context_noise_refinement
state_thompson,20262547,100,50,2,0.0,0.45,0.0,dense,1.0,1.0,deterministic,20.0,0.1,0.95,False,5143.465659239775,514346.5659239775,951353.2317640749,54.064731032682275,437006.66584009735,0.29,0.53,0.311849718192757,0.01606905180201205,0.02286779199994271,state_thompson,context_noise_refinement
global_ucb_tw,20262383,100,50,2,0.0,0.45,0.0,dense,1.0,1.0,deterministic,20.0,0.1,0.95,False,7014.4791998335495,701447.919983355,1205673.81326747,58.178913091126724,504225.8932841151,0.47,0.67,0.30985845485230445,0.015957575086080547,1.065131625000049,global_ucb_tw_dense,context_noise_refinement
local_ucb_tw,20262281,100,50,2,0.0,0.45,0.0,dense,1.0,1.0,deterministic,20.0,0.1,0.95,False,6480.917675698754,648091.7675698753,1078387.081552179,60.09825030888194,430295.3139823037,0.43,0.67,0.30234433589538756,0.015563470183550174,1.0577934169999708,local_ucb_tw_dense,context_noise_refinement
exp4,20261404,100,50,2,0.0,0.45,0.0,dense,1.0,1.0,deterministic,20.0,0.1,0.95,False,12467.367913638003,1246736.7913638004,1341790.5390830457,92.91590267254358,95053.74771924526,0.62,0.73,0.31003376275733313,0.015973973114736056,1.069637833999991,exp4_dense,context_noise_refinement
tw,20261254,100,50,2,0.0,0.45,0.0,dense,1.0,1.0,deterministic,20.0,0.1,0.95,False,4897.911572743962,489791.1572743962,1000062.4230743794,48.97605849129761,510271.26579998323,0.35,0.54,0.30071027635890946,0.015604131690008353,1.04802487500001,tw_dense,context_noise_refinement
tm_tw,20261574,100,50,2,0.0,0.45,0.0,dense,1.0,1.0,deterministic,20.0,0.1,0.95,False,3869.2451692277377,386924.5169227738,1140053.1393220974,33.939165077239146,753128.6223993236,0.21,0.54,0.30870983393622353,0.015911650079614727,1.0673671250000325,tm_tw_dense,context_noise_refinement
tm_tw_refined,20262402,100,50,2,0.0,0.45,0.0,dense,1.0,1.0,deterministic,20.0,0.1,0.95,False,10769.707745531356,1076970.7745531355,1191455.633479569,90.39117733724687,114484.8589264336,0.6,0.82,0.30699137734717463,0.015770822035608402,1.0653109159999303,tm_tw_refined_dense,context_noise_refinement
tw,20261466,100,50,2,0.0,0.45,0.0,offline,1.0,1.0,deterministic,20.0,0.1,0.95,False,6803.920502804926,680392.0502804926,950471.7804554793,71.58466608597672,270079.73017498665,0.41,0.56,0.24182535357352503,0.012476960606455447,1.0030138750000788,tw_offline,context_noise_refinement
tm_tw,20261786,100,50,2,0.0,0.45,0.0,offline,1.0,1.0,deterministic,20.0,0.1,0.95,False,8241.368930903467,824136.8930903467,1133130.9332669943,72.7309500513088,308994.0401766476,0.47,0.65,0.23750636439208814,0.012322053402291243,1.0130177500000173,tm_tw_offline,context_noise_refinement
tm_tw_refined,20262614,100,50,2,0.0,0.45,0.0,offline,1.0,1.0,deterministic,20.0,0.1,0.95,False,11580.728564724166,1158072.8564724165,1239172.4398056383,93.45534320098807,81099.58333322173,0.64,0.81,0.23961089005537517,0.01239398572731555,1.0166467499999499,tm_tw_refined_offline,context_noise_refinement
tw,20262078,100,50,2,0.0,0.45,0.0,gated_offline,1.0,1.0,deterministic,20.0,0.1,0.95,False,4694.759237353448,469475.9237353448,875373.905128777,53.631473474900965,405897.98139343224,0.47,0.59,0.23768428903648753,0.012334260924183044,1.0111078749999933,tw_gated_offline,context_noise_refinement
tm_tw,20262398,100,50,2,0.0,0.45,0.0,gated_offline,1.0,1.0,deterministic,20.0,0.1,0.95,False,7876.5830373411545,787658.3037341154,1102167.930006992,71.46445494282516,314509.62627287663,0.43,0.71,0.24083108770790754,0.012481416460360889,1.0506699169999365,tm_tw_gated_offline,context_noise_refinement
tm_tw_refined,20263226,100,50,2,0.0,0.45,0.0,gated_offline,1.0,1.0,deterministic,20.0,0.1,0.95,False,10182.680320340076,1018268.0320340076,1270053.2290422716,80.17522484485697,251785.19700826402,0.61,0.83,0.23944394873124558,0.012365627336600812,1.1410901250000052,tm_tw_refined_gated_offline,context_noise_refinement
tw,20262358,100,50,2,0.0,0.45,0.0,support_offline,1.0,1.0,deterministic,20.0,0.1,0.95,True,8484.828498876579,848482.8498876579,1100691.1462503246,77.08637003015302,252208.29636266665,0.45,0.6,0.08000454614280736,3.8665211367215953e-07,1.0299639160000424,tw_support_offline,context_noise_refinement
tm_tw,20262678,100,50,2,0.0,0.45,0.0,support_offline,1.0,1.0,deterministic,20.0,0.1,0.95,True,2285.2880634178946,228528.80634178946,896183.776264852,25.500216852201934,667654.9699230626,0.19,0.42,0.08443924723880511,3.7606798734420386e-07,1.0506069169999819,tm_tw_support_offline,context_noise_refinement
tm_tw_refined,20263506,100,50,2,0.0,0.45,0.0,support_offline,1.0,1.0,deterministic,20.0,0.1,0.95,True,9371.00897772851,937100.897772851,1142462.8877368611,82.02462485492042,205361.98996401008,0.58,0.81,0.08193710698128812,3.7782622802517876e-07,1.121006374999979,tm_tw_refined_support_offline,context_noise_refinement
oracle,20261640,100,50,2,0.0,0.45,0.1,dense,1.0,1.0,deterministic,20.0,0.1,0.95,False,8382.176505450914,838217.6505450915,908830.4672092564,92.23036427453896,70612.81666416489,0.92,0.99,0.3183131179367078,0.01646777376602677,0.02510616699998991,oracle,context_noise_refinement
state_thompson,20262538,100,50,2,0.0,0.45,0.1,dense,1.0,1.0,deterministic,20.0,0.1,0.95,False,3768.6974891884033,376869.7489188403,905147.0635179776,41.63630023325542,528277.3145991373,0.26,0.48,0.3183988838741506,0.016501455559338116,0.030092249999938758,state_thompson,context_noise_refinement
global_ucb_tw,20262374,100,50,2,0.0,0.45,0.1,dense,1.0,1.0,deterministic,20.0,0.1,0.95,False,3749.303360188983,374930.3360188983,806268.6664347886,46.501910793183825,431338.3304158903,0.31,0.56,0.32128445901066266,0.01665589613900187,1.0818770829999949,global_ucb_tw_dense,context_noise_refinement
local_ucb_tw,20262272,100,50,2,0.0,0.45,0.1,dense,1.0,1.0,deterministic,20.0,0.1,0.95,False,6070.692566485772,607069.2566485772,885284.101567063,68.57338289188624,278214.84491848585,0.42,0.64,0.3201844038794796,0.016653840698462888,1.0937419580000096,local_ucb_tw_dense,context_noise_refinement
exp4,20261395,100,50,2,0.0,0.45,0.1,dense,1.0,1.0,deterministic,20.0,0.1,0.95,False,5677.8533120300035,567785.3312030004,860323.7382068121,65.99670635456897,292538.4070038117,0.42,0.71,0.31938626497575945,0.016607629887360476,1.0938250840000592,exp4_dense,context_noise_refinement
tw,20261245,100,50,2,0.0,0.45,0.1,dense,1.0,1.0,deterministic,20.0,0.1,0.95,False,3949.36996244092,394936.996244092,839438.900019145,47.04773584296424,444501.903775053,0.31,0.59,0.3198102725693075,0.016559369638770888,1.0940299579999646,tw_dense,context_noise_refinement
tm_tw,20261565,100,50,2,0.0,0.45,0.1,dense,1.0,1.0,deterministic,20.0,0.1,0.95,False,5793.273294158599,579327.3294158599,802832.7686875211,72.16039902842405,223505.43927166122,0.48,0.72,0.32162742527848714,0.01672373072330977,1.0693297499999517,tm_tw_dense,context_noise_refinement
tm_tw_refined,20262393,100,50,2,0.0,0.45,0.1,dense,1.0,1.0,deterministic,20.0,0.1,0.95,False,6264.937022696396,626493.7022696396,865146.2085517236,72.41477753435522,238652.50628208404,0.43,0.82,0.3215252881125949,0.016684251785072674,1.0661468749999585,tm_tw_refined_dense,context_noise_refinement
tw,20261457,100,50,2,0.0,0.45,0.1,offline,1.0,1.0,deterministic,20.0,0.1,0.95,False,2722.4063394444897,272240.63394444896,800881.8236828787,33.99260988250955,528641.1897384298,0.24,0.45,0.24904160021908095,0.013016915954201786,1.0147251250000409,tw_offline,context_noise_refinement
tm_tw,20261777,100,50,2,0.0,0.45,0.1,offline,1.0,1.0,deterministic,20.0,0.1,0.95,False,4717.509142630908,471750.9142630908,849449.1406704201,55.53609882879693,377698.2264073293,0.4,0.72,0.24968948451961273,0.012964041855849895,1.0620657089999668,tm_tw_offline,context_noise_refinement
tm_tw_refined,20262605,100,50,2,0.0,0.45,0.1,offline,1.0,1.0,deterministic,20.0,0.1,0.95,False,6536.729736375247,653672.9736375246,851890.9221215335,76.7320036712716,198217.9484840089,0.49,0.71,0.2508345172082517,0.01303748415538249,1.018763124999964,tm_tw_refined_offline,context_noise_refinement
tw,20262069,100,50,2,0.0,0.45,0.1,gated_offline,1.0,1.0,deterministic,20.0,0.1,0.95,False,4997.31372835967,499731.372835967,833280.1481315512,59.97159226179881,333548.77529558423,0.39,0.7,0.25075457052998223,0.013037604196944332,1.0169069999999465,tw_gated_offline,context_noise_refinement
tm_tw,20262389,100,50,2,0.0,0.45,0.1,gated_offline,1.0,1.0,deterministic,20.0,0.1,0.95,False,5744.122808632789,574412.2808632789,907916.6389799053,63.26707279080852,333504.3581166264,0.38,0.69,0.25248817943398694,0.013163079652404002,1.0419856249999384,tm_tw_gated_offline,context_noise_refinement
tm_tw_refined,20263217,100,50,2,0.0,0.45,0.1,gated_offline,1.0,1.0,deterministic,20.0,0.1,0.95,False,6552.342035764694,655234.2035764693,891525.075094086,73.49588047283135,236290.87151761667,0.52,0.78,0.25205989904432585,0.013122638391917489,1.031260125000017,tm_tw_refined_gated_offline,context_noise_refinement
tw,20262349,100,50,2,0.0,0.45,0.1,support_offline,1.0,1.0,deterministic,20.0,0.1,0.95,True,4834.430070273961,483443.0070273961,894771.8522386751,54.02975136263456,411328.845211279,0.28,0.66,0.07908489967902683,0.00086027365618303,0.9856467920000114,tw_support_offline,context_noise_refinement
tm_tw,20262669,100,50,2,0.0,0.45,0.1,support_offline,1.0,1.0,deterministic,20.0,0.1,0.95,True,5690.999284339041,569099.9284339041,861767.9872642475,66.03864808677311,292668.0588303434,0.48,0.72,0.08383035059222685,0.0009586416560017087,1.0047414999999091,tm_tw_support_offline,context_noise_refinement
tm_tw_refined,20263497,100,50,2,0.0,0.45,0.1,support_offline,1.0,1.0,deterministic,20.0,0.1,0.95,True,6166.661228604972,616666.1228604972,783214.2226633058,78.7353070228392,166548.0998028086,0.46,0.73,0.07952808816485546,0.0009824851549676175,0.9998614999999518,tm_tw_refined_support_offline,context_noise_refinement
oracle,20261641,100,50,2,0.0,0.45,0.1,dense,1.0,1.0,deterministic,20.0,0.1,0.95,False,8657.468551419162,865746.8551419162,903192.7897685689,95.85404854303057,37445.93462665274,0.93,0.98,0.31471069128319473,0.016365225457206097,0.023838166000018646,oracle,context_noise_refinement
state_thompson,20262539,100,50,2,0.0,0.45,0.1,dense,1.0,1.0,deterministic,20.0,0.1,0.95,False,4079.28652304588,407928.652304588,879392.2934661723,46.38756279028955,471463.6411615843,0.29,0.49,0.3163235331529802,0.016425273082818867,0.02668441699995583,state_thompson,context_noise_refinement
global_ucb_tw,20262375,100,50,2,0.0,0.45,0.1,dense,1.0,1.0,deterministic,20.0,0.1,0.95,False,4864.960652000158,486496.06520001584,933705.144503356,52.103821861106525,447209.0793033401,0.36,0.55,0.31754426918461093,0.016475426733527202,1.0666256250000288,global_ucb_tw_dense,context_noise_refinement
local_ucb_tw,20262273,100,50,2,0.0,0.45,0.1,dense,1.0,1.0,deterministic,20.0,0.1,0.95,False,6610.621088782293,661062.1088782293,947560.9174170807,69.76460264741529,286498.80853885144,0.38,0.68,0.317065612570355,0.016411169924114573,1.064102958000035,local_ucb_tw_dense,context_noise_refinement
exp4,20261396,100,50,2,0.0,0.45,0.1,dense,1.0,1.0,deterministic,20.0,0.1,0.95,False,7634.835578137821,763483.5578137821,933922.4877601812,81.75020602029174,170438.92994639906,0.6,0.78,0.3218758835321244,0.01675717945308249,1.071099874999959,exp4_dense,context_noise_refinement
tw,20261246,100,50,2,0.0,0.45,0.1,dense,1.0,1.0,deterministic,20.0,0.1,0.95,False,4686.638837735629,468663.8837735629,893572.6017041332,52.448327408402356,424908.7179305703,0.32,0.66,0.319465698671689,0.016610659669384152,1.0561591670000325,tw_dense,context_noise_refinement
tm_tw,20261566,100,50,2,0.0,0.45,0.1,dense,1.0,1.0,deterministic,20.0,0.1,0.95,False,5189.654385952237,518965.4385952237,926125.3571027877,56.036197974182606,407159.918507564,0.34,0.65,0.3171480304957077,0.01638041212278216,1.0708139999999275,tm_tw_dense,context_noise_refinement
tm_tw_refined,20262394,100,50,2,0.0,0.45,0.1,dense,1.0,1.0,deterministic,20.0,0.1,0.95,False,6741.778242271455,674177.8242271455,827937.3324361418,81.42860550126773,153759.50820899627,0.52,0.81,0.3192974451980376,0.016518147583607493,1.0685731670000678,tm_tw_refined_dense,context_noise_refinement
tw,20261458,100,50,2,0.0,0.45,0.1,offline,1.0,1.0,deterministic,20.0,0.1,0.95,False,6048.041889536428,604804.1889536428,916612.2320270725,65.98255705317489,311808.0430734296,0.43,0.64,0.25056487942960004,0.012998608246217168,1.0062281659999144,tw_offline,context_noise_refinement
tm_tw,20261778,100,50,2,0.0,0.45,0.1,offline,1.0,1.0,deterministic,20.0,0.1,0.95,False,6922.917805296518,692291.7805296518,896387.0979674067,77.2313414706047,204095.31743775494,0.46,0.78,0.24828359394953678,0.012902979205714416,1.0193090830000529,tm_tw_offline,context_noise_refinement
tm_tw_refined,20262606,100,50,2,0.0,0.45,0.1,offline,1.0,1.0,deterministic,20.0,0.1,0.95,False,8104.0519414467235,810405.1941446724,928028.4729982542,87.32546659117395,117623.27885358187,0.69,0.91,0.2493410261088599,0.012936508821868744,1.0232682089999798,tm_tw_refined_offline,context_noise_refinement
tw,20262070,100,50,2,0.0,0.45,0.1,gated_offline,1.0,1.0,deterministic,20.0,0.1,0.95,False,3921.394092152777,392139.4092152777,924357.1859433367,42.422930786770124,532217.7767280589,0.33,0.61,0.24875985170894088,0.012954150822049156,1.0146625000000995,tw_gated_offline,context_noise_refinement
tm_tw,20262390,100,50,2,0.0,0.45,0.1,gated_offline,1.0,1.0,deterministic,20.0,0.1,0.95,False,6322.733154084341,632273.315408434,927474.2785515095,68.17152022758971,295200.96314307547,0.41,0.68,0.2501997408645705,0.013032482718759288,1.0267847499999334,tm_tw_gated_offline,context_noise_refinement
tm_tw_refined,20263218,100,50,2,0.0,0.45,0.1,gated_offline,1.0,1.0,deterministic,20.0,0.1,0.95,False,7969.334128980263,796933.4128980263,956936.494631649,83.2796551671684,160003.0817336227,0.65,0.82,0.2507226147162371,0.013060547520488583,1.0292672090000679,tm_tw_refined_gated_offline,context_noise_refinement
tw,20262350,100,50,2,0.0,0.45,0.1,support_offline,1.0,1.0,deterministic,20.0,0.1,0.95,True,8598.705795483686,859870.5795483686,1035035.2453447576,83.07645400635185,175164.665796389,0.57,0.75,0.08140542588017625,0.0009335227792436558,0.9908866670000407,tw_support_offline,context_noise_refinement
tm_tw,20262670,100,50,2,0.0,0.45,0.1,support_offline,1.0,1.0,deterministic,20.0,0.1,0.95,True,6579.26112235014,657926.112235014,949664.4731763548,69.2798489170012,291738.3609413408,0.54,0.76,0.08562136641648573,0.0008950870141668383,1.004459208999947,tm_tw_support_offline,context_noise_refinement
tm_tw_refined,20263498,100,50,2,0.0,0.45,0.1,support_offline,1.0,1.0,deterministic,20.0,0.1,0.95,True,6979.105197714848,697910.5197714848,831665.2822652708,83.91723625525549,133754.76249378605,0.49,0.74,0.08465013090745446,0.0009236936700515027,1.0027799580000192,tm_tw_refined_support_offline,context_noise_refinement
oracle,20261642,100,50,2,0.0,0.45,0.1,dense,1.0,1.0,deterministic,20.0,0.1,0.95,False,12370.77907236003,1237077.907236003,1330392.3245638541,92.98594740777368,93314.41732785106,0.89,0.98,0.31914965019030844,0.01663616161195619,0.024227250000080858,oracle,context_noise_refinement
state_thompson,20262540,100,50,2,0.0,0.45,0.1,dense,1.0,1.0,deterministic,20.0,0.1,0.95,False,4352.085806118447,435208.5806118447,1294903.3247465342,33.609349230532935,859694.7441346894,0.34,0.6,0.3201790448234687,0.016569026800977976,0.026264416999993045,state_thompson,context_noise_refinement
global_ucb_tw,20262376,100,50,2,0.0,0.45,0.1,dense,1.0,1.0,deterministic,20.0,0.1,0.95,False,7786.152572310944,778615.2572310944,1317815.5931819356,59.083779343594394,539200.3359508412,0.34,0.58,0.3177347659719328,0.016490300690679565,1.0621933749999926,global_ucb_tw_dense,context_noise_refinement
local_ucb_tw,20262274,100,50,2,0.0,0.45,0.1,dense,1.0,1.0,deterministic,20.0,0.1,0.95,False,4820.12331572128,482012.331572128,1165978.0629759089,41.339742734258216,683965.7314037809,0.27,0.54,0.32182917718033727,0.016702663738656167,1.079145416000074,local_ucb_tw_dense,context_noise_refinement
exp4,20261397,100,50,2,0.0,0.45,0.1,dense,1.0,1.0,deterministic,20.0,0.1,0.95,False,8529.896949619962,852989.6949619963,1285842.1312828362,66.33704668791654,432852.4363208399,0.44,0.69,0.32030037517702215,0.016605480453982944,1.1257385420000219,exp4_dense,context_noise_refinement
tw,20261247,100,50,2,0.0,0.45,0.1,dense,1.0,1.0,deterministic,20.0,0.1,0.95,False,5061.467184870854,506146.71848708537,1231425.2760148253,41.102511727312624,725278.55752774,0.22,0.44,0.31664200984986185,0.01640662132600672,1.0974760829999468,tw_dense,context_noise_refinement
tm_tw,20261567,100,50,2,0.0,0.45,0.1,dense,1.0,1.0,deterministic,20.0,0.1,0.95,False,3537.741709503262,353774.1709503262,1186058.6332478232,29.827713490148017,832284.4622974971,0.17,0.46,0.3211799995756309,0.016610555198691448,1.0852060000000847,tm_tw_dense,context_noise_refinement
tm_tw_refined,20262395,100,50,2,0.0,0.45,0.1,dense,1.0,1.0,deterministic,20.0,0.1,0.95,False,9585.39110672033,958539.110672033,1190677.7534231022,80.50365499114353,232138.64275106916,0.52,0.73,0.3185656797046055,0.016517128560066895,1.087627166999937,tm_tw_refined_dense,context_noise_refinement
tw,20261459,100,50,2,0.0,0.45,0.1,offline,1.0,1.0,deterministic,20.0,0.1,0.95,False,6570.306600114809,657030.6600114809,1020930.2376131723,64.35607799682275,363899.57760169136,0.47,0.69,0.2501239232500376,0.0130331106901471,1.026313416999983,tw_offline,context_noise_refinement
tm_tw,20261779,100,50,2,0.0,0.45,0.1,offline,1.0,1.0,deterministic,20.0,0.1,0.95,False,6915.009272690483,691500.9272690483,1110062.7052796963,62.293861777368214,418561.778010648,0.41,0.7,0.24894598342305427,0.012937683762482749,1.0368045829999346,tm_tw_offline,context_noise_refinement
tm_tw_refined,20262607,100,50,2,0.0,0.45,0.1,offline,1.0,1.0,deterministic,20.0,0.1,0.95,False,8334.814285098128,833481.4285098128,1197355.3430947477,69.61019828546075,363873.91458493494,0.4,0.7,0.24897009037325565,0.012981633006250978,1.0423644170000443,tm_tw_refined_offline,context_noise_refinement
tw,20262071,100,50,2,0.0,0.45,0.1,gated_offline,1.0,1.0,deterministic,20.0,0.1,0.95,False,7634.091877192642,763409.1877192642,1290855.6973708537,59.13977753471092,527446.5096515896,0.32,0.62,0.2483232878180883,0.012900104639624738,1.0357010410000385,tw_gated_offline,context_noise_refinement
tm_tw,20262391,100,50,2,0.0,0.45,0.1,gated_offline,1.0,1.0,deterministic,20.0,0.1,0.95,False,4983.038086162446,498303.8086162446,1105861.383974379,45.06024135008493,607557.5753581343,0.17,0.53,0.2506187250163579,0.01307275036500252,1.0304835839999669,tm_tw_gated_offline,context_noise_refinement
tm_tw_refined,20263219,100,50,2,0.0,0.45,0.1,gated_offline,1.0,1.0,deterministic,20.0,0.1,0.95,False,7906.234924285411,790623.4924285411,1242195.1302805855,63.64728641706686,451571.6378520444,0.5,0.67,0.250349534762882,0.013052516780093077,1.0309443329999795,tm_tw_refined_gated_offline,context_noise_refinement
tw,20262351,100,50,2,0.0,0.45,0.1,support_offline,1.0,1.0,deterministic,20.0,0.1,0.95,True,3911.3842990668886,391138.42990668886,1151654.9874084198,33.96316033735688,760516.557501731,0.2,0.56,0.08084633325961418,0.0008506269533084887,0.9899177500000178,tw_support_offline,context_noise_refinement
tm_tw,20262671,100,50,2,0.0,0.45,0.1,support_offline,1.0,1.0,deterministic,20.0,0.1,0.95,True,2929.723264095565,292972.3264095565,1018176.2852433925,28.774224135413075,725203.958833836,0.14,0.39,0.0799356456298018,0.0008307472185038163,1.0011414580000064,tm_tw_support_offline,context_noise_refinement
tm_tw_refined,20263499,100,50,2,0.0,0.45,0.1,support_offline,1.0,1.0,deterministic,20.0,0.1,0.95,True,8999.12344007003,899912.3440070031,1321987.673164237,68.07267286033178,422075.32915723394,0.37,0.68,0.078820200011543,0.000879661430113131,1.0234070420000307,tm_tw_refined_support_offline,context_noise_refinement
oracle,20261643,100,50,2,0.0,0.45,0.1,dense,1.0,1.0,deterministic,20.0,0.1,0.95,False,8663.492522364553,866349.2522364553,917891.9108696535,94.38467013132689,51542.65863319812,0.9,0.97,0.3205622085224397,0.016616101127993367,0.023530999999934465,oracle,context_noise_refinement
state_thompson,20262541,100,50,2,0.0,0.45,0.1,dense,1.0,1.0,deterministic,20.0,0.1,0.95,False,4951.97852905797,495197.852905797,802222.4362174291,61.72824774643698,307024.5833116321,0.35,0.62,0.3217285364811234,0.01673264699238179,0.027571999999963737,state_thompson,context_noise_refinement
global_ucb_tw,20262377,100,50,2,0.0,0.45,0.1,dense,1.0,1.0,deterministic,20.0,0.1,0.95,False,5516.442307875321,551644.230787532,851532.9208787517,64.78249017292893,299888.6900912196,0.45,0.69,0.317455869608847,0.01646592561768315,1.0808381250000139,global_ucb_tw_dense,context_noise_refinement
local_ucb_tw,20262275,100,50,2,0.0,0.45,0.1,dense,1.0,1.0,deterministic,20.0,0.1,0.95,False,5792.631527445783,579263.1527445783,850163.5344440658,68.13549738090883,270900.38169948745,0.47,0.7,0.3209403212992931,0.016626153238234912,1.0941537919999291,local_ucb_tw_dense,context_noise_refinement
exp4,20261398,100,50,2,0.0,0.45,0.1,dense,1.0,1.0,deterministic,20.0,0.1,0.95,False,4773.282423439027,477328.2423439027,885192.4569205758,53.9236680805484,407864.2145766731,0.41,0.61,0.3147120671910795,0.016368810356602405,1.0840674999999464,exp4_dense,context_noise_refinement
tw,20261248,100,50,2,0.0,0.45,0.1,dense,1.0,1.0,deterministic,20.0,0.1,0.95,False,4813.697590670458,481369.7590670459,882631.8285791104,54.53800140450075,401262.06951206457,0.4,0.68,0.32003312370648346,0.016596988279630947,1.0758507499999723,tw_dense,context_noise_refinement
tm_tw,20261568,100,50,2,0.0,0.45,0.1,dense,1.0,1.0,deterministic,20.0,0.1,0.95,False,5802.937625607171,580293.7625607171,835037.4289824024,69.49314395019127,254743.66642168537,0.44,0.63,0.321509782221622,0.016655402298009075,1.0918121670000573,tm_tw_dense,context_noise_refinement
tm_tw_refined,20262396,100,50,2,0.0,0.45,0.1,dense,1.0,1.0,deterministic,20.0,0.1,0.95,False,7830.562131551908,783056.2131551908,864244.244825239,90.6058927026508,81188.03167004813,0.62,0.83,0.32320984913722606,0.01679418184659187,1.0763421660000176,tm_tw_refined_dense,context_noise_refinement
tw,20261460,100,50,2,0.0,0.45,0.1,offline,1.0,1.0,deterministic,20.0,0.1,0.95,False,3430.5674098224276,343056.74098224274,920029.2997628497,37.287588674694426,576972.558780607,0.29,0.58,0.24619036731246058,0.012825905339895022,1.0260874589999958,tw_offline,context_noise_refinement
tm_tw,20261780,100,50,2,0.0,0.45,0.1,offline,1.0,1.0,deterministic,20.0,0.1,0.95,False,6942.905947946404,694290.5947946404,938345.9811376577,73.99089554930232,244055.38634301722,0.54,0.72,0.2500179057877906,0.01299277393564596,1.0203874160000623,tm_tw_offline,context_noise_refinement
tm_tw_refined,20262608,100,50,2,0.0,0.45,0.1,offline,1.0,1.0,deterministic,20.0,0.1,0.95,False,8174.381309142354,817438.1309142355,905607.7091249065,90.2640428827765,88169.57821067097,0.73,0.9,0.2508456368571012,0.013040321586432929,1.0266702909999594,tm_tw_refined_offline,context_noise_refinement
tw,20262072,100,50,2,0.0,0.45,0.1,gated_offline,1.0,1.0,deterministic,20.0,0.1,0.95,False,4933.9978774034025,493399.7877403403,799008.4607119701,61.75150977759209,305608.6729716298,0.4,0.62,0.25120470261971123,0.013036016945471794,1.0154515000000401,tw_gated_offline,context_noise_refinement
tm_tw,20262392,100,50,2,0.0,0.45,0.1,gated_offline,1.0,1.0,deterministic,20.0,0.1,0.95,False,7194.430618783151,719443.061878315,882338.4806087653,81.53821664696508,162895.4187304502,0.49,0.78,0.24774974521075913,0.012879695135192923,1.0281268330001012,tm_tw_gated_offline,context_noise_refinement
tm_tw_refined,20263220,100,50,2,0.0,0.45,0.1,gated_offline,1.0,1.0,deterministic,20.0,0.1,0.95,False,8055.039879443763,805503.9879443763,891947.2209273053,90.30848115732016,86443.23298292898,0.61,0.86,0.248454436345694,0.012946593799801542,1.0304192079998984,tm_tw_refined_gated_offline,context_noise_refinement
tw,20262352,100,50,2,0.0,0.45,0.1,support_offline,1.0,1.0,deterministic,20.0,0.1,0.95,True,6574.280250763098,657428.0250763098,870704.9870936809,75.50525549081021,213276.9620173711,0.5,0.71,0.0806442230983923,0.000863779335595275,1.0017963749999126,tw_support_offline,context_noise_refinement
tm_tw,20262672,100,50,2,0.0,0.45,0.1,support_offline,1.0,1.0,deterministic,20.0,0.1,0.95,True,5734.358522302998,573435.8522302997,902881.5841536436,63.51174531573101,329445.73192334385,0.44,0.7,0.08072241852837023,0.0010206310814773862,1.0219967079999606,tm_tw_support_offline,context_noise_refinement
tm_tw_refined,20263500,100,50,2,0.0,0.45,0.1,support_offline,1.0,1.0,deterministic,20.0,0.1,0.95,True,7252.005925521771,725200.5925521771,843514.1983301612,85.97372681903872,118313.60577798402,0.61,0.82,0.07853843396103408,0.0008622057897477955,1.0212363340000365,tm_tw_refined_support_offline,context_noise_refinement
oracle,20261644,100,50,2,0.0,0.45,0.1,dense,1.0,1.0,deterministic,20.0,0.1,0.95,False,8999.200336320839,899920.0336320838,943486.7062631215,95.38237557118397,43566.672631037654,0.88,0.95,0.31655742929964825,0.016471552489232984,0.024925042000063513,oracle,context_noise_refinement
state_thompson,20262542,100,50,2,0.0,0.45,0.1,dense,1.0,1.0,deterministic,20.0,0.1,0.95,False,4050.6684214170446,405066.84214170446,873641.8854229198,46.36531843314911,468575.0432812153,0.31,0.5,0.3219694585963843,0.016713474883123386,0.02779887500003042,state_thompson,context_noise_refinement
global_ucb_tw,20262378,100,50,2,0.0,0.45,0.1,dense,1.0,1.0,deterministic,20.0,0.1,0.95,False,4152.444515089023,415244.45150890236,769972.1889813523,53.92979869289267,354727.7374724499,0.4,0.62,0.3182655408702327,0.016452769149043624,1.079878084000029,global_ucb_tw_dense,context_noise_refinement
local_ucb_tw,20262276,100,50,2,0.0,0.45,0.1,dense,1.0,1.0,deterministic,20.0,0.1,0.95,False,7272.261351748319,727226.1351748318,929150.4434160506,78.26785644111219,201924.3082412188,0.46,0.67,0.3200649867652609,0.016575104682029548,1.085842916000047,local_ucb_tw_dense,context_noise_refinement
exp4,20261399,100,50,2,0.0,0.45,0.1,dense,1.0,1.0,deterministic,20.0,0.1,0.95,False,6025.869843998987,602586.9843998987,836882.6119993528,72.00376441808122,234295.62759945414,0.39,0.67,0.3212382711805513,0.01663478447229237,1.0929685840000047,exp4_dense,context_noise_refinement
tw,20261249,100,50,2,0.0,0.45,0.1,dense,1.0,1.0,deterministic,20.0,0.1,0.95,False,3730.942159304819,373094.2159304819,791189.2151013074,47.15613014046321,418094.99917082547,0.26,0.49,0.3155741282898022,0.01639564421804694,1.0604802909999762,tw_dense,context_noise_refinement
tm_tw,20261569,100,50,2,0.0,0.45,0.1,dense,1.0,1.0,deterministic,20.0,0.1,0.95,False,5183.321788749662,518332.1788749662,834115.8784566005,62.14150722487839,315783.69958163425,0.39,0.63,0.32011811519170363,0.016594661459371062,1.2019747919999872,tm_tw_dense,context_noise_refinement
tm_tw_refined,20262397,100,50,2,0.0,0.45,0.1,dense,1.0,1.0,deterministic,20.0,0.1,0.95,False,4419.003765203552,441900.3765203552,781397.0985354922,56.552600124645004,339496.722015137,0.34,0.62,0.3242228760048499,0.016750750166085904,1.1155972500000644,tm_tw_refined_dense,context_noise_refinement
tw,20261461,100,50,2,0.0,0.45,0.1,offline,1.0,1.0,deterministic,20.0,0.1,0.95,False,4281.522048486821,428152.20484868216,894667.8938355044,47.85599302252408,466515.68898682226,0.3,0.55,0.24906459984029045,0.013018190008148963,1.0410918750000064,tw_offline,context_noise_refinement
tm_tw,20261781,100,50,2,0.0,0.45,0.1,offline,1.0,1.0,deterministic,20.0,0.1,0.95,False,6533.744265708159,653374.426570816,907194.2834891267,72.02144440966896,253819.85691831075,0.49,0.74,0.24855779097039674,0.012954581959353582,1.0468452500000467,tm_tw_offline,context_noise_refinement
tm_tw_refined,20262609,100,50,2,0.0,0.45,0.1,offline,1.0,1.0,deterministic,20.0,0.1,0.95,False,4481.013144041729,448101.31440417294,752464.3354412162,59.55116984267747,304363.0210370433,0.44,0.73,0.25062645743777723,0.01307121772191652,1.0498237919999838,tm_tw_refined_offline,context_noise_refinement
tw,20262073,100,50,2,0.0,0.45,0.1,gated_offline,1.0,1.0,deterministic,20.0,0.1,0.95,False,5941.86052074152,594186.052074152,846955.9253928858,70.1554867567071,252769.87331873376,0.4,0.74,0.24955892859624013,0.01298413196219342,1.0235576249999667,tw_gated_offline,context_noise_refinement
tm_tw,20262393,100,50,2,0.0,0.45,0.1,gated_offline,1.0,1.0,deterministic,20.0,0.1,0.95,False,5191.273817516508,519127.38175165077,797788.3865214535,65.07081207526338,278661.00476980273,0.41,0.71,0.24970789890382328,0.012994623454377189,1.0263614579999967,tm_tw_gated_offline,context_noise_refinement
tm_tw_refined,20263221,100,50,2,0.0,0.45,0.1,gated_offline,1.0,1.0,deterministic,20.0,0.1,0.95,False,6243.394577551969,624339.4577551968,888978.829214987,70.2310828151577,264639.37145979016,0.46,0.84,0.2512162914581121,0.013081085819860812,1.0394229159999213,tm_tw_refined_gated_offline,context_noise_refinement
tw,20262353,100,50,2,0.0,0.45,0.1,support_offline,1.0,1.0,deterministic,20.0,0.1,0.95,True,3001.8006672367633,300180.06672367634,785802.9751790344,38.20042379647194,485622.90845535806,0.24,0.56,0.0819978677368596,0.0007675920564501975,1.0176294999999982,tw_support_offline,context_noise_refinement
tm_tw,20262673,100,50,2,0.0,0.45,0.1,support_offline,1.0,1.0,deterministic,20.0,0.1,0.95,True,3616.162175849454,361616.2175849454,750991.8816677479,48.15181447526364,389375.6640828025,0.29,0.62,0.07719568636416094,0.0008636013765508048,1.050962874999982,tm_tw_support_offline,context_noise_refinement
tm_tw_refined,20263501,100,50,2,0.0,0.45,0.1,support_offline,1.0,1.0,deterministic,20.0,0.1,0.95,True,4753.163133529973,475316.3133529973,698018.9519971444,68.09504412352142,222702.63864414708,0.45,0.71,0.07967576800075779,0.0009351858239427937,1.0296116250000296,tm_tw_refined_support_offline,context_noise_refinement
oracle,20261645,100,50,2,0.0,0.45,0.1,dense,1.0,1.0,deterministic,20.0,0.1,0.95,False,9630.175621649862,963017.5621649862,1032326.3492818763,93.28615537469291,69308.78711689019,0.93,0.99,0.31383163518648777,0.01622178462338429,0.02447845899996537,oracle,context_noise_refinement
state_thompson,20262543,100,50,2,0.0,0.45,0.1,dense,1.0,1.0,deterministic,20.0,0.1,0.95,False,6004.067268787585,600406.7268787585,970711.5627068708,61.8522277827307,370304.8358281123,0.41,0.61,0.3193972503537088,0.016645676383093895,0.02679954200004886,state_thompson,context_noise_refinement
global_ucb_tw,20262379,100,50,2,0.0,0.45,0.1,dense,1.0,1.0,deterministic,20.0,0.1,0.95,False,4396.482926392704,439648.2926392704,860588.0384962545,51.086962980276645,420939.74585698405,0.29,0.57,0.3203383184862937,0.016628750140852862,1.0876099579999163,global_ucb_tw_dense,context_noise_refinement
local_ucb_tw,20262277,100,50,2,0.0,0.45,0.1,dense,1.0,1.0,deterministic,20.0,0.1,0.95,False,5867.624365994466,586762.4365994466,1052846.2523983563,55.731065695757295,466083.81579890975,0.4,0.6,0.31708725776401336,0.016486564406630776,1.092934375000027,local_ucb_tw_dense,context_noise_refinement
exp4,20261400,100,50,2,0.0,0.45,0.1,dense,1.0,1.0,deterministic,20.0,0.1,0.95,False,7700.688889654543,770068.8889654543,961352.8058952113,80.10263081807584,191283.916929757,0.56,0.75,0.3210169700789863,0.016640165944361972,1.0982645830000592,exp4_dense,context_noise_refinement
tw,20261250,100,50,2,0.0,0.45,0.1,dense,1.0,1.0,deterministic,20.0,0.1,0.95,False,5913.793477548369,591379.3477548369,1013348.6334941315,58.35892290254534,421969.2857392946,0.35,0.57,0.3150433748991813,0.016338695804780513,1.0744697090000273,tw_dense,context_noise_refinement
tm_tw,20261570,100,50,2,0.0,0.45,0.1,dense,1.0,1.0,deterministic,20.0,0.1,0.95,False,7184.730091694446,718473.0091694446,1005261.1011314704,71.47128326767724,286788.09196202585,0.51,0.76,0.31887501283192676,0.01649299198194168,1.0839244579999558,tm_tw_dense,context_noise_refinement
tm_tw_refined,20262398,100,50,2,0.0,0.45,0.1,dense,1.0,1.0,deterministic,20.0,0.1,0.95,False,7472.690565468038,747269.0565468038,884194.210488422,84.51413136193442,136925.15394161816,0.52,0.82,0.3243841295412909,0.016834009171888188,1.1061703749999197,tm_tw_refined_dense,context_noise_refinement
tw,20261462,100,50,2,0.0,0.45,0.1,offline,1.0,1.0,deterministic,20.0,0.1,0.95,False,4937.91897195217,493791.897195217,907022.7553577252,54.44096019404364,413230.8581625082,0.41,0.68,0.24962954780245614,0.013005067337536287,1.034162791999961,tw_offline,context_noise_refinement
tm_tw,20261782,100,50,2,0.0,0.45,0.1,offline,1.0,1.0,deterministic,20.0,0.1,0.95,False,7057.176376072931,705717.6376072931,1010686.9671393187,69.82554050387918,304969.3295320256,0.42,0.66,0.24933265071205374,0.012987991918159247,1.0544363340000018,tm_tw_offline,context_noise_refinement
tm_tw_refined,20262610,100,50,2,0.0,0.45,0.1,offline,1.0,1.0,deterministic,20.0,0.1,0.95,False,8766.290768772042,876629.0768772041,979639.4224132261,89.48487135376115,103010.34553602198,0.62,0.84,0.2525463911768733,0.013168973903268785,1.0653517079999801,tm_tw_refined_offline,context_noise_refinement
tw,20262074,100,50,2,0.0,0.45,0.1,gated_offline,1.0,1.0,deterministic,20.0,0.1,0.95,False,5817.3149754194055,581731.4975419405,941770.2783445206,61.76999963988353,360038.78080258006,0.37,0.6,0.24926088679420158,0.012997654796149847,1.0174509170000192,tw_gated_offline,context_noise_refinement
tm_tw,20262394,100,50,2,0.0,0.45,0.1,gated_offline,1.0,1.0,deterministic,20.0,0.1,0.95,False,7068.089174373969,706808.917437397,982827.3918750226,71.91587488103664,276018.4744376256,0.44,0.7,0.2520029009640417,0.013140838319752228,1.0297077080000463,tm_tw_gated_offline,context_noise_refinement
tm_tw_refined,20263222,100,50,2,0.0,0.45,0.1,gated_offline,1.0,1.0,deterministic,20.0,0.1,0.95,False,8691.735131974026,869173.5131974027,965669.1976433741,90.00737678270569,96495.68444597139,0.63,0.84,0.24973705353646944,0.013005009438280327,1.0374323330000834,tm_tw_refined_gated_offline,context_noise_refinement
tw,20262354,100,50,2,0.0,0.45,0.1,support_offline,1.0,1.0,deterministic,20.0,0.1,0.95,True,5112.854164924171,511285.4164924171,890734.8021239296,57.40040865960023,379449.3856315125,0.34,0.59,0.08341231389460729,0.0007719757070857698,1.0230210839999927,tw_support_offline,context_noise_refinement
tm_tw,20262674,100,50,2,0.0,0.45,0.1,support_offline,1.0,1.0,deterministic,20.0,0.1,0.95,True,6425.199312191863,642519.9312191863,977129.7032880785,65.75584889673114,334609.77206889226,0.35,0.68,0.08068721786093164,0.0009709736178966463,1.0295670000000428,tm_tw_support_offline,context_noise_refinement
tm_tw_refined,20263502,100,50,2,0.0,0.45,0.1,support_offline,1.0,1.0,deterministic,20.0,0.1,0.95,True,8242.6803227221,824268.03227221,975534.6033409953,84.49398201245451,151266.57106878527,0.66,0.9,0.07816954333950493,0.0007442171843425138,1.02367849999996,tm_tw_refined_support_offline,context_noise_refinement
oracle,20261646,100,50,2,0.0,0.45,0.1,dense,1.0,1.0,deterministic,20.0,0.1,0.95,False,10835.396358027985,1083539.6358027984,1137906.8813216249,95.22217095166158,54367.245518826414,0.89,0.96,0.3214872518428307,0.01662786905556849,0.02494862500009276,oracle,context_noise_refinement
state_thompson,20262544,100,50,2,0.0,0.45,0.1,dense,1.0,1.0,deterministic,20.0,0.1,0.95,False,6510.42495190218,651042.495190218,1093952.210724458,59.51288262940408,442909.7155342401,0.37,0.54,0.31727381657724185,0.016362396040779544,0.02729520799994134,state_thompson,context_noise_refinement
global_ucb_tw,20262380,100,50,2,0.0,0.45,0.1,dense,1.0,1.0,deterministic,20.0,0.1,0.95,False,5826.836470211782,582683.6470211783,1008274.9467051274,57.790154255571885,425591.2996839491,0.41,0.58,0.31988125380666876,0.016660435754521218,1.0922194579999314,global_ucb_tw_dense,context_noise_refinement
local_ucb_tw,20262278,100,50,2,0.0,0.45,0.1,dense,1.0,1.0,deterministic,20.0,0.1,0.95,False,6408.17931910405,640817.9319104049,1033653.5639610491,61.99542615175008,392835.63205064414,0.4,0.67,0.3204380016212575,0.016621337119510887,1.0897771669999656,local_ucb_tw_dense,context_noise_refinement
exp4,20261401,100,50,2,0.0,0.45,0.1,dense,1.0,1.0,deterministic,20.0,0.1,0.95,False,6336.40285157431,633640.285157431,1083858.1690973758,58.46154997245804,450217.8839399448,0.39,0.71,0.3264695216394075,0.016926713980857388,1.101459707999993,exp4_dense,context_noise_refinement
tw,20261251,100,50,2,0.0,0.45,0.1,dense,1.0,1.0,deterministic,20.0,0.1,0.95,False,5291.113322344973,529111.3322344973,967288.4259015557,54.70047175860107,438177.0936670584,0.35,0.54,0.3220819957270771,0.016673946978408224,1.078857792000008,tw_dense,context_noise_refinement
tm_tw,20261571,100,50,2,0.0,0.45,0.1,dense,1.0,1.0,deterministic,20.0,0.1,0.95,False,5660.972768155025,566097.2768155024,1040602.9899929052,54.400888932614166,474505.71317740274,0.41,0.56,0.32056033369922765,0.016654736373581946,1.1006862090000595,tm_tw_dense,context_noise_refinement
tm_tw_refined,20262399,100,50,2,0.0,0.45,0.1,dense,1.0,1.0,deterministic,20.0,0.1,0.95,False,6876.434182869274,687643.4182869274,989825.7999466099,69.47115526025065,302182.3816596825,0.47,0.67,0.3221803288048643,0.016733848556378998,1.0939594999999827,tm_tw_refined_dense,context_noise_refinement
tw,20261463,100,50,2,0.0,0.45,0.1,offline,1.0,1.0,deterministic,20.0,0.1,0.95,False,6235.509826001515,623550.9826001514,987297.7285278843,63.157339937356134,363746.7459277329,0.42,0.64,0.2488232603300281,0.012952015381891196,1.028341542000021,tw_offline,context_noise_refinement
tm_tw,20261783,100,50,2,0.0,0.45,0.1,offline,1.0,1.0,deterministic,20.0,0.1,0.95,False,4186.638483866712,418663.84838667116,918585.8057593748,45.5769995314233,499921.9573727036,0.26,0.48,0.253366938612425,0.013113581334589541,1.0429229169999417,tm_tw_offline,context_noise_refinement
tm_tw_refined,20262611,100,50,2,0.0,0.45,0.1,offline,1.0,1.0,deterministic,20.0,0.1,0.95,False,7107.755542118076,710775.5542118076,990770.0968118896,71.73970596195309,279994.542600082,0.54,0.74,0.24995677489850923,0.012962215506844005,1.0438971250000577,tm_tw_refined_offline,context_noise_refinement
tw,20262075,100,50,2,0.0,0.45,0.1,gated_offline,1.0,1.0,deterministic,20.0,0.1,0.95,False,5218.41604865945,521841.604865945,1051332.2564464929,49.63622124843498,529490.6515805479,0.35,0.65,0.25181837793951567,0.013140110624542319,1.0400628340000821,tw_gated_offline,context_noise_refinement
tm_tw,20262395,100,50,2,0.0,0.45,0.1,gated_offline,1.0,1.0,deterministic,20.0,0.1,0.95,False,5250.988461691786,525098.8461691786,1019231.2426901362,51.51910814500196,494132.3965209576,0.33,0.53,0.2514169414102329,0.013103176490830665,1.048513165999907,tm_tw_gated_offline,context_noise_refinement
tm_tw_refined,20263223,100,50,2,0.0,0.45,0.1,gated_offline,1.0,1.0,deterministic,20.0,0.1,0.95,False,5574.027895755975,557402.7895755975,972927.1207064472,57.291319947054674,415524.33113084966,0.48,0.76,0.2510320229152819,0.013105805277418621,1.0476449999999886,tm_tw_refined_gated_offline,context_noise_refinement
tw,20262355,100,50,2,0.0,0.45,0.1,support_offline,1.0,1.0,deterministic,20.0,0.1,0.95,True,2847.4212061768503,284742.120617685,925480.4453668107,30.766951591811164,640738.3247491256,0.28,0.48,0.0809807644798385,0.0009345585727807322,1.0104102499999499,tw_support_offline,context_noise_refinement
tm_tw,20262675,100,50,2,0.0,0.45,0.1,support_offline,1.0,1.0,deterministic,20.0,0.1,0.95,True,5388.5777923242285,538857.7792324228,998529.7925844397,53.965117839671755,459672.0133520169,0.33,0.6,0.07700424863365624,0.0009746379493112035,1.0239227079999864,tm_tw_support_offline,context_noise_refinement
tm_tw_refined,20263503,100,50,2,0.0,0.45,0.1,support_offline,1.0,1.0,deterministic,20.0,0.1,0.95,True,7277.180132964356,727718.0132964356,1018347.9462287738,71.46064525306682,290629.9329323382,0.53,0.72,0.08129535087907508,0.0011049382321952196,1.020084790999931,tm_tw_refined_support_offline,context_noise_refinement
oracle,20261647,100,50,2,0.0,0.45,0.1,dense,1.0,1.0,deterministic,20.0,0.1,0.95,False,11965.2482228003,1196524.82228003,1219096.34070935,98.14850412755841,22571.518429320073,0.92,0.99,0.31907284774321776,0.01650190114850187,0.023255124999991494,oracle,context_noise_refinement
state_thompson,20262545,100,50,2,0.0,0.45,0.1,dense,1.0,1.0,deterministic,20.0,0.1,0.95,False,6373.997786140942,637399.7786140941,1132075.5252265101,56.30364444868293,494675.746612416,0.3,0.48,0.31821519771472384,0.01650357154714133,0.02705108299994663,state_thompson,context_noise_refinement
global_ucb_tw,20262381,100,50,2,0.0,0.45,0.1,dense,1.0,1.0,deterministic,20.0,0.1,0.95,False,5351.485401074714,535148.5401074714,1214847.2344362522,44.050685957712716,679698.6943287808,0.35,0.63,0.31574986257780135,0.01640069204797374,1.0948763750000126,global_ucb_tw_dense,context_noise_refinement
local_ucb_tw,20262279,100,50,2,0.0,0.45,0.1,dense,1.0,1.0,deterministic,20.0,0.1,0.95,False,6959.813911519264,695981.3911519265,1093790.9434217555,63.630202401809676,397809.552269829,0.47,0.67,0.3170464351882497,0.016435921617146625,1.0972163339999952,local_ucb_tw_dense,context_noise_refinement
exp4,20261402,100,50,2,0.0,0.45,0.1,dense,1.0,1.0,deterministic,20.0,0.1,0.95,False,7774.94294804516,777494.294804516,1059288.76791613,73.3977663460012,281794.4731116139,0.48,0.73,0.3249353408372077,0.01681552886371687,1.0946476249999932,exp4_dense,context_noise_refinement
tw,20261252,100,50,2,0.0,0.45,0.1,dense,1.0,1.0,deterministic,20.0,0.1,0.95,False,6630.580296906751,663058.0296906751,1147917.1055653528,57.761838940810705,484859.07587467774,0.45,0.66,0.3227716752831961,0.016742653486026406,1.0952419999999847,tw_dense,context_noise_refinement
tm_tw,20261572,100,50,2,0.0,0.45,0.1,dense,1.0,1.0,deterministic,20.0,0.1,0.95,False,6689.675110515605,668967.5110515605,953473.8174895904,70.16107823630553,284506.30643802986,0.45,0.71,0.32316676330950633,0.016798861093535903,1.0707625839999082,tm_tw_dense,context_noise_refinement
tm_tw_refined,20262400,100,50,2,0.0,0.45,0.1,dense,1.0,1.0,deterministic,20.0,0.1,0.95,False,6081.839866368334,608183.9866368334,1038932.8813987046,58.539295225505,430748.8947618712,0.31,0.64,0.3214675656612586,0.016589222595487535,1.0712765419999641,tm_tw_refined_dense,context_noise_refinement
tw,20261464,100,50,2,0.0,0.45,0.1,offline,1.0,1.0,deterministic,20.0,0.1,0.95,False,4873.994658993528,487399.4658993528,1093369.170269859,44.57775828625712,605969.7043705062,0.3,0.58,0.24783122538666552,0.012876495741915652,1.006907124999998,tw_offline,context_noise_refinement
tm_tw,20261784,100,50,2,0.0,0.45,0.1,offline,1.0,1.0,deterministic,20.0,0.1,0.95,False,4687.617427724911,468761.7427724911,1061561.2092331043,44.15776864257646,592799.4664606131,0.34,0.57,0.2491922006956902,0.012967436011800353,1.0465762919999406,tm_tw_offline,context_noise_refinement
tm_tw_refined,20262612,100,50,2,0.0,0.45,0.1,offline,1.0,1.0,deterministic,20.0,0.1,0.95,False,6420.710617136589,642071.0617136589,1060497.739360374,60.54431215486759,418426.6776467151,0.43,0.71,0.2511047503456276,0.013041563764353701,1.0180507909999506,tm_tw_refined_offline,context_noise_refinement
tw,20262076,100,50,2,0.0,0.45,0.1,gated_offline,1.0,1.0,deterministic,20.0,0.1,0.95,False,5100.937198011738,510093.7198011738,1140767.2867873095,44.71496734778636,630673.5669861357,0.36,0.66,0.24986154360506754,0.01300266931272614,1.014492832999963,tw_gated_offline,context_noise_refinement
tm_tw,20262396,100,50,2,0.0,0.45,0.1,gated_offline,1.0,1.0,deterministic,20.0,0.1,0.95,False,4680.437853748683,468043.7853748683,1076093.2892899124,43.494722068541,608049.5039150441,0.3,0.49,0.2509870475053683,0.01308845905456829,1.0349797919999446,tm_tw_gated_offline,context_noise_refinement
tm_tw_refined,20263224,100,50,2,0.0,0.45,0.1,gated_offline,1.0,1.0,deterministic,20.0,0.1,0.95,False,7118.932039210399,711893.2039210399,1096223.5892466279,64.94051130666543,384330.38532558794,0.44,0.65,0.2482187125961801,0.012918277104569461,1.0686032080000132,tm_tw_refined_gated_offline,context_noise_refinement
tw,20262356,100,50,2,0.0,0.45,0.1,support_offline,1.0,1.0,deterministic,20.0,0.1,0.95,True,7343.6824105638,734368.24105638,1190791.4609719145,61.670600195351966,456423.2199155345,0.48,0.69,0.08304785098754107,0.0008126645725512506,1.0022523750000119,tw_support_offline,context_noise_refinement
tm_tw,20262676,100,50,2,0.0,0.45,0.1,support_offline,1.0,1.0,deterministic,20.0,0.1,0.95,True,5828.314449962024,582831.4449962024,1166060.7575336075,49.98293967365627,583229.3125374052,0.27,0.52,0.08727572487960526,0.0011188475894557228,1.0163805839999895,tm_tw_support_offline,context_noise_refinement
tm_tw_refined,20263504,100,50,2,0.0,0.45,0.1,support_offline,1.0,1.0,deterministic,20.0,0.1,0.95,True,5341.28320232293,534128.320232293,1076934.83216747,49.59708835466776,542806.5119351769,0.34,0.68,0.07893077123990934,0.0008370438628904,1.0057325419999188,tm_tw_refined_support_offline,context_noise_refinement
oracle,20261648,100,50,2,0.0,0.45,0.1,dense,1.0,1.0,deterministic,20.0,0.1,0.95,False,9568.934412188004,956893.4412188004,1021271.6920131396,93.69626600856465,64378.25079433923,0.88,0.94,0.3201991696914303,0.016577466454124005,0.023683290999997553,oracle,context_noise_refinement
state_thompson,20262546,100,50,2,0.0,0.45,0.1,dense,1.0,1.0,deterministic,20.0,0.1,0.95,False,6090.4368859283095,609043.6885928309,948383.759625612,64.21911830641845,339340.07103278104,0.42,0.65,0.31653092935659827,0.016390668710601363,0.025714084000014736,state_thompson,context_noise_refinement
global_ucb_tw,20262382,100,50,2,0.0,0.45,0.1,dense,1.0,1.0,deterministic,20.0,0.1,0.95,False,5306.99159680204,530699.159680204,883961.2129540956,60.03647579814833,353262.05327389156,0.4,0.61,0.3167857944166195,0.0164237959472647,1.0835430409999844,global_ucb_tw_dense,context_noise_refinement
local_ucb_tw,20262280,100,50,2,0.0,0.45,0.1,dense,1.0,1.0,deterministic,20.0,0.1,0.95,False,7235.320010697432,723532.0010697432,999540.2814679611,72.38647751215566,276008.28039821796,0.48,0.74,0.315411896407113,0.016374684507709143,1.107395290999989,local_ucb_tw_dense,context_noise_refinement
exp4,20261403,100,50,2,0.0,0.45,0.1,dense,1.0,1.0,deterministic,20.0,0.1,0.95,False,7864.0230435479,786402.30435479,888155.0566038932,88.543357210825,101752.75224910316,0.62,0.85,0.32135977108556235,0.016604223639225566,1.1188523749999604,exp4_dense,context_noise_refinement
tw,20261253,100,50,2,0.0,0.45,0.1,dense,1.0,1.0,deterministic,20.0,0.1,0.95,False,4991.331301508635,499133.13015086355,843685.4854533803,59.16104268199411,344552.3553025167,0.43,0.69,0.32379878593657774,0.016766399074173294,1.096166124999968,tw_dense,context_noise_refinement
tm_tw,20261573,100,50,2,0.0,0.45,0.1,dense,1.0,1.0,deterministic,20.0,0.1,0.95,False,4298.119450889154,429811.9450889154,870533.6842553515,49.37338472509234,440721.73916643613,0.31,0.63,0.3191143107070138,0.016602627322203394,1.111839959000008,tm_tw_dense,context_noise_refinement
tm_tw_refined,20262401,100,50,2,0.0,0.45,0.1,dense,1.0,1.0,deterministic,20.0,0.1,0.95,False,7681.382137369231,768138.2137369231,945429.4778533628,81.2475421732156,177291.26411643974,0.59,0.81,0.3242374904722407,0.016841565880505057,1.1091938329999493,tm_tw_refined_dense,context_noise_refinement
tw,20261465,100,50,2,0.0,0.45,0.1,offline,1.0,1.0,deterministic,20.0,0.1,0.95,False,5028.728043789675,502872.8043789675,929906.3937365765,54.07778758873886,427033.58935760905,0.37,0.58,0.2511639012730988,0.013034681604206965,1.0453724169999532,tw_offline,context_noise_refinement
tm_tw,20261785,100,50,2,0.0,0.45,0.1,offline,1.0,1.0,deterministic,20.0,0.1,0.95,False,4669.793864705152,466979.3864705153,849045.588687609,55.00050794590866,382066.20221709367,0.31,0.63,0.24954705326128448,0.013012158910571872,1.0628446249999115,tm_tw_offline,context_noise_refinement
tm_tw_refined,20262613,100,50,2,0.0,0.45,0.1,offline,1.0,1.0,deterministic,20.0,0.1,0.95,False,7248.155384740405,724815.5384740405,845755.8208610981,85.7003310643581,120940.28238705767,0.59,0.81,0.24994511361149,0.01302831636113366,1.058924999999931,tm_tw_refined_offline,context_noise_refinement
tw,20262077,100,50,2,0.0,0.45,0.1,gated_offline,1.0,1.0,deterministic,20.0,0.1,0.95,False,6015.476536018969,601547.653601897,909601.0465776342,66.13313120793062,308053.3929757372,0.44,0.7,0.25162894586405044,0.013107318709845543,1.0546247910000375,tw_gated_offline,context_noise_refinement
tm_tw,20262397,100,50,2,0.0,0.45,0.1,gated_offline,1.0,1.0,deterministic,20.0,0.1,0.95,False,3755.9084218775697,375590.84218775696,874370.2221670246,42.95558479300666,498779.37997926766,0.27,0.54,0.25075264805473785,0.013042908426964412,1.0782037080000464,tm_tw_gated_offline,context_noise_refinement
tm_tw_refined,20263225,100,50,2,0.0,0.45,0.1,gated_offline,1.0,1.0,deterministic,20.0,0.1,0.95,False,7801.261158565721,780126.1158565722,937315.7632478694,83.22980861362842,157189.64739129727,0.56,0.84,0.2488673922491651,0.012966156632020658,1.0740079580000383,tm_tw_refined_gated_offline,context_noise_refinement
tw,20262357,100,50,2,0.0,0.45,0.1,support_offline,1.0,1.0,deterministic,20.0,0.1,0.95,True,5459.331800489858,545933.1800489859,886843.7622132758,61.5591159694818,340910.5821642899,0.37,0.61,0.07948341962071333,0.000930801394732317,1.025486125000043,tw_support_offline,context_noise_refinement
tm_tw,20262677,100,50,2,0.0,0.45,0.1,support_offline,1.0,1.0,deterministic,20.0,0.1,0.95,True,3171.2674006426414,317126.74006426416,877110.414542926,36.15585162439591,559983.6744786619,0.23,0.59,0.0833508989308582,0.0009344366221390071,1.0387665420000758,tm_tw_support_offline,context_noise_refinement
tm_tw_refined,20263505,100,50,2,0.0,0.45,0.1,support_offline,1.0,1.0,deterministic,20.0,0.1,0.95,True,8728.52030945145,872852.0309451451,987178.9976403335,88.41882100728787,114326.96669518843,0.7,0.86,0.08291123882506164,0.0009577956044204216,1.0392267500000116,tm_tw_refined_support_offline,context_noise_refinement
oracle,20261649,100,50,2,0.0,0.45,0.1,dense,1.0,1.0,deterministic,20.0,0.1,0.95,False,12610.213133862491,1261021.3133862491,1324180.6520409735,95.23030799782671,63159.338654724415,0.89,0.96,0.32035087289488146,0.016590053413459017,0.02517408300002444,oracle,context_noise_refinement
state_thompson,20262547,100,50,2,0.0,0.45,0.1,dense,1.0,1.0,deterministic,20.0,0.1,0.95,False,3898.271101114511,389827.1101114511,1044883.2994030681,37.308196076457115,655056.189291617,0.21,0.36,0.3173886121639623,0.016474545087518215,0.02795920899995963,state_thompson,context_noise_refinement
global_ucb_tw,20262383,100,50,2,0.0,0.45,0.1,dense,1.0,1.0,deterministic,20.0,0.1,0.95,False,10702.13902767174,1070213.902767174,1264977.7759085405,84.60337589713923,194763.87314136652,0.48,0.62,0.31708462930360193,0.016460582109968622,1.1086190830000078,global_ucb_tw_dense,context_noise_refinement
local_ucb_tw,20262281,100,50,2,0.0,0.45,0.1,dense,1.0,1.0,deterministic,20.0,0.1,0.95,False,6532.6404570910645,653264.0457091065,1015044.9911057554,64.35813697257527,361780.94539664895,0.38,0.58,0.3237686407947843,0.016714661398406,1.1154910410000412,local_ucb_tw_dense,context_noise_refinement
exp4,20261404,100,50,2,0.0,0.45,0.1,dense,1.0,1.0,deterministic,20.0,0.1,0.95,False,11837.485882069466,1183748.5882069466,1351436.3675162753,87.59188494997274,167687.77930932865,0.56,0.71,0.32478771484924285,0.01686443223046044,1.1170530409999628,exp4_dense,context_noise_refinement
tw,20261254,100,50,2,0.0,0.45,0.1,dense,1.0,1.0,deterministic,20.0,0.1,0.95,False,7183.108630520557,718310.8630520557,1361573.108573069,52.755952547039264,643262.2455210134,0.38,0.6,0.314678248764692,0.016325705772980034,1.1180199169999696,tw_dense,context_noise_refinement
tm_tw,20261574,100,50,2,0.0,0.45,0.1,dense,1.0,1.0,deterministic,20.0,0.1,0.95,False,5120.147677865033,512014.7677865033,1016845.5037252071,50.35325090298776,504830.73593870376,0.32,0.59,0.3252169272721962,0.016881527349763142,1.1424668749999682,tm_tw_dense,context_noise_refinement
tm_tw_refined,20262402,100,50,2,0.0,0.45,0.1,dense,1.0,1.0,deterministic,20.0,0.1,0.95,False,11477.398599838156,1147739.8599838156,1255545.335479115,91.41365329877468,107805.47549529932,0.63,0.78,0.3176052385451121,0.016466059070142428,1.1440383330000259,tm_tw_refined_dense,context_noise_refinement
tw,20261466,100,50,2,0.0,0.45,0.1,offline,1.0,1.0,deterministic,20.0,0.1,0.95,False,4634.658260433374,463465.82604333747,940198.0409952812,49.294489653766846,476732.2149519437,0.3,0.48,0.2488943667494425,0.012977233381109402,1.071290083000008,tw_offline,context_noise_refinement
tm_tw,20261786,100,50,2,0.0,0.45,0.1,offline,1.0,1.0,deterministic,20.0,0.1,0.95,False,6708.204042099929,670820.404209993,1240568.427582644,54.07363183642721,569748.023372651,0.42,0.63,0.25003305964714573,0.01307151874459178,1.0916307500000357,tm_tw_offline,context_noise_refinement
tm_tw_refined,20262614,100,50,2,0.0,0.45,0.1,offline,1.0,1.0,deterministic,20.0,0.1,0.95,False,9399.001394801555,939900.1394801554,1111766.9570739707,84.54111120138461,171866.81759381527,0.51,0.78,0.2494153308254881,0.012930406330496833,1.0306014579999783,tm_tw_refined_offline,context_noise_refinement
tw,20262078,100,50,2,0.0,0.45,0.1,gated_offline,1.0,1.0,deterministic,20.0,0.1,0.95,False,4268.9780590879145,426897.80590879143,863757.5099497109,49.4233394200701,436859.7040409195,0.28,0.49,0.24830717907577426,0.012919270429283055,1.0267266250000375,tw_gated_offline,context_noise_refinement
tm_tw,20262398,100,50,2,0.0,0.45,0.1,gated_offline,1.0,1.0,deterministic,20.0,0.1,0.95,False,7733.170086818882,773317.0086818882,1134609.0521472795,68.15713370331076,361292.04346539127,0.43,0.64,0.24973193404739472,0.013016583459455482,1.0224333329999808,tm_tw_gated_offline,context_noise_refinement
tm_tw_refined,20263226,100,50,2,0.0,0.45,0.1,gated_offline,1.0,1.0,deterministic,20.0,0.1,0.95,False,9104.764048854544,910476.4048854543,1212074.0058502774,75.11722885656224,301597.60096482304,0.54,0.81,0.24855851704295973,0.012957967495564842,1.0277792080000836,tm_tw_refined_gated_offline,context_noise_refinement
tw,20262358,100,50,2,0.0,0.45,0.1,support_offline,1.0,1.0,deterministic,20.0,0.1,0.95,True,9712.768178835498,971276.8178835498,1225095.412229113,79.2817284423807,253818.5943455632,0.49,0.63,0.08175875138119779,0.0009767313892573937,1.0074935000000096,tw_support_offline,context_noise_refinement
tm_tw,20262678,100,50,2,0.0,0.45,0.1,support_offline,1.0,1.0,deterministic,20.0,0.1,0.95,True,2026.9091038256397,202690.91038256398,1007290.349041334,20.122391778643617,804599.43865877,0.13,0.36,0.08760042271819866,0.0011325529236089213,1.0402676249999558,tm_tw_support_offline,context_noise_refinement
tm_tw_refined,20263506,100,50,2,0.0,0.45,0.1,support_offline,1.0,1.0,deterministic,20.0,0.1,0.95,True,10769.59789039365,1076959.789039365,1282363.6523557678,83.9824013306159,205403.86331640277,0.61,0.9,0.08090860763842486,0.000797781117555606,1.035458124999991,tm_tw_refined_support_offline,context_noise_refinement
oracle,20261640,100,50,2,0.0,0.45,0.2,dense,1.0,1.0,deterministic,20.0,0.1,0.95,False,7779.968482089595,777996.8482089596,842469.5106863792,92.3471815110683,64472.662477419595,0.82,0.96,0.3326359736999148,0.017370674822307305,0.023679457999946862,oracle,context_noise_refinement
state_thompson,20262538,100,50,2,0.0,0.45,0.2,dense,1.0,1.0,deterministic,20.0,0.1,0.95,False,3988.098985629749,398809.89856297494,816754.2198517913,48.82863031125119,417944.32128881634,0.27,0.45,0.33101584680660284,0.017215130714604517,0.02706708300001992,state_thompson,context_noise_refinement
global_ucb_tw,20262374,100,50,2,0.0,0.45,0.2,dense,1.0,1.0,deterministic,20.0,0.1,0.95,False,3985.833128625706,398583.31286257063,854386.7933861179,46.65138973917183,455803.4805235473,0.29,0.57,0.3349913784773776,0.01736451504247758,1.1310509170000387,global_ucb_tw_dense,context_noise_refinement
local_ucb_tw,20262272,100,50,2,0.0,0.45,0.2,dense,1.0,1.0,deterministic,20.0,0.1,0.95,False,4060.1835110447114,406018.35110447113,878021.7882877144,46.24240041881798,472003.4371832432,0.3,0.59,0.3305043614288925,0.01720658489759732,1.2124001250000447,local_ucb_tw_dense,context_noise_refinement
exp4,20261395,100,50,2,0.0,0.45,0.2,dense,1.0,1.0,deterministic,20.0,0.1,0.95,False,6787.678968718519,678767.8968718519,871423.2375289667,77.8918747676027,192655.34065711487,0.52,0.74,0.3352618781739894,0.0174643968916304,1.1721734170000673,exp4_dense,context_noise_refinement
tw,20261245,100,50,2,0.0,0.45,0.2,dense,1.0,1.0,deterministic,20.0,0.1,0.95,False,3351.381113621405,335138.1113621405,911572.7304493941,36.76482415143349,576434.6190872536,0.26,0.54,0.3310721336678033,0.017235630603557716,1.0851280419999512,tw_dense,context_noise_refinement
tm_tw,20261565,100,50,2,0.0,0.45,0.2,dense,1.0,1.0,deterministic,20.0,0.1,0.95,False,4978.112490934911,497811.2490934911,886101.0595721249,56.17996318996292,388289.81047863374,0.4,0.62,0.32946838812138574,0.0171873199169496,1.1525171250000312,tm_tw_dense,context_noise_refinement
tm_tw_refined,20262393,100,50,2,0.0,0.45,0.2,dense,1.0,1.0,deterministic,20.0,0.1,0.95,False,5849.534898286364,584953.4898286364,828736.2981605531,70.5837901787321,243782.8083319167,0.43,0.7,0.3305849219451072,0.01721970510604483,1.1361470420000614,tm_tw_refined_dense,context_noise_refinement
tw,20261457,100,50,2,0.0,0.45,0.2,offline,1.0,1.0,deterministic,20.0,0.1,0.95,False,2390.460338376953,239046.03383769532,805262.0258606704,29.685496914150526,566215.9920229751,0.14,0.39,0.2605409037344347,0.01361646751059927,1.0930026659999612,tw_offline,context_noise_refinement
tm_tw,20261777,100,50,2,0.0,0.45,0.2,offline,1.0,1.0,deterministic,20.0,0.1,0.95,False,5017.632302439488,501763.2302439488,809617.8829720468,61.97531462645235,307854.65272809804,0.43,0.66,0.25970883590857813,0.013550387069722997,1.0362165000000232,tm_tw_offline,context_noise_refinement
tm_tw_refined,20262605,100,50,2,0.0,0.45,0.2,offline,1.0,1.0,deterministic,20.0,0.1,0.95,False,6463.098334448482,646309.8334448482,853726.7654974936,75.70452978222173,207416.93205264537,0.46,0.74,0.26040454073729913,0.013581332818821764,1.1190654590000122,tm_tw_refined_offline,context_noise_refinement
tw,20262069,100,50,2,0.0,0.45,0.2,gated_offline,1.0,1.0,deterministic,20.0,0.1,0.95,False,5279.82211588086,527982.211588086,913764.0278927604,57.78102392645841,385781.8163046744,0.44,0.59,0.2600135480801578,0.013551141831460708,1.0867381250000108,tw_gated_offline,context_noise_refinement
tm_tw,20262389,100,50,2,0.0,0.45,0.2,gated_offline,1.0,1.0,deterministic,20.0,0.1,0.95,False,6345.539992009621,634553.999200962,877257.3285814316,72.33384988952639,242703.32938046963,0.48,0.76,0.25761198157296694,0.013444105050565792,1.1307028749999972,tm_tw_gated_offline,context_noise_refinement
tm_tw_refined,20263217,100,50,2,0.0,0.45,0.2,gated_offline,1.0,1.0,deterministic,20.0,0.1,0.95,False,6030.598312183923,603059.8312183922,805148.5289645811,74.9004450140306,202088.69774618885,0.39,0.71,0.26034955511034796,0.013597305713417055,1.0698260829999526,tm_tw_refined_gated_offline,context_noise_refinement
tw,20262349,100,50,2,0.0,0.45,0.2,support_offline,1.0,1.0,deterministic,20.0,0.1,0.95,True,5465.408667327062,546540.8667327062,885199.9332152192,61.74208178570043,338659.066482513,0.36,0.7,0.08960609589949445,0.001724627217317071,0.9722268750000467,tw_support_offline,context_noise_refinement
tm_tw,20262669,100,50,2,0.0,0.45,0.2,support_offline,1.0,1.0,deterministic,20.0,0.1,0.95,True,5864.098212586721,586409.8212586722,882533.2967737496,66.44619793977098,296123.4755150775,0.37,0.67,0.08275842665136225,0.0017436181915090555,1.0739618330001122,tm_tw_support_offline,context_noise_refinement
tm_tw_refined,20263497,100,50,2,0.0,0.45,0.2,support_offline,1.0,1.0,deterministic,20.0,0.1,0.95,True,5416.441324077922,541644.1324077923,823267.5390531991,65.79199430487827,281623.40664540685,0.37,0.68,0.08557745048808392,0.001822595009038549,1.0611289999999372,tm_tw_refined_support_offline,context_noise_refinement
oracle,20261641,100,50,2,0.0,0.45,0.2,dense,1.0,1.0,deterministic,20.0,0.1,0.95,False,8448.661373863573,844866.1373863573,922902.7918016495,91.54443402831706,78036.6544152922,0.86,0.94,0.32924251750911243,0.017147802453632812,0.024756250000109503,oracle,context_noise_refinement
state_thompson,20262539,100,50,2,0.0,0.45,0.2,dense,1.0,1.0,deterministic,20.0,0.1,0.95,False,2816.494154625571,281649.4154625571,804423.4746782674,35.01258035454572,522774.05921571027,0.2,0.39,0.3313574390726157,0.01723772344194052,0.02734816699990006,state_thompson,context_noise_refinement
global_ucb_tw,20262375,100,50,2,0.0,0.45,0.2,dense,1.0,1.0,deterministic,20.0,0.1,0.95,False,6264.443323872512,626444.3323872512,963113.5721781905,65.04366156635882,336669.23979093926,0.44,0.67,0.33147253456601516,0.01729098443058353,1.0942265419998876,global_ucb_tw_dense,context_noise_refinement
local_ucb_tw,20262273,100,50,2,0.0,0.45,0.2,dense,1.0,1.0,deterministic,20.0,0.1,0.95,False,5593.489893130271,559348.9893130271,894265.8439350822,62.54840136258544,334916.8546220551,0.36,0.65,0.3304552096560546,0.017208921437083937,1.0632233329999963,local_ucb_tw_dense,context_noise_refinement
exp4,20261396,100,50,2,0.0,0.45,0.2,dense,1.0,1.0,deterministic,20.0,0.1,0.95,False,7647.634639597959,764763.4639597959,921714.197644755,82.97186545612367,156950.73368495912,0.54,0.74,0.3312291948576461,0.017209953577182774,1.0895750409999891,exp4_dense,context_noise_refinement
tw,20261246,100,50,2,0.0,0.45,0.2,dense,1.0,1.0,deterministic,20.0,0.1,0.95,False,6453.492285357574,645349.2285357574,1007418.9064917823,64.05967015083229,362069.6779560249,0.45,0.54,0.3332723483122876,0.01733937666935055,1.1412369580000359,tw_dense,context_noise_refinement
tm_tw,20261566,100,50,2,0.0,0.45,0.2,dense,1.0,1.0,deterministic,20.0,0.1,0.95,False,6094.4252009347165,609442.5200934716,969290.4409088242,62.875119197714085,359847.9208153526,0.41,0.67,0.3306922973669273,0.017186590766047727,1.1001989579999645,tm_tw_dense,context_noise_refinement
tm_tw_refined,20262394,100,50,2,0.0,0.45,0.2,dense,1.0,1.0,deterministic,20.0,0.1,0.95,False,7011.467926977402,701146.7926977403,882799.2997992719,79.42312514941558,181652.5071015316,0.51,0.77,0.335205183782189,0.017451022361295126,1.066836125000009,tm_tw_refined_dense,context_noise_refinement
tw,20261458,100,50,2,0.0,0.45,0.2,offline,1.0,1.0,deterministic,20.0,0.1,0.95,False,4286.14225982957,428614.225982957,864931.4625935537,49.5547039874962,436317.2366105967,0.34,0.64,0.25857404935486716,0.013515887766318199,1.0165657910001755,tw_offline,context_noise_refinement
tm_tw,20261778,100,50,2,0.0,0.45,0.2,offline,1.0,1.0,deterministic,20.0,0.1,0.95,False,6286.273441123046,628627.3441123046,937519.210865456,67.05220936560833,308891.8667531514,0.43,0.72,0.2604341390845908,0.013537434575177152,1.065146041999924,tm_tw_offline,context_noise_refinement
tm_tw_refined,20262606,100,50,2,0.0,0.45,0.2,offline,1.0,1.0,deterministic,20.0,0.1,0.95,False,6560.4242667092385,656042.4266709238,836501.7993587393,78.42689964012567,180459.37268781546,0.54,0.81,0.26146972660492246,0.013636364190663282,1.0712941249998948,tm_tw_refined_offline,context_noise_refinement
tw,20262070,100,50,2,0.0,0.45,0.2,gated_offline,1.0,1.0,deterministic,20.0,0.1,0.95,False,3958.891791687738,395889.1791687738,941983.8793737962,42.02717136008204,546094.7002050224,0.34,0.59,0.25768212502869,0.013432385596348968,1.0637258750000456,tw_gated_offline,context_noise_refinement
tm_tw,20262390,100,50,2,0.0,0.45,0.2,gated_offline,1.0,1.0,deterministic,20.0,0.1,0.95,False,6976.086252549181,697608.6252549181,941113.3621863335,74.12588677247967,243504.7369314154,0.43,0.67,0.25793379110852876,0.013486023861309062,1.051783000000114,tm_tw_gated_offline,context_noise_refinement
tm_tw_refined,20263218,100,50,2,0.0,0.45,0.2,gated_offline,1.0,1.0,deterministic,20.0,0.1,0.95,False,7096.0596793101895,709605.9679310189,928592.1379217226,76.41739994904377,218986.1699907037,0.5,0.8,0.25936212000242004,0.013559226127832733,1.0441255420000743,tm_tw_refined_gated_offline,context_noise_refinement
tw,20262350,100,50,2,0.0,0.45,0.2,support_offline,1.0,1.0,deterministic,20.0,0.1,0.95,True,7449.642593336987,744964.2593336988,954096.968845756,78.08056032658179,209132.70951205725,0.49,0.78,0.08850978580108158,0.0016251185056432877,1.0750850829999763,tw_support_offline,context_noise_refinement
tm_tw,20262670,100,50,2,0.0,0.45,0.2,support_offline,1.0,1.0,deterministic,20.0,0.1,0.95,True,6959.7599417885185,695975.9941788518,976238.5995087009,71.29158737721565,280262.60532984906,0.5,0.79,0.08613250679676335,0.001507496340358524,1.012173291999943,tm_tw_support_offline,context_noise_refinement
tm_tw_refined,20263498,100,50,2,0.0,0.45,0.2,support_offline,1.0,1.0,deterministic,20.0,0.1,0.95,True,6835.921905512929,683592.1905512928,891821.6127457293,76.65122495144043,208229.42219443643,0.54,0.78,0.08291077411199703,0.0015942779293618109,1.0004042919999847,tm_tw_refined_support_offline,context_noise_refinement
oracle,20261642,100,50,2,0.0,0.45,0.2,dense,1.0,1.0,deterministic,20.0,0.1,0.95,False,12684.481814106835,1268448.1814106836,1353539.779788844,93.71340246893703,85091.5983781605,0.8,0.92,0.33180698394261154,0.01733674927870578,0.02378516699991451,oracle,context_noise_refinement
state_thompson,20262540,100,50,2,0.0,0.45,0.2,dense,1.0,1.0,deterministic,20.0,0.1,0.95,False,4546.135140653252,454613.5140653252,1235844.3786458417,36.785660227176926,781230.8645805165,0.21,0.43,0.329912847766682,0.01721168226919339,0.026323249999904874,state_thompson,context_noise_refinement
global_ucb_tw,20262376,100,50,2,0.0,0.45,0.2,dense,1.0,1.0,deterministic,20.0,0.1,0.95,False,6638.938030342423,663893.8030342424,1233147.294688587,53.83734821409951,569253.4916543447,0.29,0.56,0.33034617920934417,0.017206637374246218,1.0637396670001635,global_ucb_tw_dense,context_noise_refinement
local_ucb_tw,20262274,100,50,2,0.0,0.45,0.2,dense,1.0,1.0,deterministic,20.0,0.1,0.95,False,4384.955637907972,438495.5637907972,1052748.8506324594,41.65243814109723,614253.2868416621,0.3,0.57,0.3298947852308904,0.01721331335692856,1.143499792000057,local_ucb_tw_dense,context_noise_refinement
exp4,20261397,100,50,2,0.0,0.45,0.2,dense,1.0,1.0,deterministic,20.0,0.1,0.95,False,8022.146809338294,802214.6809338294,1150456.972157915,69.73008989889587,348242.2912240855,0.36,0.69,0.3361494186109654,0.017502715387990322,1.1515855420000207,exp4_dense,context_noise_refinement
tw,20261247,100,50,2,0.0,0.45,0.2,dense,1.0,1.0,deterministic,20.0,0.1,0.95,False,5803.57957980009,580357.957980009,1146496.2231267383,50.62013692441566,566138.2651467293,0.29,0.52,0.3313774889817912,0.017284378040828212,1.108987999999954,tw_dense,context_noise_refinement
tm_tw,20261567,100,50,2,0.0,0.45,0.2,dense,1.0,1.0,deterministic,20.0,0.1,0.95,False,4550.231772625265,455023.1772625265,1170272.0550511524,38.88182882762568,715248.8777886259,0.18,0.42,0.33085632974375145,0.01721238507703277,1.1579804590001004,tm_tw_dense,context_noise_refinement
tm_tw_refined,20262395,100,50,2,0.0,0.45,0.2,dense,1.0,1.0,deterministic,20.0,0.1,0.95,False,11730.397104301084,1173039.7104301085,1403818.7595149155,83.56062365454127,230779.04908480705,0.43,0.73,0.3375044827355515,0.017562378895250003,1.1386084579999078,tm_tw_refined_dense,context_noise_refinement
tw,20261459,100,50,2,0.0,0.45,0.2,offline,1.0,1.0,deterministic,20.0,0.1,0.95,False,7518.6699841663185,751866.9984166318,1320313.4510413536,56.94609850589809,568446.4526247218,0.32,0.51,0.2602749917541665,0.013562717322668909,1.116697791999968,tw_offline,context_noise_refinement
tm_tw,20261779,100,50,2,0.0,0.45,0.2,offline,1.0,1.0,deterministic,20.0,0.1,0.95,False,9098.808656268675,909880.8656268675,1309072.7358019226,69.50575325132604,399191.8701750551,0.4,0.67,0.2574763683922732,0.013462106490529976,1.0378157909999572,tm_tw_offline,context_noise_refinement
tm_tw_refined,20262607,100,50,2,0.0,0.45,0.2,offline,1.0,1.0,deterministic,20.0,0.1,0.95,False,7551.770057906502,755177.0057906503,1076688.4904297674,70.13885747856526,321511.48463911714,0.45,0.66,0.25968562617216817,0.013518789945642186,1.033174874999986,tm_tw_refined_offline,context_noise_refinement
tw,20262071,100,50,2,0.0,0.45,0.2,gated_offline,1.0,1.0,deterministic,20.0,0.1,0.95,False,9454.130043079542,945413.0043079542,1296063.3110034696,72.94497084220164,350650.3066955154,0.42,0.66,0.25567950359387914,0.013347288306889441,1.0529539999999997,tw_gated_offline,context_noise_refinement
tm_tw,20262391,100,50,2,0.0,0.45,0.2,gated_offline,1.0,1.0,deterministic,20.0,0.1,0.95,False,4747.262875943751,474726.2875943751,1320114.3891389945,35.960996372746244,845388.1015446194,0.19,0.5,0.259365266039488,0.013542678132924394,1.0960906669999986,tm_tw_gated_offline,context_noise_refinement
tm_tw_refined,20263219,100,50,2,0.0,0.45,0.2,gated_offline,1.0,1.0,deterministic,20.0,0.1,0.95,False,9017.41780594223,901741.7805942231,1229329.6533286253,73.35231669980459,327587.8727344022,0.47,0.62,0.2606885119882929,0.013606262273940656,1.0941492919998836,tm_tw_refined_gated_offline,context_noise_refinement
tw,20262351,100,50,2,0.0,0.45,0.2,support_offline,1.0,1.0,deterministic,20.0,0.1,0.95,True,3692.686088999715,369268.6088999715,976969.9723403526,37.79733455014801,607701.3634403811,0.23,0.48,0.08577421465300786,0.0014732709742675504,0.9967976249999992,tw_support_offline,context_noise_refinement
tm_tw,20262671,100,50,2,0.0,0.45,0.2,support_offline,1.0,1.0,deterministic,20.0,0.1,0.95,True,6275.969115517251,627596.9115517251,1236174.0112653298,50.76930155725617,608577.0997136047,0.4,0.61,0.08201954887389208,0.0016308335186015035,1.0526641670001027,tm_tw_support_offline,context_noise_refinement
tm_tw_refined,20263499,100,50,2,0.0,0.45,0.2,support_offline,1.0,1.0,deterministic,20.0,0.1,0.95,True,8789.356007907787,878935.6007907788,1230975.599203503,71.40154535634093,352039.99841272424,0.46,0.7,0.08654781750601587,0.0016026064874727533,1.0645359170000575,tm_tw_refined_support_offline,context_noise_refinement
oracle,20261643,100,50,2,0.0,0.45,0.2,dense,1.0,1.0,deterministic,20.0,0.1,0.95,False,8787.358159436239,878735.8159436239,948489.5900285615,92.64580499161438,69753.77408493764,0.9,0.95,0.33012989089645944,0.01721855581847906,0.025337999999919703,oracle,context_noise_refinement
state_thompson,20262541,100,50,2,0.0,0.45,0.2,dense,1.0,1.0,deterministic,20.0,0.1,0.95,False,3512.8006457733704,351280.06457733706,768484.0134176882,45.710783626465435,417203.94884035114,0.22,0.44,0.3364161089571483,0.017529990446545088,0.026869457999964652,state_thompson,context_noise_refinement
global_ucb_tw,20262377,100,50,2,0.0,0.45,0.2,dense,1.0,1.0,deterministic,20.0,0.1,0.95,False,4021.6033084810297,402160.330848103,824301.7551680241,48.78799885196501,422141.4243199211,0.33,0.52,0.3346950799941546,0.017442030646696707,1.1721864999999525,global_ucb_tw_dense,context_noise_refinement
local_ucb_tw,20262275,100,50,2,0.0,0.45,0.2,dense,1.0,1.0,deterministic,20.0,0.1,0.95,False,5209.015734568807,520901.5734568807,842584.0409383044,61.82191308499066,321682.4674814237,0.43,0.7,0.3330594899501227,0.017321656528427407,1.0690884170001027,local_ucb_tw_dense,context_noise_refinement
exp4,20261398,100,50,2,0.0,0.45,0.2,dense,1.0,1.0,deterministic,20.0,0.1,0.95,False,7012.133243969495,701213.3243969495,838724.7629485151,83.60470029904117,137511.43855156563,0.61,0.81,0.3352274743859642,0.017465270313678314,1.0778730419999647,exp4_dense,context_noise_refinement
tw,20261248,100,50,2,0.0,0.45,0.2,dense,1.0,1.0,deterministic,20.0,0.1,0.95,False,5548.523091365115,554852.3091365115,838901.569893614,66.14033505824474,284049.2607571025,0.42,0.59,0.3320691740003767,0.017282876374584626,1.0857255829998849,tw_dense,context_noise_refinement
tm_tw,20261568,100,50,2,0.0,0.45,0.2,dense,1.0,1.0,deterministic,20.0,0.1,0.95,False,6961.988324568425,696198.8324568425,881205.9827861771,79.00523215419133,185007.15032933454,0.51,0.74,0.3328542691275596,0.01732904304236656,1.116298166999968,tm_tw_dense,context_noise_refinement
tm_tw_refined,20262396,100,50,2,0.0,0.45,0.2,dense,1.0,1.0,deterministic,20.0,0.1,0.95,False,7139.693555093803,713969.3555093803,824987.2622314163,86.54307626256484,111017.90672203596,0.52,0.78,0.33259291407562325,0.0173314816447284,1.1147154580000915,tm_tw_refined_dense,context_noise_refinement
tw,20261460,100,50,2,0.0,0.45,0.2,offline,1.0,1.0,deterministic,20.0,0.1,0.95,False,4597.890654907977,459789.0654907977,912673.1186484226,50.378285072282964,452884.05315762496,0.34,0.56,0.25749462785447375,0.013442082435443828,1.0755642910000915,tw_offline,context_noise_refinement
tm_tw,20261780,100,50,2,0.0,0.45,0.2,offline,1.0,1.0,deterministic,20.0,0.1,0.95,False,5005.0298156654935,500502.98156654934,924969.4498873055,54.110217545836626,424466.46832075616,0.44,0.74,0.26073964706624253,0.013633762466047248,1.0580846249999922,tm_tw_offline,context_noise_refinement
tm_tw_refined,20262608,100,50,2,0.0,0.45,0.2,offline,1.0,1.0,deterministic,20.0,0.1,0.95,False,7238.432131768334,723843.2131768335,801080.6228387952,90.35834752958385,77237.40966196172,0.62,0.8,0.25848577334359735,0.013496076466623716,1.0596617920000426,tm_tw_refined_offline,context_noise_refinement
tw,20262072,100,50,2,0.0,0.45,0.2,gated_offline,1.0,1.0,deterministic,20.0,0.1,0.95,False,5833.803389311973,583380.3389311973,945999.1139264716,61.66816969942119,362618.77499527426,0.43,0.67,0.25824905173370544,0.013488361982272734,1.0623432089998914,tw_gated_offline,context_noise_refinement
tm_tw,20262392,100,50,2,0.0,0.45,0.2,gated_offline,1.0,1.0,deterministic,20.0,0.1,0.95,False,6347.92520227487,634792.520227487,870656.219821437,72.90966351307713,235863.69959395006,0.54,0.76,0.25928045396004246,0.013558862211130151,1.0942800410000473,tm_tw_gated_offline,context_noise_refinement
tm_tw_refined,20263220,100,50,2,0.0,0.45,0.2,gated_offline,1.0,1.0,deterministic,20.0,0.1,0.95,False,6298.04703891888,629804.703891888,785369.8707030866,80.19211423632383,155565.16681119858,0.56,0.84,0.2603859261955514,0.013602132834190293,1.1007961660000092,tm_tw_refined_gated_offline,context_noise_refinement
tw,20262352,100,50,2,0.0,0.45,0.2,support_offline,1.0,1.0,deterministic,20.0,0.1,0.95,True,5048.086490102857,504808.6490102857,853342.2916451631,59.15664252817734,348533.6426348774,0.39,0.68,0.0850374348067208,0.001516384002398307,1.0627673750000213,tw_support_offline,context_noise_refinement
tm_tw,20262672,100,50,2,0.0,0.45,0.2,support_offline,1.0,1.0,deterministic,20.0,0.1,0.95,True,5231.378344568127,523137.8344568127,930633.4344784918,56.21309261792949,407495.60002167907,0.44,0.64,0.08626402819014015,0.00163631860497923,1.1104828749998887,tm_tw_support_offline,context_noise_refinement
tm_tw_refined,20263500,100,50,2,0.0,0.45,0.2,support_offline,1.0,1.0,deterministic,20.0,0.1,0.95,True,6821.8830019230045,682188.3001923005,858707.7103048953,79.44359786289571,176519.41011259484,0.56,0.83,0.08339280446878725,0.0015932395835146153,1.0633623339999758,tm_tw_refined_support_offline,context_noise_refinement
oracle,20261644,100,50,2,0.0,0.45,0.2,dense,1.0,1.0,deterministic,20.0,0.1,0.95,False,7703.458686622451,770345.8686622451,846892.215621225,90.9615007025622,76546.34695897985,0.8,0.9,0.32876929724466974,0.01712401541584253,0.02540475000000697,oracle,context_noise_refinement
state_thompson,20262542,100,50,2,0.0,0.45,0.2,dense,1.0,1.0,deterministic,20.0,0.1,0.95,False,4850.50123744357,485050.12374435697,882554.2998696958,54.95980517187123,397504.1761253388,0.22,0.44,0.3310057372727788,0.017311845057582802,0.029136042000118323,state_thompson,context_noise_refinement
global_ucb_tw,20262378,100,50,2,0.0,0.45,0.2,dense,1.0,1.0,deterministic,20.0,0.1,0.95,False,4637.423745273726,463742.37452737265,811354.409127363,57.15657292429606,347612.03459999035,0.38,0.54,0.33004618226614885,0.017194466143319022,1.159307791999936,global_ucb_tw_dense,context_noise_refinement
local_ucb_tw,20262276,100,50,2,0.0,0.45,0.2,dense,1.0,1.0,deterministic,20.0,0.1,0.95,False,3518.8998545021896,351889.98545021896,763848.9085636933,46.0680091972504,411958.92311347433,0.27,0.58,0.33274127139079046,0.017315681535424756,1.0841004579999662,local_ucb_tw_dense,context_noise_refinement
exp4,20261399,100,50,2,0.0,0.45,0.2,dense,1.0,1.0,deterministic,20.0,0.1,0.95,False,4254.712731474739,425471.27314747387,826202.0009482926,51.49724554759361,400730.7278008187,0.43,0.72,0.33227407314152607,0.017282866779770485,1.1148108340000817,exp4_dense,context_noise_refinement
tw,20261249,100,50,2,0.0,0.45,0.2,dense,1.0,1.0,deterministic,20.0,0.1,0.95,False,3665.337806160638,366533.7806160638,771484.7813373363,47.51017641342101,404951.0007212725,0.31,0.51,0.3272811785429988,0.017042384927932253,1.1122673329998634,tw_dense,context_noise_refinement
tm_tw,20261569,100,50,2,0.0,0.45,0.2,dense,1.0,1.0,deterministic,20.0,0.1,0.95,False,4240.2656732890955,424026.5673289096,854998.5497610066,49.593834685150696,430971.982432097,0.46,0.63,0.33216982551835567,0.017272237900316206,1.1861481660000663,tm_tw_dense,context_noise_refinement
tm_tw_refined,20262397,100,50,2,0.0,0.45,0.2,dense,1.0,1.0,deterministic,20.0,0.1,0.95,False,5036.561742953202,503656.17429532023,832367.9434698308,60.50883845859872,328711.76917451055,0.4,0.65,0.33311833010320957,0.017296910157360595,1.1741395840001587,tm_tw_refined_dense,context_noise_refinement
tw,20261461,100,50,2,0.0,0.45,0.2,offline,1.0,1.0,deterministic,20.0,0.1,0.95,False,2813.3963478946166,281339.6347894617,778692.2352978915,36.12975987642078,497352.60050842987,0.3,0.44,0.25950127626222674,0.013538395509049053,1.0155286669998986,tw_offline,context_noise_refinement
tm_tw,20261781,100,50,2,0.0,0.45,0.2,offline,1.0,1.0,deterministic,20.0,0.1,0.95,False,4044.7941502628237,404479.41502628237,872845.2871324805,46.34033327430803,468365.87210619816,0.33,0.58,0.25794147968657144,0.013478739095862856,1.050923709000017,tm_tw_offline,context_noise_refinement
tm_tw_refined,20262609,100,50,2,0.0,0.45,0.2,offline,1.0,1.0,deterministic,20.0,0.1,0.95,False,3134.150600613227,313415.0600613227,680131.9576051905,46.08150764814626,366716.89754386776,0.3,0.66,0.261522102769933,0.013679322431701927,1.0618525410000075,tm_tw_refined_offline,context_noise_refinement
tw,20262073,100,50,2,0.0,0.45,0.2,gated_offline,1.0,1.0,deterministic,20.0,0.1,0.95,False,2821.4072655003533,282140.72655003535,756220.1684591819,37.309336396687804,474079.44190914655,0.19,0.48,0.26004257230867844,0.013575789445709458,1.0585442920000787,tw_gated_offline,context_noise_refinement
tm_tw,20262393,100,50,2,0.0,0.45,0.2,gated_offline,1.0,1.0,deterministic,20.0,0.1,0.95,False,3500.289947860231,350028.9947860231,801809.7311130159,43.65486987793694,451780.7363269928,0.29,0.61,0.25935082633906503,0.013537036279747285,1.0679394579999553,tm_tw_gated_offline,context_noise_refinement
tm_tw_refined,20263221,100,50,2,0.0,0.45,0.2,gated_offline,1.0,1.0,deterministic,20.0,0.1,0.95,False,6020.994467331234,602099.4467331234,848848.9960668768,70.93127865179059,246749.5493337534,0.5,0.73,0.25973337454610396,0.013574912533033978,1.0682377920002182,tm_tw_refined_gated_offline,context_noise_refinement
tw,20262353,100,50,2,0.0,0.45,0.2,support_offline,1.0,1.0,deterministic,20.0,0.1,0.95,True,3023.3605767308604,302336.05767308606,722744.4188118535,41.831669647495524,420408.36113876745,0.35,0.64,0.0860390864257221,0.0016486271178392437,1.0275109169999723,tw_support_offline,context_noise_refinement
tm_tw,20262673,100,50,2,0.0,0.45,0.2,support_offline,1.0,1.0,deterministic,20.0,0.1,0.95,True,6029.318498986549,602931.8498986549,909512.8347010051,66.29173628944595,306580.9848023503,0.5,0.75,0.08762771609161094,0.0018828853958418239,1.043121790999976,tm_tw_support_offline,context_noise_refinement
tm_tw_refined,20263501,100,50,2,0.0,0.45,0.2,support_offline,1.0,1.0,deterministic,20.0,0.1,0.95,True,6088.011290497134,608801.1290497134,867570.7873231488,70.17307843295903,258769.65827343543,0.45,0.67,0.08541852736574088,0.001596709697869269,1.0410111669998514,tm_tw_refined_support_offline,context_noise_refinement
oracle,20261645,100,50,2,0.0,0.45,0.2,dense,1.0,1.0,deterministic,20.0,0.1,0.95,False,9313.381060529693,931338.1060529693,1011130.2421459842,92.10861936799883,79792.13609301485,0.87,0.96,0.33069139189434943,0.01722241298295094,0.025044167000032758,oracle,context_noise_refinement
state_thompson,20262543,100,50,2,0.0,0.45,0.2,dense,1.0,1.0,deterministic,20.0,0.1,0.95,False,6267.580036030222,626758.0036030222,983226.3086227841,63.745039987887324,356468.3050197619,0.39,0.55,0.33019493009586964,0.017214082159567327,0.02783470800000032,state_thompson,context_noise_refinement
global_ucb_tw,20262379,100,50,2,0.0,0.45,0.2,dense,1.0,1.0,deterministic,20.0,0.1,0.95,False,3425.5479507415107,342554.7950741511,979929.0206068752,34.95710279730312,637374.225532724,0.26,0.52,0.3324819925544956,0.017331261664764216,1.109268499999871,global_ucb_tw_dense,context_noise_refinement
local_ucb_tw,20262277,100,50,2,0.0,0.45,0.2,dense,1.0,1.0,deterministic,20.0,0.1,0.95,False,4821.75727752372,482175.72775237204,979983.2715517365,49.20244475080475,497807.5437993645,0.35,0.61,0.32796253553587024,0.017098171409263816,1.1112248340000406,local_ucb_tw_dense,context_noise_refinement
exp4,20261400,100,50,2,0.0,0.45,0.2,dense,1.0,1.0,deterministic,20.0,0.1,0.95,False,7803.102149760626,780310.2149760626,913393.8845598622,85.42976126362738,133083.66958379955,0.62,0.81,0.3314088532677276,0.017267637968419236,1.185038416999987,exp4_dense,context_noise_refinement
tw,20261250,100,50,2,0.0,0.45,0.2,dense,1.0,1.0,deterministic,20.0,0.1,0.95,False,5517.029836297796,551702.9836297795,915571.5956848006,60.25776533807102,363868.6120550211,0.34,0.59,0.33158078249699524,0.017231017912137686,1.170309166999914,tw_dense,context_noise_refinement
tm_tw,20261570,100,50,2,0.0,0.45,0.2,dense,1.0,1.0,deterministic,20.0,0.1,0.95,False,4195.759133264462,419575.9133264462,908823.6335097657,46.166923686402754,489247.7201833195,0.31,0.53,0.33034644353415077,0.017241434119565045,1.1730733750000581,tm_tw_dense,context_noise_refinement
tm_tw_refined,20262398,100,50,2,0.0,0.45,0.2,dense,1.0,1.0,deterministic,20.0,0.1,0.95,False,7000.337582095913,700033.7582095913,878306.9013052089,79.70263664891,178273.14309561765,0.54,0.83,0.33042373344811227,0.017200060305932758,1.099413082999945,tm_tw_refined_dense,context_noise_refinement
tw,20261462,100,50,2,0.0,0.45,0.2,offline,1.0,1.0,deterministic,20.0,0.1,0.95,False,4876.269986999093,487626.9986999093,936350.4029127074,52.077405764236,448723.4042127981,0.31,0.58,0.25984146126514124,0.013563828483894782,0.9998427089999495,tw_offline,context_noise_refinement
tm_tw,20261782,100,50,2,0.0,0.45,0.2,offline,1.0,1.0,deterministic,20.0,0.1,0.95,False,4213.811827614926,421381.1827614926,968890.3010656689,43.491113730627845,547509.1183041763,0.23,0.6,0.25924693607284854,0.01352042230040125,1.0066851250001037,tm_tw_offline,context_noise_refinement
tm_tw_refined,20262610,100,50,2,0.0,0.45,0.2,offline,1.0,1.0,deterministic,20.0,0.1,0.95,False,7862.108596020367,786210.8596020368,993190.2033784491,79.16015048554158,206979.3437764123,0.52,0.84,0.26228299720460874,0.013675600992940497,1.0106228330000704,tm_tw_refined_offline,context_noise_refinement
tw,20262074,100,50,2,0.0,0.45,0.2,gated_offline,1.0,1.0,deterministic,20.0,0.1,0.95,False,6969.536342942454,696953.6342942454,1017203.1080508007,68.51666385779843,320249.47375655535,0.48,0.62,0.2594834002375757,0.013542818470965175,1.0092430409999906,tw_gated_offline,context_noise_refinement
tm_tw,20262394,100,50,2,0.0,0.45,0.2,gated_offline,1.0,1.0,deterministic,20.0,0.1,0.95,False,7649.482868869691,764948.2868869691,1018912.9227869429,75.07494210542283,253964.6358999738,0.5,0.63,0.25949169817171075,0.013544064958755547,1.0510940829999527,tm_tw_gated_offline,context_noise_refinement
tm_tw_refined,20263222,100,50,2,0.0,0.45,0.2,gated_offline,1.0,1.0,deterministic,20.0,0.1,0.95,False,8053.88011336582,805388.011336582,975639.1249503985,82.54978615966513,170251.11361381644,0.56,0.83,0.2612106384899992,0.013654653143577578,1.0902256669999133,tm_tw_refined_gated_offline,context_noise_refinement
tw,20262354,100,50,2,0.0,0.45,0.2,support_offline,1.0,1.0,deterministic,20.0,0.1,0.95,True,5684.707840391722,568470.7840391722,930029.0301468191,61.123982758842544,361558.24610764685,0.45,0.6,0.08722510403551147,0.0016626643547597878,1.0869364999998652,tw_support_offline,context_noise_refinement
tm_tw,20262674,100,50,2,0.0,0.45,0.2,support_offline,1.0,1.0,deterministic,20.0,0.1,0.95,True,3645.9325124823504,364593.25124823506,852462.1664674974,42.76943488988684,487868.9152192623,0.23,0.58,0.08722763966219792,0.001603789099324195,1.0956173339998259,tm_tw_support_offline,context_noise_refinement
tm_tw_refined,20263502,100,50,2,0.0,0.45,0.2,support_offline,1.0,1.0,deterministic,20.0,0.1,0.95,True,8108.232807274022,810823.2807274022,933569.0649558734,86.85198676390664,122745.78422847122,0.65,0.84,0.08510381030926797,0.0016694130312728751,1.0575726249999207,tm_tw_refined_support_offline,context_noise_refinement
oracle,20261646,100,50,2,0.0,0.45,0.2,dense,1.0,1.0,deterministic,20.0,0.1,0.95,False,9597.143638096179,959714.3638096178,1160228.1555265975,82.7177274778363,200513.7917169797,0.82,0.95,0.3340695388945384,0.017405595806031633,0.025626542000054542,oracle,context_noise_refinement
state_thompson,20262544,100,50,2,0.0,0.45,0.2,dense,1.0,1.0,deterministic,20.0,0.1,0.95,False,5592.475920671353,559247.5920671354,1027035.536910998,54.45260382607376,467787.9448438627,0.4,0.58,0.33394254943761037,0.017380836240865713,0.027186999999912587,state_thompson,context_noise_refinement
global_ucb_tw,20262380,100,50,2,0.0,0.45,0.2,dense,1.0,1.0,deterministic,20.0,0.1,0.95,False,3892.133064640655,389213.3064640655,884715.5099851036,43.993046586310996,495502.2035210381,0.27,0.57,0.33129669479126256,0.017262262807250243,1.1570362910001677,global_ucb_tw_dense,context_noise_refinement
local_ucb_tw,20262278,100,50,2,0.0,0.45,0.2,dense,1.0,1.0,deterministic,20.0,0.1,0.95,False,6561.94745048102,656194.745048102,1145284.7080315074,57.29533804532817,489089.96298340545,0.39,0.62,0.33238860434456463,0.017282297299977795,1.1058217920001425,local_ucb_tw_dense,context_noise_refinement
exp4,20261401,100,50,2,0.0,0.45,0.2,dense,1.0,1.0,deterministic,20.0,0.1,0.95,False,5439.382638639235,543938.2638639235,946292.5838757589,57.480981372177645,402354.3200118354,0.39,0.56,0.3324527714364435,0.017344940857790366,1.1071980419999363,exp4_dense,context_noise_refinement
tw,20261251,100,50,2,0.0,0.45,0.2,dense,1.0,1.0,deterministic,20.0,0.1,0.95,False,5020.132192023305,502013.2192023305,1024026.8291737041,49.02344400560376,522013.60997137363,0.34,0.61,0.3310115121115019,0.017221209200359106,1.1528540000001612,tw_dense,context_noise_refinement
tm_tw,20261571,100,50,2,0.0,0.45,0.2,dense,1.0,1.0,deterministic,20.0,0.1,0.95,False,4541.515134372929,454151.51343729295,986369.1768451433,46.04275195316583,532217.6634078503,0.3,0.57,0.3327677023155367,0.01733996577103292,1.1189952090001043,tm_tw_dense,context_noise_refinement
tm_tw_refined,20262399,100,50,2,0.0,0.45,0.2,dense,1.0,1.0,deterministic,20.0,0.1,0.95,False,8958.101781893036,895810.1781893036,1140410.259459836,78.55157131027661,244600.08127053233,0.53,0.75,0.3339140818538217,0.017412061499622024,1.119792291000067,tm_tw_refined_dense,context_noise_refinement
tw,20261463,100,50,2,0.0,0.45,0.2,offline,1.0,1.0,deterministic,20.0,0.1,0.95,False,4780.8592272997475,478085.9227299747,958381.7546749337,49.88470621418843,480295.831944959,0.39,0.59,0.2615905030302041,0.013652078225803756,1.0682530000001407,tw_offline,context_noise_refinement
tm_tw,20261783,100,50,2,0.0,0.45,0.2,offline,1.0,1.0,deterministic,20.0,0.1,0.95,False,5222.557589443991,522255.7589443991,998047.8715873183,52.32772633579104,475792.1126429192,0.37,0.65,0.26169172443388755,0.01364101632738972,1.0528955830000086,tm_tw_offline,context_noise_refinement
tm_tw_refined,20262611,100,50,2,0.0,0.45,0.2,offline,1.0,1.0,deterministic,20.0,0.1,0.95,False,7021.726410140513,702172.6410140513,1055224.2109930685,66.54250667289358,353051.56997901725,0.44,0.71,0.2598258145873992,0.01355843189540411,1.1164707079999516,tm_tw_refined_offline,context_noise_refinement
tw,20262075,100,50,2,0.0,0.45,0.2,gated_offline,1.0,1.0,deterministic,20.0,0.1,0.95,False,4676.163317339496,467616.33173394954,1045722.0104215256,44.717078446637615,578105.678687576,0.35,0.54,0.26200414960700424,0.013710562120589478,1.0617234590001772,tw_gated_offline,context_noise_refinement
tm_tw,20262395,100,50,2,0.0,0.45,0.2,gated_offline,1.0,1.0,deterministic,20.0,0.1,0.95,False,4188.732093731406,418873.20937314065,941972.4704834269,44.467669968971805,523099.2611102863,0.26,0.49,0.2587471831574054,0.01350116952821962,1.0717234999999619,tm_tw_gated_offline,context_noise_refinement
tm_tw_refined,20263223,100,50,2,0.0,0.45,0.2,gated_offline,1.0,1.0,deterministic,20.0,0.1,0.95,False,7061.489120025286,706148.9120025286,971512.3563082648,72.68553070039026,265363.4443057362,0.47,0.74,0.25676862000766687,0.013435728217618343,1.0717036250000547,tm_tw_refined_gated_offline,context_noise_refinement
tw,20262355,100,50,2,0.0,0.45,0.2,support_offline,1.0,1.0,deterministic,20.0,0.1,0.95,True,2856.3748761565157,285637.48761565157,938347.9147255189,30.440467030739327,652710.4271098673,0.24,0.43,0.08741911357726646,0.0017989079854126746,1.0338666669999839,tw_support_offline,context_noise_refinement
tm_tw,20262675,100,50,2,0.0,0.45,0.2,support_offline,1.0,1.0,deterministic,20.0,0.1,0.95,True,3710.0352821535594,371003.52821535594,978584.6239119798,37.91225808681073,607581.0956966239,0.26,0.53,0.08501545107238459,0.0018441329478755268,1.0425844589999542,tm_tw_support_offline,context_noise_refinement
tm_tw_refined,20263503,100,50,2,0.0,0.45,0.2,support_offline,1.0,1.0,deterministic,20.0,0.1,0.95,True,7232.652692113228,723265.2692113228,979958.8224953826,73.80567964780282,256693.55328405986,0.47,0.65,0.08852384745986286,0.0017840724080910113,1.0455097080000542,tm_tw_refined_support_offline,context_noise_refinement
oracle,20261647,100,50,2,0.0,0.45,0.2,dense,1.0,1.0,deterministic,20.0,0.1,0.95,False,9814.518730974129,981451.8730974129,1129303.3405411502,86.90772778792203,147851.46744373732,0.78,0.88,0.3329178358304284,0.01729204942254827,0.02512291700008973,oracle,context_noise_refinement
state_thompson,20262545,100,50,2,0.0,0.45,0.2,dense,1.0,1.0,deterministic,20.0,0.1,0.95,False,4706.852470078363,470685.2470078363,1085424.8011464428,43.36415074638899,614739.5541386064,0.36,0.51,0.329743745649053,0.017118986265741754,0.027632874999881096,state_thompson,context_noise_refinement
global_ucb_tw,20262381,100,50,2,0.0,0.45,0.2,dense,1.0,1.0,deterministic,20.0,0.1,0.95,False,3504.1476211548434,350414.76211548434,1132367.2591936504,30.945327964092836,781952.4970781661,0.17,0.53,0.3288050324864621,0.01709189783532028,1.1150978339999256,global_ucb_tw_dense,context_noise_refinement
local_ucb_tw,20262279,100,50,2,0.0,0.45,0.2,dense,1.0,1.0,deterministic,20.0,0.1,0.95,False,5397.6722285825645,539767.2228582564,1052176.2880761279,51.30007480449918,512409.06521787145,0.34,0.65,0.32939779550300624,0.017180261504453318,1.1121420419999595,local_ucb_tw_dense,context_noise_refinement
exp4,20261402,100,50,2,0.0,0.45,0.2,dense,1.0,1.0,deterministic,20.0,0.1,0.95,False,8024.5904974162,802459.0497416201,1067235.6391339866,75.1904284599022,264776.58939236647,0.55,0.82,0.3337959354266105,0.01740698485226899,1.1249272499999279,exp4_dense,context_noise_refinement
tw,20261252,100,50,2,0.0,0.45,0.2,dense,1.0,1.0,deterministic,20.0,0.1,0.95,False,5841.368901423356,584136.8901423356,968942.61976304,60.28601469560595,384805.7296207044,0.38,0.61,0.33075008551985746,0.017289306951421436,1.1023486250001042,tw_dense,context_noise_refinement
tm_tw,20261572,100,50,2,0.0,0.45,0.2,dense,1.0,1.0,deterministic,20.0,0.1,0.95,False,8508.691431024692,850869.1431024693,1188085.5733441887,71.61682308013114,337216.43024171947,0.54,0.83,0.33083925996399977,0.017237703805584256,1.1191337090001525,tm_tw_dense,context_noise_refinement
tm_tw_refined,20262400,100,50,2,0.0,0.45,0.2,dense,1.0,1.0,deterministic,20.0,0.1,0.95,False,5753.932179892094,575393.2179892093,991803.0478970397,58.01486688402894,416409.82990783034,0.44,0.68,0.3335867015183826,0.017333468979504725,1.131649207999999,tm_tw_refined_dense,context_noise_refinement
tw,20261464,100,50,2,0.0,0.45,0.2,offline,1.0,1.0,deterministic,20.0,0.1,0.95,False,3690.529470176709,369052.9470176709,1080651.7228130314,34.15096087174077,711598.7757953606,0.23,0.57,0.25845498841017633,0.013500587144561043,1.1219780409999203,tw_offline,context_noise_refinement
tm_tw,20261784,100,50,2,0.0,0.45,0.2,offline,1.0,1.0,deterministic,20.0,0.1,0.95,False,4134.38540975938,413438.540975938,1159361.4096551118,35.6608851677173,745922.8686791738,0.14,0.34,0.25797996978842236,0.013479091953907778,1.0364952920001542,tm_tw_offline,context_noise_refinement
tm_tw_refined,20262612,100,50,2,0.0,0.45,0.2,offline,1.0,1.0,deterministic,20.0,0.1,0.95,False,6546.872604067129,654687.2604067129,1090095.6868494747,60.05777917522529,435408.4264427618,0.46,0.67,0.2614534868208294,0.013670606087941382,1.069812542000136,tm_tw_refined_offline,context_noise_refinement
tw,20262076,100,50,2,0.0,0.45,0.2,gated_offline,1.0,1.0,deterministic,20.0,0.1,0.95,False,6225.271947362754,622527.1947362754,1129704.9060722413,55.10529266449575,507177.7113359659,0.43,0.68,0.26016036556148486,0.013606066007824581,1.0531162089998816,tw_gated_offline,context_noise_refinement
tm_tw,20262396,100,50,2,0.0,0.45,0.2,gated_offline,1.0,1.0,deterministic,20.0,0.1,0.95,False,4888.971868558682,488897.1868558682,1071868.477586629,45.61167690616736,582971.2907307609,0.4,0.62,0.2606646255286963,0.013565879631021705,1.120398583999986,tm_tw_gated_offline,context_noise_refinement
tm_tw_refined,20263224,100,50,2,0.0,0.45,0.2,gated_offline,1.0,1.0,deterministic,20.0,0.1,0.95,False,7296.923184494509,729692.3184494509,1143546.7888131698,63.80957260233857,413854.4703637189,0.5,0.71,0.2589907375645221,0.013506665597551724,1.0876911670000027,tm_tw_refined_gated_offline,context_noise_refinement
tw,20262356,100,50,2,0.0,0.45,0.2,support_offline,1.0,1.0,deterministic,20.0,0.1,0.95,True,8045.141714704219,804514.171470422,1199036.592351796,67.09671552996093,394522.42088137416,0.57,0.75,0.08983305607026351,0.001729265748698635,1.0895061250000708,tw_support_offline,context_noise_refinement
tm_tw,20262676,100,50,2,0.0,0.45,0.2,support_offline,1.0,1.0,deterministic,20.0,0.1,0.95,True,5633.188318802625,563318.8318802625,1026602.0265028107,54.872172208664566,463283.1946225482,0.4,0.73,0.08792154141479991,0.0017623425418042675,1.0626091670001188,tm_tw_support_offline,context_noise_refinement
tm_tw_refined,20263504,100,50,2,0.0,0.45,0.2,support_offline,1.0,1.0,deterministic,20.0,0.1,0.95,True,6132.811725688807,613281.1725688807,1031391.8314738965,59.46151150843221,418110.6589050158,0.43,0.71,0.0848041351402894,0.0016674459291317239,1.016890832999934,tm_tw_refined_support_offline,context_noise_refinement
oracle,20261648,100,50,2,0.0,0.45,0.2,dense,1.0,1.0,deterministic,20.0,0.1,0.95,False,8910.057959281196,891005.7959281196,1002536.1571270822,88.87517817625954,111530.36119896267,0.84,0.95,0.3316949646308062,0.01730661125399076,0.02480970800002069,oracle,context_noise_refinement
state_thompson,20262546,100,50,2,0.0,0.45,0.2,dense,1.0,1.0,deterministic,20.0,0.1,0.95,False,5148.491154849091,514849.1154849091,871561.3707925642,59.072043890234056,356712.25530765514,0.35,0.6,0.3310925215112965,0.01721304089395018,0.027756957999827137,state_thompson,context_noise_refinement
global_ucb_tw,20262382,100,50,2,0.0,0.45,0.2,dense,1.0,1.0,deterministic,20.0,0.1,0.95,False,5892.403003432203,589240.3003432204,899923.067202689,65.47674149244874,310682.76685946865,0.48,0.71,0.3310275523706275,0.017273665582157916,1.1133621250000942,global_ucb_tw_dense,context_noise_refinement
local_ucb_tw,20262280,100,50,2,0.0,0.45,0.2,dense,1.0,1.0,deterministic,20.0,0.1,0.95,False,5277.083329722431,527708.3329722431,921497.9337530225,57.26636095894688,393789.6007807794,0.38,0.59,0.3346006984865312,0.017434429376385875,1.1102998750000097,local_ucb_tw_dense,context_noise_refinement
exp4,20261403,100,50,2,0.0,0.45,0.2,dense,1.0,1.0,deterministic,20.0,0.1,0.95,False,7332.3344708867035,733233.4470886703,934945.7251782373,78.42524195176006,201712.27808956697,0.5,0.69,0.3362329689886587,0.017514349046612428,1.123006375000159,exp4_dense,context_noise_refinement
tw,20261253,100,50,2,0.0,0.45,0.2,dense,1.0,1.0,deterministic,20.0,0.1,0.95,False,4749.559155166153,474955.91551661526,937713.0327967345,50.65045476653519,462757.1172801192,0.31,0.58,0.3318266497533369,0.01730964481815696,1.1025689579998925,tw_dense,context_noise_refinement
tm_tw,20261573,100,50,2,0.0,0.45,0.2,dense,1.0,1.0,deterministic,20.0,0.1,0.95,False,5469.857246110097,546985.7246110097,932807.8863162576,58.63862566290103,385822.16170524794,0.37,0.65,0.33281153899832155,0.017326717904280527,1.157993334000139,tm_tw_dense,context_noise_refinement
tm_tw_refined,20262401,100,50,2,0.0,0.45,0.2,dense,1.0,1.0,deterministic,20.0,0.1,0.95,False,7647.070437326972,764707.0437326971,896094.8699369293,85.33773257585105,131387.82620423217,0.62,0.86,0.33419661105511106,0.017444954936108505,1.0858730410000135,tm_tw_refined_dense,context_noise_refinement
tw,20261465,100,50,2,0.0,0.45,0.2,offline,1.0,1.0,deterministic,20.0,0.1,0.95,False,4552.61104573228,455261.104573228,930552.4166022561,48.92374641672863,475291.31202902814,0.3,0.5,0.25976610600198047,0.013569038815554282,0.9980394169999727,tw_offline,context_noise_refinement
tm_tw,20261785,100,50,2,0.0,0.45,0.2,offline,1.0,1.0,deterministic,20.0,0.1,0.95,False,6007.537214460719,600753.7214460719,856181.7271543553,70.16661327762324,255428.0057082834,0.51,0.7,0.25941727185586877,0.01350919734525396,1.0455297090002205,tm_tw_offline,context_noise_refinement
tm_tw_refined,20262613,100,50,2,0.0,0.45,0.2,offline,1.0,1.0,deterministic,20.0,0.1,0.95,False,6938.333302768175,693833.3302768174,913042.7778402399,75.99132780153496,219209.4475634225,0.54,0.8,0.2604755280406974,0.013618780691115988,1.0652232919999278,tm_tw_refined_offline,context_noise_refinement
tw,20262077,100,50,2,0.0,0.45,0.2,gated_offline,1.0,1.0,deterministic,20.0,0.1,0.95,False,5212.337598552305,521233.7598552305,855078.3245037977,60.957428684407674,333844.5646485672,0.38,0.58,0.26068156916494545,0.013587381620577788,1.0857416669998656,tw_gated_offline,context_noise_refinement
tm_tw,20262397,100,50,2,0.0,0.45,0.2,gated_offline,1.0,1.0,deterministic,20.0,0.1,0.95,False,4367.654928590552,436765.49285905523,904594.136740177,48.28303380707249,467828.6438811218,0.28,0.57,0.26076809022358893,0.013646441350693084,1.137206125000148,tm_tw_gated_offline,context_noise_refinement
tm_tw_refined,20263225,100,50,2,0.0,0.45,0.2,gated_offline,1.0,1.0,deterministic,20.0,0.1,0.95,False,6621.341985428601,662134.1985428601,831466.6202114817,79.63448952099216,169332.4216686216,0.52,0.78,0.261615979004561,0.013673711482628548,1.0830817500000194,tm_tw_refined_gated_offline,context_noise_refinement
tw,20262357,100,50,2,0.0,0.45,0.2,support_offline,1.0,1.0,deterministic,20.0,0.1,0.95,True,6244.343180867892,624434.3180867892,989528.5938200527,63.10422174625341,365094.27573326346,0.47,0.72,0.08306334622761417,0.0014912006964117018,0.9818039580000004,tw_support_offline,context_noise_refinement
tm_tw,20262677,100,50,2,0.0,0.45,0.2,support_offline,1.0,1.0,deterministic,20.0,0.1,0.95,True,4869.894530178132,486989.45301781327,860367.3297653594,56.60250408980844,373377.87674754614,0.39,0.74,0.08408314201276847,0.0015737758886467592,0.992533000000094,tm_tw_support_offline,context_noise_refinement
tm_tw_refined,20263505,100,50,2,0.0,0.45,0.2,support_offline,1.0,1.0,deterministic,20.0,0.1,0.95,True,7405.769070095952,740576.9070095952,899293.9220771104,82.35092986051495,158717.0150675152,0.59,0.8,0.09154470340988712,0.0017320680693727656,0.9747510419999799,tm_tw_refined_support_offline,context_noise_refinement
oracle,20261649,100,50,2,0.0,0.45,0.2,dense,1.0,1.0,deterministic,20.0,0.1,0.95,False,11398.024983014728,1139802.4983014727,1318749.0055721232,86.43058637280134,178946.50727065047,0.76,0.86,0.3322211040674039,0.017366596485246435,0.023623750000069776,oracle,context_noise_refinement
state_thompson,20262547,100,50,2,0.0,0.45,0.2,dense,1.0,1.0,deterministic,20.0,0.1,0.95,False,5605.496123243258,560549.6123243258,1130947.7626798844,49.56458917218706,570398.1503555586,0.25,0.52,0.330645714381092,0.01717069614715931,0.026450917000147456,state_thompson,context_noise_refinement
global_ucb_tw,20262383,100,50,2,0.0,0.45,0.2,dense,1.0,1.0,deterministic,20.0,0.1,0.95,False,3490.8757894461287,349087.5789446129,1131274.2298909589,30.85790957849899,782186.650946346,0.23,0.54,0.32882454255283206,0.017106628071056618,1.0529925830001048,global_ucb_tw_dense,context_noise_refinement
local_ucb_tw,20262281,100,50,2,0.0,0.45,0.2,dense,1.0,1.0,deterministic,20.0,0.1,0.95,False,8823.067931785694,882306.7931785694,1220882.2089208395,72.26797038499372,338575.41574227007,0.47,0.69,0.33105518534189204,0.017178886794596185,1.0579294169999685,local_ucb_tw_dense,context_noise_refinement
exp4,20261404,100,50,2,0.0,0.45,0.2,dense,1.0,1.0,deterministic,20.0,0.1,0.95,False,11454.301898452564,1145430.1898452565,1393925.5473957213,82.17298204952696,248495.3575504648,0.6,0.82,0.33246540192592045,0.017300712562936003,1.0651244159998896,exp4_dense,context_noise_refinement
tw,20261254,100,50,2,0.0,0.45,0.2,dense,1.0,1.0,deterministic,20.0,0.1,0.95,False,7352.6508030081495,735265.0803008149,1272665.9580537812,57.7736110287114,537400.8777529662,0.35,0.57,0.3260981744115392,0.016995709485018246,1.0467246660000455,tw_dense,context_noise_refinement
tm_tw,20261574,100,50,2,0.0,0.45,0.2,dense,1.0,1.0,deterministic,20.0,0.1,0.95,False,7871.675363622303,787167.5363622303,1093556.7386744968,71.98232231794012,306389.20231226645,0.43,0.64,0.3334377833635902,0.017392130576029948,1.0717905839999275,tm_tw_dense,context_noise_refinement
tm_tw_refined,20262402,100,50,2,0.0,0.45,0.2,dense,1.0,1.0,deterministic,20.0,0.1,0.95,False,12194.890478440497,1219489.0478440498,1384670.297909631,88.07071616146116,165181.25006558117,0.59,0.84,0.33133891637791774,0.017258533251896885,1.1170256670000072,tm_tw_refined_dense,context_noise_refinement
tw,20261466,100,50,2,0.0,0.45,0.2,offline,1.0,1.0,deterministic,20.0,0.1,0.95,False,6033.2596676345265,603325.9667634526,1210713.3073681144,49.83227351114039,607387.3406046617,0.37,0.58,0.2594113572161131,0.013512547116229496,1.1879841249999572,tw_offline,context_noise_refinement
tm_tw,20261786,100,50,2,0.0,0.45,0.2,offline,1.0,1.0,deterministic,20.0,0.1,0.95,False,4845.8082841482865,484580.82841482863,1088591.8060927573,44.51446590932159,604010.9776779286,0.36,0.67,0.2592064086517547,0.01349152628306701,1.2529862919998322,tm_tw_offline,context_noise_refinement
tm_tw_refined,20262614,100,50,2,0.0,0.45,0.2,offline,1.0,1.0,deterministic,20.0,0.1,0.95,False,11484.019479253606,1148401.9479253606,1269461.4730155158,90.4637101902284,121059.52509015519,0.56,0.8,0.2585465336810221,0.013477905570422931,1.0216632500000742,tm_tw_refined_offline,context_noise_refinement
tw,20262078,100,50,2,0.0,0.45,0.2,gated_offline,1.0,1.0,deterministic,20.0,0.1,0.95,False,4121.855551053213,412185.5551053213,1115300.9171602125,36.95734028039995,703115.3620548912,0.26,0.46,0.2584203881805646,0.013500882369110108,1.026649333000023,tw_gated_offline,context_noise_refinement
tm_tw,20262398,100,50,2,0.0,0.45,0.2,gated_offline,1.0,1.0,deterministic,20.0,0.1,0.95,False,5865.215417988732,586521.5417988732,1011659.3306805523,57.97619060205919,425137.78888167907,0.42,0.64,0.25844509759721634,0.013500069241897275,1.0352018749999843,tm_tw_gated_offline,context_noise_refinement
tm_tw_refined,20263226,100,50,2,0.0,0.45,0.2,gated_offline,1.0,1.0,deterministic,20.0,0.1,0.95,False,8119.73417084026,811973.417084026,1078272.9754853258,75.30314081353661,266299.55840129976,0.53,0.79,0.258977598792522,0.01353325156274535,1.0301582500001132,tm_tw_refined_gated_offline,context_noise_refinement
tw,20262358,100,50,2,0.0,0.45,0.2,support_offline,1.0,1.0,deterministic,20.0,0.1,0.95,True,10062.414077818099,1006241.4077818099,1244557.7643125239,80.85132218331734,238316.35653071397,0.59,0.74,0.08596958817559139,0.0016183002411473402,1.0007598329998473,tw_support_offline,context_noise_refinement
tm_tw,20262678,100,50,2,0.0,0.45,0.2,support_offline,1.0,1.0,deterministic,20.0,0.1,0.95,True,6398.0517379974945,639805.1737997495,1248857.4826759181,51.23123996733746,609052.3088761687,0.3,0.4,0.08931016033766732,0.00172178981750046,0.9978988329999083,tm_tw_support_offline,context_noise_refinement
tm_tw_refined,20263506,100,50,2,0.0,0.45,0.2,support_offline,1.0,1.0,deterministic,20.0,0.1,0.95,True,9339.713497426237,933971.3497426237,1180495.305288327,79.11690504474377,246523.95554570318,0.47,0.71,0.08487979560744477,0.0015291799977098504,0.9970401250000123,tm_tw_refined_support_offline,context_noise_refinement
oracle,20261640,100,50,2,0.0,0.45,0.3,dense,1.0,1.0,deterministic,20.0,0.1,0.95,False,7667.118797105147,766711.8797105147,933352.4343125251,82.14602025174423,166640.5546020104,0.68,0.86,0.3407902090751567,0.017780662425579293,0.023542625000118278,oracle,context_noise_refinement
state_thompson,20262538,100,50,2,0.0,0.45,0.3,dense,1.0,1.0,deterministic,20.0,0.1,0.95,False,3478.0299477043695,347802.99477043696,854524.7947159498,40.70133446344868,506721.79994551284,0.29,0.48,0.34405677600974927,0.01798194742417012,0.02649041700010457,state_thompson,context_noise_refinement
global_ucb_tw,20262374,100,50,2,0.0,0.45,0.3,dense,1.0,1.0,deterministic,20.0,0.1,0.95,False,4573.3760120549,457337.60120548995,868796.5866199037,52.640354284169625,411458.98541441374,0.32,0.57,0.3387147503791243,0.0176964600917453,1.0635558339999989,global_ucb_tw_dense,context_noise_refinement
local_ucb_tw,20262272,100,50,2,0.0,0.45,0.3,dense,1.0,1.0,deterministic,20.0,0.1,0.95,False,4813.880269607918,481388.02696079185,882294.4382140905,54.560927294883626,400906.4112532987,0.3,0.59,0.34380677862801706,0.01792433133139115,1.0588096660001156,local_ucb_tw_dense,context_noise_refinement
exp4,20261395,100,50,2,0.0,0.45,0.3,dense,1.0,1.0,deterministic,20.0,0.1,0.95,False,5863.316387901311,586331.6387901311,797966.7969753033,73.47819997180632,211635.15818517224,0.33,0.75,0.34678663107848906,0.01811858689925228,1.0907640000000356,exp4_dense,context_noise_refinement
tw,20261245,100,50,2,0.0,0.45,0.3,dense,1.0,1.0,deterministic,20.0,0.1,0.95,False,3699.0153478892885,369901.53478892887,756819.0173531603,48.875824511201316,386917.48256423144,0.28,0.57,0.3407851259099899,0.01779352731741703,1.049719750000122,tw_dense,context_noise_refinement
tm_tw,20261565,100,50,2,0.0,0.45,0.3,dense,1.0,1.0,deterministic,20.0,0.1,0.95,False,3523.997043278584,352399.7043278584,876118.5088010702,40.22283524292872,523718.80447321176,0.34,0.66,0.3439775032761356,0.017921948042863768,1.0644036250000681,tm_tw_dense,context_noise_refinement
tm_tw_refined,20262393,100,50,2,0.0,0.45,0.3,dense,1.0,1.0,deterministic,20.0,0.1,0.95,False,5604.027268986525,560402.7268986525,896584.7425089942,62.50415608572892,336182.0156103417,0.37,0.66,0.348653133345445,0.018215932980973168,1.0610967500001607,tm_tw_refined_dense,context_noise_refinement
tw,20261457,100,50,2,0.0,0.45,0.3,offline,1.0,1.0,deterministic,20.0,0.1,0.95,False,4875.958876726193,487595.8876726193,847427.4087538277,57.53836642947937,359831.52108120837,0.29,0.52,0.26718846267438023,0.01395125470964873,0.9979063749999568,tw_offline,context_noise_refinement
tm_tw,20261777,100,50,2,0.0,0.45,0.3,offline,1.0,1.0,deterministic,20.0,0.1,0.95,False,3468.8141907958156,346881.41907958157,775318.8826683547,44.740483797550084,428437.4635887731,0.29,0.57,0.26765125400864337,0.013981115241782466,1.0154167499999858,tm_tw_offline,context_noise_refinement
tm_tw_refined,20262605,100,50,2,0.0,0.45,0.3,offline,1.0,1.0,deterministic,20.0,0.1,0.95,False,6884.121920514088,688412.1920514088,886645.5031621822,77.64232600246852,198233.31111077336,0.53,0.78,0.2712696324328778,0.014210148890960296,1.095638334000114,tm_tw_refined_offline,context_noise_refinement
tw,20262069,100,50,2,0.0,0.45,0.3,gated_offline,1.0,1.0,deterministic,20.0,0.1,0.95,False,4942.075801774288,494207.58017742884,863546.7183054542,57.22997606281418,369339.1381280254,0.33,0.56,0.2686791367557344,0.014043592628634723,1.1626095829999485,tw_gated_offline,context_noise_refinement
tm_tw,20262389,100,50,2,0.0,0.45,0.3,gated_offline,1.0,1.0,deterministic,20.0,0.1,0.95,False,5327.578155362921,532757.8155362922,830228.7575863226,64.17000262495712,297470.94205003045,0.4,0.64,0.2682877659042847,0.014043895904955679,1.1059115839998412,tm_tw_gated_offline,context_noise_refinement
tm_tw_refined,20263217,100,50,2,0.0,0.45,0.3,gated_offline,1.0,1.0,deterministic,20.0,0.1,0.95,False,5292.869444567273,529286.9444567272,817172.4976939976,64.77052837073411,287885.55323727033,0.46,0.73,0.27034180304201416,0.014133175538650171,1.07313254099995,tm_tw_refined_gated_offline,context_noise_refinement
tw,20262349,100,50,2,0.0,0.45,0.3,support_offline,1.0,1.0,deterministic,20.0,0.1,0.95,True,3696.8425454259145,369684.25454259146,709472.0075288125,52.10695427297434,339787.75298622105,0.25,0.52,0.09602165268406979,0.002568981350164888,0.990113749999864,tw_support_offline,context_noise_refinement
tm_tw,20262669,100,50,2,0.0,0.45,0.3,support_offline,1.0,1.0,deterministic,20.0,0.1,0.95,True,6098.727668469438,609872.7668469438,920804.1958930613,66.23262248011868,310931.4290461176,0.37,0.65,0.0891895708506563,0.0022214583507541344,1.006095791000007,tm_tw_support_offline,context_noise_refinement
tm_tw_refined,20263497,100,50,2,0.0,0.45,0.3,support_offline,1.0,1.0,deterministic,20.0,0.1,0.95,True,6445.370308990943,644537.0308990943,895327.6875859202,71.9889533001001,250790.6566868259,0.37,0.73,0.09061010637043014,0.0024762500814182738,1.0269448750000265,tm_tw_refined_support_offline,context_noise_refinement
oracle,20261641,100,50,2,0.0,0.45,0.3,dense,1.0,1.0,deterministic,20.0,0.1,0.95,False,9092.186408323538,909218.6408323538,1052278.2235115264,86.40477589645705,143059.5826791725,0.72,0.89,0.3462119975856406,0.018069514971397128,0.022943083999962255,oracle,context_noise_refinement
state_thompson,20262539,100,50,2,0.0,0.45,0.3,dense,1.0,1.0,deterministic,20.0,0.1,0.95,False,4349.565242157727,434956.5242157727,820893.9893152826,52.985711903990804,385937.46509950986,0.29,0.51,0.3418567592144596,0.017790096904886497,0.02567691600006583,state_thompson,context_noise_refinement
global_ucb_tw,20262375,100,50,2,0.0,0.45,0.3,dense,1.0,1.0,deterministic,20.0,0.1,0.95,False,6662.977182747809,666297.7182747809,909658.1130823147,73.24704839019974,243360.39480753383,0.37,0.68,0.34298339921917875,0.017914029434245162,1.0678116669998872,global_ucb_tw_dense,context_noise_refinement
local_ucb_tw,20262273,100,50,2,0.0,0.45,0.3,dense,1.0,1.0,deterministic,20.0,0.1,0.95,False,6329.348719226171,632934.8719226171,870219.0830263821,72.73281915646392,237284.21110376506,0.44,0.74,0.3420526253475952,0.01789649411371155,1.1289840419999564,local_ucb_tw_dense,context_noise_refinement
exp4,20261396,100,50,2,0.0,0.45,0.3,dense,1.0,1.0,deterministic,20.0,0.1,0.95,False,7566.953758873371,756695.3758873371,900724.7873348037,84.0096094309071,144029.41144746658,0.57,0.82,0.3430604339331577,0.01788099256278092,1.1174549170000319,exp4_dense,context_noise_refinement
tw,20261246,100,50,2,0.0,0.45,0.3,dense,1.0,1.0,deterministic,20.0,0.1,0.95,False,5977.46100672556,597746.100672556,1013704.7566037235,58.96648869195612,415958.65593116754,0.38,0.55,0.3427221243649346,0.017912402058055613,1.1010850830000436,tw_dense,context_noise_refinement
tm_tw,20261566,100,50,2,0.0,0.45,0.3,dense,1.0,1.0,deterministic,20.0,0.1,0.95,False,7269.848905184093,726984.8905184093,944908.7200915836,76.93704958590578,217923.82957317424,0.51,0.73,0.3424496722890908,0.017897362941752492,1.11950591599998,tm_tw_dense,context_noise_refinement
tm_tw_refined,20262394,100,50,2,0.0,0.45,0.3,dense,1.0,1.0,deterministic,20.0,0.1,0.95,False,7260.942704872399,726094.2704872399,946528.5658033766,76.71128972964058,220434.29531613667,0.49,0.75,0.3443223669092745,0.017922136237438286,1.1144503329999225,tm_tw_refined_dense,context_noise_refinement
tw,20261458,100,50,2,0.0,0.45,0.3,offline,1.0,1.0,deterministic,20.0,0.1,0.95,False,6022.92923931611,602292.923931611,952798.2403323348,63.21306006206855,350505.31640072376,0.45,0.68,0.26923095254486007,0.014081901604674702,1.047515957999849,tw_offline,context_noise_refinement
tm_tw,20261778,100,50,2,0.0,0.45,0.3,offline,1.0,1.0,deterministic,20.0,0.1,0.95,False,5751.788228544802,575178.8228544802,864156.7787900529,66.55954532461291,288977.9559355726,0.46,0.77,0.2672620968210253,0.013996048384132993,1.0677780839998832,tm_tw_offline,context_noise_refinement
tm_tw_refined,20262606,100,50,2,0.0,0.45,0.3,offline,1.0,1.0,deterministic,20.0,0.1,0.95,False,6166.350238405063,616635.0238405062,870700.5976139111,70.8205582412999,254065.57377340493,0.49,0.76,0.2675994429880861,0.013990239531861293,1.0823906250000164,tm_tw_refined_offline,context_noise_refinement
tw,20262070,100,50,2,0.0,0.45,0.3,gated_offline,1.0,1.0,deterministic,20.0,0.1,0.95,False,5260.475049200735,526047.5049200736,1016934.3699444586,51.72875659112637,490886.86502438504,0.36,0.66,0.268959111176399,0.014025054445893213,1.0558478749999267,tw_gated_offline,context_noise_refinement
tm_tw,20262390,100,50,2,0.0,0.45,0.3,gated_offline,1.0,1.0,deterministic,20.0,0.1,0.95,False,5583.160943868583,558316.0943868583,892922.4455617713,62.526829419726425,334606.351174913,0.38,0.58,0.26778648160378354,0.01400726958067307,1.025116582999999,tm_tw_gated_offline,context_noise_refinement
tm_tw_refined,20263218,100,50,2,0.0,0.45,0.3,gated_offline,1.0,1.0,deterministic,20.0,0.1,0.95,False,6756.573351987144,675657.3351987144,941660.7675660718,71.75167092764187,266003.4323673574,0.53,0.78,0.2693576870649977,0.01408774321377773,1.0250581249999868,tm_tw_refined_gated_offline,context_noise_refinement
tw,20262350,100,50,2,0.0,0.45,0.3,support_offline,1.0,1.0,deterministic,20.0,0.1,0.95,True,7100.28835398231,710028.8353982309,978599.7502308191,72.55559131613909,268570.91483258817,0.56,0.76,0.09182212440247207,0.002427805804869935,0.9857252499998594,tw_support_offline,context_noise_refinement
tm_tw,20262670,100,50,2,0.0,0.45,0.3,support_offline,1.0,1.0,deterministic,20.0,0.1,0.95,True,5768.668060715497,576866.8060715497,859284.3131804962,67.13340360379375,282417.50710894656,0.46,0.77,0.09122717848463678,0.002485118099114732,1.0482852499999353,tm_tw_support_offline,context_noise_refinement
tm_tw_refined,20263498,100,50,2,0.0,0.45,0.3,support_offline,1.0,1.0,deterministic,20.0,0.1,0.95,True,6830.946175666059,683094.6175666059,933459.3757717124,73.17882655598974,250364.75820510648,0.54,0.73,0.0887567194889294,0.002465446629373498,1.060684666999805,tm_tw_refined_support_offline,context_noise_refinement
oracle,20261642,100,50,2,0.0,0.45,0.3,dense,1.0,1.0,deterministic,20.0,0.1,0.95,False,12083.2147053616,1208321.47053616,1384793.8023811316,87.2564181366547,176472.33184497152,0.72,0.88,0.3434026226831613,0.017961918062448966,0.025132333999863476,oracle,context_noise_refinement
state_thompson,20262540,100,50,2,0.0,0.45,0.3,dense,1.0,1.0,deterministic,20.0,0.1,0.95,False,4825.560191570411,482556.0191570411,1116112.861824223,43.235414236543306,633556.842667182,0.24,0.41,0.3441669614104375,0.017963255515077426,0.02769283399993583,state_thompson,context_noise_refinement
global_ucb_tw,20262376,100,50,2,0.0,0.45,0.3,dense,1.0,1.0,deterministic,20.0,0.1,0.95,False,7612.627564826631,761262.7564826631,1420147.0623336816,53.60450172193468,658884.3058510185,0.39,0.61,0.3416973340766851,0.01786382579687558,1.1178922080000575,global_ucb_tw_dense,context_noise_refinement
local_ucb_tw,20262274,100,50,2,0.0,0.45,0.3,dense,1.0,1.0,deterministic,20.0,0.1,0.95,False,6675.257766731517,667525.7766731518,1203216.3077281965,55.478451578961156,535690.5310550447,0.29,0.53,0.3439168753871622,0.017955344031538523,1.114749750000101,local_ucb_tw_dense,context_noise_refinement
exp4,20261397,100,50,2,0.0,0.45,0.3,dense,1.0,1.0,deterministic,20.0,0.1,0.95,False,5642.04143841751,564204.143841751,1235182.86573179,45.67778257735834,670978.7218900389,0.35,0.54,0.34177155788354985,0.01781536249479841,1.1194548339999528,exp4_dense,context_noise_refinement
tw,20261247,100,50,2,0.0,0.45,0.3,dense,1.0,1.0,deterministic,20.0,0.1,0.95,False,5670.746654472488,567074.6654472488,1045782.2391580988,54.22492792608231,478707.57371085,0.44,0.6,0.34446562135693004,0.01800017951650752,1.1056131249999908,tw_dense,context_noise_refinement
tm_tw,20261567,100,50,2,0.0,0.45,0.3,dense,1.0,1.0,deterministic,20.0,0.1,0.95,False,3654.981284413714,365498.12844137143,1021889.9887245796,35.76687632467654,656391.8602832081,0.21,0.44,0.34298981152147934,0.017913030069628688,1.1159324580000884,tm_tw_dense,context_noise_refinement
tm_tw_refined,20262395,100,50,2,0.0,0.45,0.3,dense,1.0,1.0,deterministic,20.0,0.1,0.95,False,6474.9734282212075,647497.3428221208,1209797.105883947,53.52115157764592,562299.7630618264,0.35,0.6,0.3475447169606272,0.01810472838140079,1.1153850419998435,tm_tw_refined_dense,context_noise_refinement
tw,20261459,100,50,2,0.0,0.45,0.3,offline,1.0,1.0,deterministic,20.0,0.1,0.95,False,7899.721909348359,789972.1909348359,1123791.3739879727,70.29527092128139,333819.1830531368,0.38,0.56,0.26845227053540316,0.014028244880776978,1.0506306249999398,tw_offline,context_noise_refinement
tm_tw,20261779,100,50,2,0.0,0.45,0.3,offline,1.0,1.0,deterministic,20.0,0.1,0.95,False,6260.340320121124,626034.0320121124,1112099.230275997,56.29300110717148,486065.1982638845,0.37,0.58,0.26899946492869603,0.01404772896751743,1.0666127499998765,tm_tw_offline,context_noise_refinement
tm_tw_refined,20262607,100,50,2,0.0,0.45,0.3,offline,1.0,1.0,deterministic,20.0,0.1,0.95,False,7506.573102062176,750657.3102062176,1142829.1264174615,65.68412484895066,392171.816211244,0.37,0.67,0.2651672594271734,0.01387472861185448,1.0585812500000884,tm_tw_refined_offline,context_noise_refinement
tw,20262071,100,50,2,0.0,0.45,0.3,gated_offline,1.0,1.0,deterministic,20.0,0.1,0.95,False,7903.187148867529,790318.7148867529,1374697.383737677,57.4903774631438,584378.6688509241,0.47,0.74,0.2672051426442355,0.013965205854740688,1.056425666999985,tw_gated_offline,context_noise_refinement
tm_tw,20262391,100,50,2,0.0,0.45,0.3,gated_offline,1.0,1.0,deterministic,20.0,0.1,0.95,False,7851.4223294604535,785142.2329460453,1332041.65003715,58.94276901357763,546899.4170911046,0.46,0.65,0.26705741392813004,0.013983039761052809,1.0724841670000842,tm_tw_gated_offline,context_noise_refinement
tm_tw_refined,20263219,100,50,2,0.0,0.45,0.3,gated_offline,1.0,1.0,deterministic,20.0,0.1,0.95,False,7341.8776565882645,734187.7656588265,1081042.6406847606,67.9147831942848,346854.8750259342,0.37,0.71,0.27078980724551543,0.014157249284194137,1.0741235830000733,tm_tw_refined_gated_offline,context_noise_refinement
tw,20262351,100,50,2,0.0,0.45,0.3,support_offline,1.0,1.0,deterministic,20.0,0.1,0.95,True,6142.951233597519,614295.1233597519,1172533.5928757666,52.390407156960514,558238.4695160147,0.36,0.56,0.0927859269068791,0.0025746406061233954,1.0290720419998252,tw_support_offline,context_noise_refinement
tm_tw,20262671,100,50,2,0.0,0.45,0.3,support_offline,1.0,1.0,deterministic,20.0,0.1,0.95,True,5450.668418379871,545066.8418379871,1169217.3798076082,46.61809268757846,624150.5379696211,0.41,0.64,0.09119228187353745,0.002236063887445733,1.043975084000067,tm_tw_support_offline,context_noise_refinement
tm_tw_refined,20263499,100,50,2,0.0,0.45,0.3,support_offline,1.0,1.0,deterministic,20.0,0.1,0.95,True,8175.467739624237,817546.7739624237,1141032.6217941144,71.64972835543874,323485.8478316907,0.39,0.69,0.09132996715072017,0.0024656880082975603,1.0694625000000997,tm_tw_refined_support_offline,context_noise_refinement
oracle,20261643,100,50,2,0.0,0.45,0.3,dense,1.0,1.0,deterministic,20.0,0.1,0.95,False,7753.299817160528,775329.9817160527,901297.8215169818,86.02372747457532,125967.83980092907,0.74,0.85,0.3440870973424739,0.017994493716214355,0.025393958999984534,oracle,context_noise_refinement
state_thompson,20262541,100,50,2,0.0,0.45,0.3,dense,1.0,1.0,deterministic,20.0,0.1,0.95,False,4973.602988887311,497360.2988887311,872111.906968304,57.02941272957613,374751.60807957285,0.35,0.56,0.34174543826470244,0.01781781871456068,0.027996833000088373,state_thompson,context_noise_refinement
global_ucb_tw,20262377,100,50,2,0.0,0.45,0.3,dense,1.0,1.0,deterministic,20.0,0.1,0.95,False,5264.713261614931,526471.3261614931,799850.405200933,65.82122391114329,273379.0790394399,0.35,0.71,0.34350988703465946,0.01799956265808852,1.1117297910000161,global_ucb_tw_dense,context_noise_refinement
local_ucb_tw,20262275,100,50,2,0.0,0.45,0.3,dense,1.0,1.0,deterministic,20.0,0.1,0.95,False,6681.6596698045205,668165.9669804521,921253.9066822053,72.52788423842657,253087.9397017532,0.48,0.65,0.3407168579944932,0.017804235860273604,1.112255500000174,local_ucb_tw_dense,context_noise_refinement
exp4,20261398,100,50,2,0.0,0.45,0.3,dense,1.0,1.0,deterministic,20.0,0.1,0.95,False,6844.995060964437,684499.5060964436,882601.378160332,77.55477422018014,198101.87206388835,0.5,0.79,0.3443067988789226,0.017936177771407512,1.1410213340000155,exp4_dense,context_noise_refinement
tw,20261248,100,50,2,0.0,0.45,0.3,dense,1.0,1.0,deterministic,20.0,0.1,0.95,False,4563.35819796742,456335.819796742,948985.8528373258,48.086683108327286,492650.0330405838,0.34,0.59,0.3390604178347255,0.017657146754178964,1.174249042000156,tw_dense,context_noise_refinement
tm_tw,20261568,100,50,2,0.0,0.45,0.3,dense,1.0,1.0,deterministic,20.0,0.1,0.95,False,4975.873798474455,497587.37984744547,830928.0000613745,59.883332829161176,333340.62021392904,0.36,0.65,0.34472295345764076,0.018040167412155587,1.1133795000000646,tm_tw_dense,context_noise_refinement
tm_tw_refined,20262396,100,50,2,0.0,0.45,0.3,dense,1.0,1.0,deterministic,20.0,0.1,0.95,False,7357.130484433891,735713.0484433891,815370.2832593484,90.23054476580398,79657.23481595924,0.58,0.83,0.34877174535691485,0.01819800586727674,1.1316127499999311,tm_tw_refined_dense,context_noise_refinement
tw,20261460,100,50,2,0.0,0.45,0.3,offline,1.0,1.0,deterministic,20.0,0.1,0.95,False,6724.5799756573015,672457.9975657301,889244.9345786006,75.62123453471203,216786.93701287045,0.49,0.71,0.26965309124207887,0.014110391195838467,1.0569678340000337,tw_offline,context_noise_refinement
tm_tw,20261780,100,50,2,0.0,0.45,0.3,offline,1.0,1.0,deterministic,20.0,0.1,0.95,False,4915.520144873368,491552.01448733674,872266.1317551872,56.35344496274644,380714.11726785044,0.44,0.67,0.26908716128749843,0.014058142178923063,1.064462082999853,tm_tw_offline,context_noise_refinement
tm_tw_refined,20262608,100,50,2,0.0,0.45,0.3,offline,1.0,1.0,deterministic,20.0,0.1,0.95,False,7855.2855154525405,785528.5515452541,888056.9804200676,88.45474658322988,102528.42887481349,0.69,0.84,0.26754035075002347,0.01398781698422721,1.0651344160000917,tm_tw_refined_offline,context_noise_refinement
tw,20262072,100,50,2,0.0,0.45,0.3,gated_offline,1.0,1.0,deterministic,20.0,0.1,0.95,False,5136.488999967624,513648.8999967624,918638.8789799638,55.914125969402335,404989.97898320144,0.38,0.61,0.2665647845966092,0.013927261595720865,1.086042167000187,tw_gated_offline,context_noise_refinement
tm_tw,20262392,100,50,2,0.0,0.45,0.3,gated_offline,1.0,1.0,deterministic,20.0,0.1,0.95,False,5699.182851778264,569918.2851778264,881354.7799332798,64.66388997413394,311436.49475545343,0.5,0.75,0.2705643745435576,0.014162472411823071,1.0783718340001087,tm_tw_gated_offline,context_noise_refinement
tm_tw_refined,20263220,100,50,2,0.0,0.45,0.3,gated_offline,1.0,1.0,deterministic,20.0,0.1,0.95,False,7684.06105740699,768406.105740699,857576.1190432346,89.60208763718616,89170.01330253563,0.61,0.83,0.26559950011463596,0.013891347469037427,1.075183417000062,tm_tw_refined_gated_offline,context_noise_refinement
tw,20262352,100,50,2,0.0,0.45,0.3,support_offline,1.0,1.0,deterministic,20.0,0.1,0.95,True,5549.041548841815,554904.1548841815,889304.13639791,62.397568185367724,334399.9815137285,0.42,0.75,0.09078421714505319,0.0024859194167412123,1.0342867920001027,tw_support_offline,context_noise_refinement
tm_tw,20262672,100,50,2,0.0,0.45,0.3,support_offline,1.0,1.0,deterministic,20.0,0.1,0.95,True,6084.57657731888,608457.657731888,923621.5585150104,65.8773771705979,315163.9007831224,0.51,0.75,0.09197971224836204,0.0025928948423529132,1.0468095839999023,tm_tw_support_offline,context_noise_refinement
tm_tw_refined,20263500,100,50,2,0.0,0.45,0.3,support_offline,1.0,1.0,deterministic,20.0,0.1,0.95,True,7342.7847472875355,734278.4747287536,910578.7493425843,80.63865703640512,176300.27461383073,0.57,0.78,0.08832624095377652,0.0024885641186525396,1.0508037080001031,tm_tw_refined_support_offline,context_noise_refinement
oracle,20261644,100,50,2,0.0,0.45,0.3,dense,1.0,1.0,deterministic,20.0,0.1,0.95,False,7716.6365186930225,771663.6518693023,931171.2207003796,82.87022136368176,159507.5688310773,0.7,0.85,0.34340030811453914,0.01795133846079354,0.024856291000105557,oracle,context_noise_refinement
state_thompson,20262542,100,50,2,0.0,0.45,0.3,dense,1.0,1.0,deterministic,20.0,0.1,0.95,False,3360.097244606861,336009.7244606861,849230.3932182175,39.56638000052658,513220.66875753144,0.27,0.46,0.34217079086270813,0.017906980598624472,0.02774187499994696,state_thompson,context_noise_refinement
global_ucb_tw,20262378,100,50,2,0.0,0.45,0.3,dense,1.0,1.0,deterministic,20.0,0.1,0.95,False,5229.42594239099,522942.59423909895,894433.4160094665,58.46635253993733,371490.82177036756,0.35,0.58,0.34277134404987275,0.01790827028723695,1.1121954999998707,global_ucb_tw_dense,context_noise_refinement
local_ucb_tw,20262276,100,50,2,0.0,0.45,0.3,dense,1.0,1.0,deterministic,20.0,0.1,0.95,False,4729.965325777058,472996.53257770574,831772.068412292,56.866123610110364,358775.5358345863,0.41,0.69,0.34022974818945256,0.01774507297825381,1.112073541999962,local_ucb_tw_dense,context_noise_refinement
exp4,20261399,100,50,2,0.0,0.45,0.3,dense,1.0,1.0,deterministic,20.0,0.1,0.95,False,4638.040354832057,463804.0354832057,820348.3120071031,56.53745228638805,356544.2765238974,0.39,0.62,0.3412330143867067,0.0177930009173619,1.123919750000141,exp4_dense,context_noise_refinement
tw,20261249,100,50,2,0.0,0.45,0.3,dense,1.0,1.0,deterministic,20.0,0.1,0.95,False,4843.5366443728535,484353.66443728533,888938.4258778853,54.48675075092565,404584.7614406,0.38,0.57,0.3416020586940272,0.017798670503512835,1.1038050419999763,tw_dense,context_noise_refinement
tm_tw,20261569,100,50,2,0.0,0.45,0.3,dense,1.0,1.0,deterministic,20.0,0.1,0.95,False,4191.536501877872,419153.65018778725,811175.3717173921,51.67238365488955,392021.72152960487,0.37,0.55,0.34271396335188004,0.017913086713809787,1.114811791999955,tm_tw_dense,context_noise_refinement
tm_tw_refined,20262397,100,50,2,0.0,0.45,0.3,dense,1.0,1.0,deterministic,20.0,0.1,0.95,False,4260.669662176694,426066.9662176694,748161.1107558503,56.94855828408717,322094.1445381809,0.41,0.72,0.3426658853946545,0.017902346077714733,1.12077158399984,tm_tw_refined_dense,context_noise_refinement
tw,20261461,100,50,2,0.0,0.45,0.3,offline,1.0,1.0,deterministic,20.0,0.1,0.95,False,3137.9522585150535,313795.22585150535,884351.1417808138,35.48310292443535,570555.9159293084,0.26,0.56,0.2653571276172142,0.013880153885731654,1.0556592499999624,tw_offline,context_noise_refinement
tm_tw,20261781,100,50,2,0.0,0.45,0.3,offline,1.0,1.0,deterministic,20.0,0.1,0.95,False,4498.669980573893,449866.9980573892,784832.7558838631,57.320109881341274,334965.75782647385,0.42,0.65,0.26997142030106386,0.014105700403924983,1.0627203330000157,tm_tw_offline,context_noise_refinement
tm_tw_refined,20262609,100,50,2,0.0,0.45,0.3,offline,1.0,1.0,deterministic,20.0,0.1,0.95,False,5335.737490641066,533573.7490641066,902103.4867567024,59.147731595899664,368529.7376925958,0.41,0.67,0.2696558447149186,0.014109433602950756,1.0662526670000716,tm_tw_refined_offline,context_noise_refinement
tw,20262073,100,50,2,0.0,0.45,0.3,gated_offline,1.0,1.0,deterministic,20.0,0.1,0.95,False,3118.1913180212805,311819.13180212805,780320.3409329993,39.96040029269233,468501.2091308712,0.3,0.59,0.2668448396616975,0.013953205356934045,1.0624091250001584,tw_gated_offline,context_noise_refinement
tm_tw,20262393,100,50,2,0.0,0.45,0.3,gated_offline,1.0,1.0,deterministic,20.0,0.1,0.95,False,4305.840204926803,430584.02049268037,891337.3742018163,48.30763669909658,460753.3537091359,0.39,0.65,0.2685765717931551,0.01402082921557032,1.0756056249999801,tm_tw_gated_offline,context_noise_refinement
tm_tw_refined,20263221,100,50,2,0.0,0.45,0.3,gated_offline,1.0,1.0,deterministic,20.0,0.1,0.95,False,6226.320891468193,622632.0891468193,885583.1771586264,70.30757869006956,262951.08801180706,0.44,0.69,0.2669857109979806,0.013930862859281084,1.078433417000042,tm_tw_refined_gated_offline,context_noise_refinement
tw,20262353,100,50,2,0.0,0.45,0.3,support_offline,1.0,1.0,deterministic,20.0,0.1,0.95,True,4923.312472008187,492331.2472008187,850403.6585846521,57.89382985724894,358072.41138383345,0.41,0.68,0.09410987703514771,0.0025858340992200063,1.0313447500000166,tw_support_offline,context_noise_refinement
tm_tw,20262673,100,50,2,0.0,0.45,0.3,support_offline,1.0,1.0,deterministic,20.0,0.1,0.95,True,6688.324447541128,668832.4447541129,913142.8756558915,73.24510354129461,244310.43090177863,0.5,0.71,0.09238638620244356,0.002516678292778389,1.0491769169998406,tm_tw_support_offline,context_noise_refinement
tm_tw_refined,20263501,100,50,2,0.0,0.45,0.3,support_offline,1.0,1.0,deterministic,20.0,0.1,0.95,True,4705.908668280101,470590.86682801007,851508.2062235799,55.265570359570596,380917.33939556987,0.35,0.67,0.09074315556164542,0.002390540019968352,1.0499776249998831,tm_tw_refined_support_offline,context_noise_refinement
oracle,20261645,100,50,2,0.0,0.45,0.3,dense,1.0,1.0,deterministic,20.0,0.1,0.95,False,8422.335595230745,842233.5595230744,1024758.2486733209,82.18851232604884,182524.68915024644,0.7,0.87,0.3405213577955808,0.017761427735055586,0.02519474999985505,oracle,context_noise_refinement
state_thompson,20262543,100,50,2,0.0,0.45,0.3,dense,1.0,1.0,deterministic,20.0,0.1,0.95,False,5066.513386372162,506651.33863721625,986432.0114521382,51.3620130688347,479780.67281492194,0.34,0.52,0.3393176939130144,0.017690604840356602,0.02768129199989744,state_thompson,context_noise_refinement
global_ucb_tw,20262379,100,50,2,0.0,0.45,0.3,dense,1.0,1.0,deterministic,20.0,0.1,0.95,False,4010.825050270275,401082.5050270275,989812.7768990913,40.521047453392974,588730.2718720639,0.3,0.51,0.34589775602558803,0.01801594552113948,1.1085902909999277,global_ucb_tw_dense,context_noise_refinement
local_ucb_tw,20262277,100,50,2,0.0,0.45,0.3,dense,1.0,1.0,deterministic,20.0,0.1,0.95,False,6542.45225425561,654245.225425561,935737.1075151071,69.91763179756109,281491.8820895462,0.44,0.68,0.34314801679002915,0.01784260754330214,1.1152585410000029,local_ucb_tw_dense,context_noise_refinement
exp4,20261400,100,50,2,0.0,0.45,0.3,dense,1.0,1.0,deterministic,20.0,0.1,0.95,False,7707.342918887658,770734.2918887658,977663.7676450084,78.83429021260618,206929.47575624264,0.56,0.76,0.3395075319815107,0.01775948043682717,1.135825000000068,exp4_dense,context_noise_refinement
tw,20261250,100,50,2,0.0,0.45,0.3,dense,1.0,1.0,deterministic,20.0,0.1,0.95,False,4477.673005841906,447767.30058419064,917520.3215598402,48.801894635201,469753.0209756496,0.35,0.57,0.3420678714725789,0.017893877211915526,1.1107735829998546,tw_dense,context_noise_refinement
tm_tw,20261570,100,50,2,0.0,0.45,0.3,dense,1.0,1.0,deterministic,20.0,0.1,0.95,False,5965.147109988219,596514.7109988219,957011.7217475178,62.3309722800027,360497.01074869593,0.32,0.55,0.3419434958518064,0.017838352028256326,1.1152602919999026,tm_tw_dense,context_noise_refinement
tm_tw_refined,20262398,100,50,2,0.0,0.45,0.3,dense,1.0,1.0,deterministic,20.0,0.1,0.95,False,7242.0383563321875,724203.8356332188,936060.4849300992,77.36720514244323,211856.64929688047,0.52,0.82,0.3417687111162626,0.01784240140553982,1.122114541999963,tm_tw_refined_dense,context_noise_refinement
tw,20261462,100,50,2,0.0,0.45,0.3,offline,1.0,1.0,deterministic,20.0,0.1,0.95,False,5924.5987528698615,592459.8752869861,987327.0850168141,60.0064440931342,394867.20972982794,0.3,0.58,0.27105093871128155,0.014180738106931537,1.0489105829999517,tw_offline,context_noise_refinement
tm_tw,20261782,100,50,2,0.0,0.45,0.3,offline,1.0,1.0,deterministic,20.0,0.1,0.95,False,4879.232318392614,487923.23183926137,943887.8093629156,51.692926532083185,455964.5775236542,0.37,0.6,0.27010021539875234,0.01414626506366245,1.0692290420001882,tm_tw_offline,context_noise_refinement
tm_tw_refined,20262610,100,50,2,0.0,0.45,0.3,offline,1.0,1.0,deterministic,20.0,0.1,0.95,False,7391.9393403837585,739193.9340383759,1069971.8024649457,69.08536583258167,330777.86842656985,0.51,0.78,0.26964249892471764,0.014122359261800426,1.0722990410001785,tm_tw_refined_offline,context_noise_refinement
tw,20262074,100,50,2,0.0,0.45,0.3,gated_offline,1.0,1.0,deterministic,20.0,0.1,0.95,False,5892.957313572356,589295.7313572356,984829.178472246,59.83735496864575,395533.44711501047,0.42,0.69,0.269129601722804,0.014089760635187912,1.0622146250000242,tw_gated_offline,context_noise_refinement
tm_tw,20262394,100,50,2,0.0,0.45,0.3,gated_offline,1.0,1.0,deterministic,20.0,0.1,0.95,False,6091.647012074074,609164.7012074074,980352.7720647859,62.13729573329051,371188.07085737854,0.43,0.65,0.2695196641547029,0.014101488842783304,1.0770081250000203,tm_tw_gated_offline,context_noise_refinement
tm_tw_refined,20263222,100,50,2,0.0,0.45,0.3,gated_offline,1.0,1.0,deterministic,20.0,0.1,0.95,False,7123.678270448341,712367.8270448342,936363.3301309186,76.0781423323395,223995.5030860845,0.47,0.77,0.26778933300866137,0.014001886207293488,1.088678790999893,tm_tw_refined_gated_offline,context_noise_refinement
tw,20262354,100,50,2,0.0,0.45,0.3,support_offline,1.0,1.0,deterministic,20.0,0.1,0.95,True,4842.551309694953,484255.1309694952,953892.5750761834,50.76621242500182,469637.4441066882,0.33,0.66,0.09266103604834063,0.0024645364413698073,1.0323756669999966,tw_support_offline,context_noise_refinement
tm_tw,20262674,100,50,2,0.0,0.45,0.3,support_offline,1.0,1.0,deterministic,20.0,0.1,0.95,True,4490.799365254102,449079.93652541016,919954.4355619086,48.81545424052572,470874.4990364985,0.3,0.59,0.0876413589036893,0.00242176535576837,1.0502855830000044,tm_tw_support_offline,context_noise_refinement
tm_tw_refined,20263502,100,50,2,0.0,0.45,0.3,support_offline,1.0,1.0,deterministic,20.0,0.1,0.95,True,7604.255380993338,760425.5380993338,951437.5513485934,79.92385175690049,191012.01324925967,0.63,0.84,0.09163094361885217,0.002439528250788387,1.046508625000115,tm_tw_refined_support_offline,context_noise_refinement
oracle,20261646,100,50,2,0.0,0.45,0.3,dense,1.0,1.0,deterministic,20.0,0.1,0.95,False,9033.665862942871,903366.5862942871,1094892.429519606,82.50733697105271,191525.84322531894,0.73,0.89,0.3417226369718769,0.01787799038819877,0.02490195800010042,oracle,context_noise_refinement
state_thompson,20262544,100,50,2,0.0,0.45,0.3,dense,1.0,1.0,deterministic,20.0,0.1,0.95,False,4063.8069963520807,406380.69963520806,1000554.5222503691,40.61554773858883,594173.8226151611,0.3,0.46,0.34459346348221304,0.017980339487591344,0.027970333999974173,state_thompson,context_noise_refinement
global_ucb_tw,20262380,100,50,2,0.0,0.45,0.3,dense,1.0,1.0,deterministic,20.0,0.1,0.95,False,3531.3110406996184,353131.1040699618,895302.8486553262,39.4426427437751,542171.7445853644,0.32,0.55,0.341293944290165,0.017840857488783012,1.1141432909998912,global_ucb_tw_dense,context_noise_refinement
local_ucb_tw,20262278,100,50,2,0.0,0.45,0.3,dense,1.0,1.0,deterministic,20.0,0.1,0.95,False,5591.297936010627,559129.7936010627,972977.8485556054,57.46582971350232,413848.05495454266,0.32,0.61,0.34551472843355135,0.018028014162029298,1.1138818330000504,local_ucb_tw_dense,context_noise_refinement
exp4,20261401,100,50,2,0.0,0.45,0.3,dense,1.0,1.0,deterministic,20.0,0.1,0.95,False,5131.187695438511,513118.769543851,930659.3512072825,55.134971660491686,417540.5816634315,0.33,0.61,0.3445973768186484,0.017978100479468618,1.1456183330001295,exp4_dense,context_noise_refinement
tw,20261251,100,50,2,0.0,0.45,0.3,dense,1.0,1.0,deterministic,20.0,0.1,0.95,False,2696.877433475134,269687.7433475134,1007389.2335707822,26.77095747704001,737701.4902232689,0.2,0.47,0.34115326785120487,0.017825625811313042,1.0982315830001426,tw_dense,context_noise_refinement
tm_tw,20261571,100,50,2,0.0,0.45,0.3,dense,1.0,1.0,deterministic,20.0,0.1,0.95,False,2470.5617033652097,247056.17033652097,878553.5122134624,28.120787965900668,631497.3418769414,0.18,0.36,0.34822913728933647,0.0181631799868456,1.1308519579999938,tm_tw_dense,context_noise_refinement
tm_tw_refined,20262399,100,50,2,0.0,0.45,0.3,dense,1.0,1.0,deterministic,20.0,0.1,0.95,False,5918.039303181954,591803.9303181954,957433.7196273674,61.81147772281564,365629.7893091721,0.41,0.65,0.34584001901796285,0.018089550665429437,1.0716068330000326,tm_tw_refined_dense,context_noise_refinement
tw,20261463,100,50,2,0.0,0.45,0.3,offline,1.0,1.0,deterministic,20.0,0.1,0.95,False,4002.631229006417,400263.1229006417,894342.3302902785,44.75502381406094,494079.20738963684,0.27,0.61,0.27019584146628234,0.014134034031872378,0.9998029579999184,tw_offline,context_noise_refinement
tm_tw,20261783,100,50,2,0.0,0.45,0.3,offline,1.0,1.0,deterministic,20.0,0.1,0.95,False,5399.697602637697,539969.7602637697,975846.1430916952,55.33349330592492,435876.3828279255,0.43,0.61,0.2693748738248972,0.014054220615208824,1.009275916999968,tm_tw_offline,context_noise_refinement
tm_tw_refined,20262611,100,50,2,0.0,0.45,0.3,offline,1.0,1.0,deterministic,20.0,0.1,0.95,False,7144.6094778517945,714460.9477851795,1023777.3656607912,69.78674971232977,309316.4178756117,0.5,0.78,0.2662816602546963,0.013937439837227247,1.0109492910000881,tm_tw_refined_offline,context_noise_refinement
tw,20262075,100,50,2,0.0,0.45,0.3,gated_offline,1.0,1.0,deterministic,20.0,0.1,0.95,False,5786.278457450575,578627.8457450574,1070179.9176488246,54.06827732446124,491552.0719037672,0.38,0.64,0.2650808491192758,0.013863184525897637,1.0139156660000026,tw_gated_offline,context_noise_refinement
tm_tw,20262395,100,50,2,0.0,0.45,0.3,gated_offline,1.0,1.0,deterministic,20.0,0.1,0.95,False,4485.313374098046,448531.3374098046,1117094.6137438687,40.15159789434321,668563.2763340641,0.3,0.56,0.2680098035797742,0.014019360401987214,1.022116540999832,tm_tw_gated_offline,context_noise_refinement
tm_tw_refined,20263223,100,50,2,0.0,0.45,0.3,gated_offline,1.0,1.0,deterministic,20.0,0.1,0.95,False,5963.208956255148,596320.8956255148,995345.863143968,59.91092319828753,399024.96751845325,0.44,0.61,0.2687600068216024,0.014054759950286152,1.0187423749998743,tm_tw_refined_gated_offline,context_noise_refinement
tw,20262355,100,50,2,0.0,0.45,0.3,support_offline,1.0,1.0,deterministic,20.0,0.1,0.95,True,3196.093902973571,319609.3902973571,917868.0548212621,34.82084256212568,598258.664523905,0.25,0.49,0.09290476099473446,0.0025175997296435068,1.021962958999893,tw_support_offline,context_noise_refinement
tm_tw,20262675,100,50,2,0.0,0.45,0.3,support_offline,1.0,1.0,deterministic,20.0,0.1,0.95,True,6266.302498839767,626630.2498839768,915004.2132172267,68.48386497376832,288373.9633332499,0.39,0.66,0.08906815904017791,0.0024869876383216013,0.9952901660001316,tm_tw_support_offline,context_noise_refinement
tm_tw_refined,20263503,100,50,2,0.0,0.45,0.3,support_offline,1.0,1.0,deterministic,20.0,0.1,0.95,True,6907.274157767517,690727.4157767517,1094821.1507195933,63.09043402411043,404093.7349428416,0.44,0.73,0.09447294635460178,0.0024289722743355505,0.9934519169999021,tm_tw_refined_support_offline,context_noise_refinement
oracle,20261647,100,50,2,0.0,0.45,0.3,dense,1.0,1.0,deterministic,20.0,0.1,0.95,False,10422.830735929363,1042283.0735929364,1155194.2936416534,90.22578100755901,112911.22004871699,0.74,0.91,0.34526786975074364,0.018011496545105574,0.024030791000086538,oracle,context_noise_refinement
state_thompson,20262545,100,50,2,0.0,0.45,0.3,dense,1.0,1.0,deterministic,20.0,0.1,0.95,False,6987.483931819584,698748.3931819584,1163989.570323838,60.030468570913136,465241.17714187957,0.39,0.6,0.34164003432462914,0.01787289399512214,0.026412124999978914,state_thompson,context_noise_refinement
global_ucb_tw,20262381,100,50,2,0.0,0.45,0.3,dense,1.0,1.0,deterministic,20.0,0.1,0.95,False,6877.016882171687,687701.6882171687,1069492.9187850996,64.30165886449906,381791.23056793096,0.53,0.72,0.3429168988508135,0.017941497541779844,1.0976297090001026,global_ucb_tw_dense,context_noise_refinement
local_ucb_tw,20262279,100,50,2,0.0,0.45,0.3,dense,1.0,1.0,deterministic,20.0,0.1,0.95,False,5003.808986884502,500380.8986884502,1088695.610615151,45.96150602698927,588314.7119267008,0.33,0.63,0.34065476639520154,0.017796861210086914,1.1370938340000976,local_ucb_tw_dense,context_noise_refinement
exp4,20261402,100,50,2,0.0,0.45,0.3,dense,1.0,1.0,deterministic,20.0,0.1,0.95,False,4903.407798807317,490340.7798807317,1100108.5599317742,44.572035682654935,609767.7800510424,0.32,0.57,0.34208197191984485,0.01789076973105104,1.1350889999998799,exp4_dense,context_noise_refinement
tw,20261252,100,50,2,0.0,0.45,0.3,dense,1.0,1.0,deterministic,20.0,0.1,0.95,False,6751.142457886571,675114.2457886571,1112507.8671337925,60.68399745594486,437393.6213451354,0.42,0.67,0.3428588441497653,0.01790314991493691,1.0890157919998273,tw_dense,context_noise_refinement
tm_tw,20261572,100,50,2,0.0,0.45,0.3,dense,1.0,1.0,deterministic,20.0,0.1,0.95,False,5906.009690693406,590600.9690693406,1077348.9130653848,54.819841734364545,486747.9439960442,0.38,0.66,0.34694017489856877,0.018106910083930408,1.1394968750000771,tm_tw_dense,context_noise_refinement
tm_tw_refined,20262400,100,50,2,0.0,0.45,0.3,dense,1.0,1.0,deterministic,20.0,0.1,0.95,False,6622.762245859916,662276.2245859916,1065823.9725692824,62.137486267033765,403547.7479832908,0.41,0.7,0.3498395841343903,0.018218760715225865,1.1522937919999094,tm_tw_refined_dense,context_noise_refinement
tw,20261464,100,50,2,0.0,0.45,0.3,offline,1.0,1.0,deterministic,20.0,0.1,0.95,False,4469.249680737351,446924.96807373513,1077568.705690861,41.4753106426934,630643.7376171259,0.34,0.62,0.2683850758043543,0.014045217733458102,1.0104595830000562,tw_offline,context_noise_refinement
tm_tw,20261784,100,50,2,0.0,0.45,0.3,offline,1.0,1.0,deterministic,20.0,0.1,0.95,False,4892.7446883151515,489274.4688315152,1088796.1768769098,44.937195704979814,599521.7080453946,0.34,0.58,0.26592849015562825,0.013927741244115688,1.0165657919999376,tm_tw_offline,context_noise_refinement
tm_tw_refined,20262612,100,50,2,0.0,0.45,0.3,offline,1.0,1.0,deterministic,20.0,0.1,0.95,False,7215.107068091447,721510.7068091447,1157813.5983340363,62.31665510297319,436302.8915248916,0.42,0.7,0.2678662956590798,0.014002988276486484,1.014803540999992,tm_tw_refined_offline,context_noise_refinement
tw,20262076,100,50,2,0.0,0.45,0.3,gated_offline,1.0,1.0,deterministic,20.0,0.1,0.95,False,4816.286522482549,481628.6522482549,1132157.8616243273,42.54076825975961,650529.2093760723,0.36,0.6,0.26849288062470456,0.013995265290849376,1.0271115419998296,tw_gated_offline,context_noise_refinement
tm_tw,20262396,100,50,2,0.0,0.45,0.3,gated_offline,1.0,1.0,deterministic,20.0,0.1,0.95,False,6228.8226327118555,622882.2632711856,985462.637921581,63.20709069040849,362580.3746503955,0.42,0.63,0.26821232583246946,0.014010541403450262,1.0219996669998181,tm_tw_gated_offline,context_noise_refinement
tm_tw_refined,20263224,100,50,2,0.0,0.45,0.3,gated_offline,1.0,1.0,deterministic,20.0,0.1,0.95,False,7917.578128469109,791757.8128469109,1062927.4724690607,74.48841368336701,271169.6596221498,0.51,0.78,0.26895791385419254,0.014074679616321374,1.0174124170000596,tm_tw_refined_gated_offline,context_noise_refinement
tw,20262356,100,50,2,0.0,0.45,0.3,support_offline,1.0,1.0,deterministic,20.0,0.1,0.95,True,3799.9887645195004,379998.87645195005,1017735.5266219346,37.33768415388244,637736.6501699846,0.28,0.46,0.09245066067671125,0.002507888148228339,0.9812576670001363,tw_support_offline,context_noise_refinement
tm_tw,20262676,100,50,2,0.0,0.45,0.3,support_offline,1.0,1.0,deterministic,20.0,0.1,0.95,True,4694.467228930631,469446.7228930631,1155812.2373709376,40.61617516361375,686365.5144778745,0.28,0.57,0.09386936086415687,0.0024910357077974877,1.0694025420000344,tm_tw_support_offline,context_noise_refinement
tm_tw_refined,20263504,100,50,2,0.0,0.45,0.3,support_offline,1.0,1.0,deterministic,20.0,0.1,0.95,True,6211.120258129885,621112.0258129885,1090559.8556472282,56.95350168967749,469447.8298342397,0.43,0.66,0.09411995580257168,0.002394321988896152,1.487459082999976,tm_tw_refined_support_offline,context_noise_refinement
oracle,20261648,100,50,2,0.0,0.45,0.3,dense,1.0,1.0,deterministic,20.0,0.1,0.95,False,8586.637959495572,858663.7959495572,1016975.8271790689,84.43305858422964,158312.03122951172,0.76,0.92,0.34524655607803123,0.018026882026040105,0.027605708000010054,oracle,context_noise_refinement
state_thompson,20262546,100,50,2,0.0,0.45,0.3,dense,1.0,1.0,deterministic,20.0,0.1,0.95,False,4860.75562176335,486075.56217633496,976152.1648363663,49.79506061514666,490076.60266003135,0.32,0.51,0.3433785984421239,0.01787724484434775,0.029956458000015118,state_thompson,context_noise_refinement
global_ucb_tw,20262382,100,50,2,0.0,0.45,0.3,dense,1.0,1.0,deterministic,20.0,0.1,0.95,False,4048.4450002651956,404844.5000265196,964477.8592857011,41.975509974521366,559633.3592591814,0.3,0.5,0.3429197748724184,0.017889395526945524,1.2516231660001722,global_ucb_tw_dense,context_noise_refinement
local_ucb_tw,20262280,100,50,2,0.0,0.45,0.3,dense,1.0,1.0,deterministic,20.0,0.1,0.95,False,6209.144011358801,620914.4011358802,936539.9863412976,66.2987603510187,315625.5852054175,0.43,0.67,0.34223207000963257,0.01785728230028502,1.3963622500000383,local_ucb_tw_dense,context_noise_refinement
exp4,20261403,100,50,2,0.0,0.45,0.3,dense,1.0,1.0,deterministic,20.0,0.1,0.95,False,5298.523286516267,529852.3286516267,946440.454215998,55.98369409204302,416588.12556437124,0.39,0.65,0.3459358386976088,0.01801629442378759,1.2248074999999972,exp4_dense,context_noise_refinement
tw,20261253,100,50,2,0.0,0.45,0.3,dense,1.0,1.0,deterministic,20.0,0.1,0.95,False,4666.370640747188,466637.0640747188,944768.0706548115,49.39170560149183,478131.00658009265,0.27,0.49,0.3413490181703235,0.017832196943120965,1.3849049579998791,tw_dense,context_noise_refinement
tm_tw,20261573,100,50,2,0.0,0.45,0.3,dense,1.0,1.0,deterministic,20.0,0.1,0.95,False,5973.318738807692,597331.8738807692,908804.2028585778,65.72723497557615,311472.3289778086,0.43,0.72,0.3446020067128115,0.01801059411930189,1.064147875000117,tm_tw_dense,context_noise_refinement
tm_tw_refined,20262401,100,50,2,0.0,0.45,0.3,dense,1.0,1.0,deterministic,20.0,0.1,0.95,False,7949.148766453648,794914.8766453648,970108.428609572,81.94082776754068,175193.5519642072,0.64,0.84,0.3458347548491558,0.018056882178466495,1.0586734999999408,tm_tw_refined_dense,context_noise_refinement
tw,20261465,100,50,2,0.0,0.45,0.3,offline,1.0,1.0,deterministic,20.0,0.1,0.95,False,5162.638313753379,516263.8313753379,922970.7678324736,55.93501434370929,406706.9364571357,0.35,0.64,0.26770794804488246,0.013987127906238617,1.0328026249999311,tw_offline,context_noise_refinement
tm_tw,20261785,100,50,2,0.0,0.45,0.3,offline,1.0,1.0,deterministic,20.0,0.1,0.95,False,4637.4022774280575,463740.2277428057,924965.930771468,50.135925261163194,461225.70302866225,0.27,0.6,0.26666890435859286,0.013941473390731438,1.0821347090000017,tm_tw_offline,context_noise_refinement
tm_tw_refined,20262613,100,50,2,0.0,0.45,0.3,offline,1.0,1.0,deterministic,20.0,0.1,0.95,False,7419.250721976233,741925.0721976233,895642.9347387111,82.83714898215186,153717.8625410878,0.59,0.79,0.2699913678426341,0.014120702341695815,1.1195577500000127,tm_tw_refined_offline,context_noise_refinement
tw,20262077,100,50,2,0.0,0.45,0.3,gated_offline,1.0,1.0,deterministic,20.0,0.1,0.95,False,5357.064229605117,535706.4229605118,912981.2448989922,58.67660764704752,377274.8219384805,0.35,0.61,0.2687417286907854,0.01405742589924867,1.1017067499999484,tw_gated_offline,context_noise_refinement
tm_tw,20262397,100,50,2,0.0,0.45,0.3,gated_offline,1.0,1.0,deterministic,20.0,0.1,0.95,False,6268.7664248496585,626876.6424849659,918015.3470315847,68.28607435725122,291138.70454661886,0.44,0.75,0.2684568650292976,0.01406132931078837,1.062960417000113,tm_tw_gated_offline,context_noise_refinement
tm_tw_refined,20263225,100,50,2,0.0,0.45,0.3,gated_offline,1.0,1.0,deterministic,20.0,0.1,0.95,False,7334.391918003966,733439.1918003965,944262.3357104863,77.6732444007246,210823.14391008974,0.53,0.82,0.2677682615559129,0.014013360979977478,1.0716943750001064,tm_tw_refined_gated_offline,context_noise_refinement
tw,20262357,100,50,2,0.0,0.45,0.3,support_offline,1.0,1.0,deterministic,20.0,0.1,0.95,True,5611.436749014262,561143.6749014262,910660.3275683245,61.619426905288684,349516.6526668983,0.37,0.65,0.08829913265890285,0.0021834401478778706,1.0172705420000057,tw_support_offline,context_noise_refinement
tm_tw,20262677,100,50,2,0.0,0.45,0.3,support_offline,1.0,1.0,deterministic,20.0,0.1,0.95,True,4222.032150471863,422203.2150471863,926571.2969865538,45.56618755839932,504368.0819393675,0.28,0.52,0.08847782765398851,0.0023751048213137738,1.0185254170000917,tm_tw_support_offline,context_noise_refinement
tm_tw_refined,20263505,100,50,2,0.0,0.45,0.3,support_offline,1.0,1.0,deterministic,20.0,0.1,0.95,True,6677.976200781259,667797.6200781259,900353.4277596707,74.1706089507308,232555.8076815448,0.51,0.74,0.0918918398698383,0.002481929636779101,1.0402534160000414,tm_tw_refined_support_offline,context_noise_refinement
oracle,20261649,100,50,2,0.0,0.45,0.3,dense,1.0,1.0,deterministic,20.0,0.1,0.95,False,11850.553583541925,1185055.3583541925,1370218.3607638755,86.48660624380646,185163.00240968307,0.72,0.87,0.3462085876861604,0.018089628232335033,0.025518540999883044,oracle,context_noise_refinement
state_thompson,20262547,100,50,2,0.0,0.45,0.3,dense,1.0,1.0,deterministic,20.0,0.1,0.95,False,4508.6972841767765,450869.72841767763,1058757.331762348,42.58480341922971,607887.6033446705,0.25,0.42,0.34421970140499203,0.018008491171094716,0.027691666000009718,state_thompson,context_noise_refinement
global_ucb_tw,20262383,100,50,2,0.0,0.45,0.3,dense,1.0,1.0,deterministic,20.0,0.1,0.95,False,5516.8653311589,551686.53311589,1195703.3373767713,46.139081147521395,644016.8042608813,0.35,0.57,0.3418054511218946,0.017891783092372444,1.2034880000001067,global_ucb_tw_dense,context_noise_refinement
local_ucb_tw,20262281,100,50,2,0.0,0.45,0.3,dense,1.0,1.0,deterministic,20.0,0.1,0.95,False,8365.95909697994,836595.909697994,1246065.602341078,67.13899397641808,409469.692643084,0.41,0.62,0.3396463704484495,0.017770895196427907,1.210357208000005,local_ucb_tw_dense,context_noise_refinement
exp4,20261404,100,50,2,0.0,0.45,0.3,dense,1.0,1.0,deterministic,20.0,0.1,0.95,False,9917.932351725138,991793.2351725138,1270600.1049555894,78.05707171786983,278806.86978307564,0.6,0.79,0.34385126279374073,0.01795102924460212,1.2674936670000534,exp4_dense,context_noise_refinement
tw,20261254,100,50,2,0.0,0.45,0.3,dense,1.0,1.0,deterministic,20.0,0.1,0.95,False,7041.890522947902,704189.0522947903,1095190.4803540919,64.29831750063379,391001.4280593016,0.47,0.61,0.34681655800166183,0.018065227190092546,1.1364174580000963,tw_dense,context_noise_refinement
tm_tw,20261574,100,50,2,0.0,0.45,0.3,dense,1.0,1.0,deterministic,20.0,0.1,0.95,False,6430.084623598033,643008.4623598034,959671.1033682312,67.00300343555071,316662.64100842783,0.42,0.56,0.3434818885032513,0.017941471517560766,1.3052024589999291,tm_tw_dense,context_noise_refinement
tm_tw_refined,20262402,100,50,2,0.0,0.45,0.3,dense,1.0,1.0,deterministic,20.0,0.1,0.95,False,8492.024513539578,849202.4513539578,1038128.8695646288,81.80125572561111,188926.41821067105,0.56,0.76,0.34138433375141575,0.017793136679265922,1.0989403749999838,tm_tw_refined_dense,context_noise_refinement
tw,20261466,100,50,2,0.0,0.45,0.3,offline,1.0,1.0,deterministic,20.0,0.1,0.95,False,6588.2342626659165,658823.4262665916,1305825.601050669,50.452635155605876,647002.1747840774,0.39,0.52,0.2706446223774373,0.014159606281718466,1.1198795420000351,tw_offline,context_noise_refinement
tm_tw,20261786,100,50,2,0.0,0.45,0.3,offline,1.0,1.0,deterministic,20.0,0.1,0.95,False,5254.682858592401,525468.2858592401,1071325.6117423845,49.04842002280035,545857.3258831444,0.24,0.45,0.2668053333988258,0.013981519112100039,1.2291588340001454,tm_tw_offline,context_noise_refinement
tm_tw_refined,20262614,100,50,2,0.0,0.45,0.3,offline,1.0,1.0,deterministic,20.0,0.1,0.95,False,9883.893536548067,988389.3536548066,1258969.4921744152,78.50780815567826,270580.13851960853,0.6,0.77,0.2697590933487807,0.014121441233758638,1.087533791999931,tm_tw_refined_offline,context_noise_refinement
tw,20262078,100,50,2,0.0,0.45,0.3,gated_offline,1.0,1.0,deterministic,20.0,0.1,0.95,False,8611.524264481834,861152.4264481834,1283455.547003009,67.09639679060614,422303.1205548255,0.47,0.69,0.26800475937563356,0.014026550851449817,1.2416245409999647,tw_gated_offline,context_noise_refinement
tm_tw,20262398,100,50,2,0.0,0.45,0.3,gated_offline,1.0,1.0,deterministic,20.0,0.1,0.95,False,7098.333480946583,709833.3480946583,1208264.8226973675,58.74815973786315,498431.4746027092,0.43,0.62,0.2662634362356705,0.01392941029958605,1.1278722079998715,tm_tw_gated_offline,context_noise_refinement
tm_tw_refined,20263226,100,50,2,0.0,0.45,0.3,gated_offline,1.0,1.0,deterministic,20.0,0.1,0.95,False,10483.736160065693,1048373.6160065692,1229530.4981373565,85.26617416930887,181156.88213078724,0.6,0.77,0.26610704438409943,0.013920535994093137,1.3203951250000046,tm_tw_refined_gated_offline,context_noise_refinement
tw,20262358,100,50,2,0.0,0.45,0.3,support_offline,1.0,1.0,deterministic,20.0,0.1,0.95,True,5996.736246574587,599673.6246574587,1130206.237407886,53.05877854937368,530532.6127504272,0.39,0.64,0.0865298724284808,0.0023518382459112937,0.985738665999861,tw_support_offline,context_noise_refinement
tm_tw,20262678,100,50,2,0.0,0.45,0.3,support_offline,1.0,1.0,deterministic,20.0,0.1,0.95,True,4342.889152997762,434288.9152997762,1103635.3072287107,39.350763105821585,669346.3919289345,0.22,0.37,0.09749095080938601,0.002639973491311584,0.998462833000076,tm_tw_support_offline,context_noise_refinement
tm_tw_refined,20263506,100,50,2,0.0,0.45,0.3,support_offline,1.0,1.0,deterministic,20.0,0.1,0.95,True,8379.342613189936,837934.2613189935,1136841.8848119625,73.70719468676074,298907.62349296897,0.46,0.68,0.08940417625038022,0.0022813760165561934,0.9973481669999273,tm_tw_refined_support_offline,context_noise_refinement
oracle,20261640,100,100,2,0.0,0.45,0.0,dense,1.0,1.0,deterministic,20.0,0.1,0.95,False,9995.970744474618,999597.0744474619,999597.0744474619,100.0,0.0,1.0,1.0,0.3600573528008398,0.009213302858705662,0.0217584590000115,oracle,context_noise_refinement
state_thompson,20262538,100,100,2,0.0,0.45,0.0,dense,1.0,1.0,deterministic,20.0,0.1,0.95,False,3277.3705705736024,327737.05705736025,839800.1720320181,39.02560013346425,512063.11497465783,0.2,0.48,0.3619380038295112,0.009259528815372111,0.025079041000026336,state_thompson,context_noise_refinement
global_ucb_tw,20262374,100,100,2,0.0,0.45,0.0,dense,1.0,1.0,deterministic,20.0,0.1,0.95,False,4483.837208894569,448383.72088945686,943307.0865401834,47.533165740757575,494923.36565072654,0.34,0.59,0.36061611127243276,0.009227339989890632,3.2986421670000254,global_ucb_tw_dense,context_noise_refinement
local_ucb_tw,20262272,100,100,2,0.0,0.45,0.0,dense,1.0,1.0,deterministic,20.0,0.1,0.95,False,4433.342150159158,443334.21501591586,858429.4902133069,51.64480252254078,415095.275197391,0.31,0.58,0.36109789280091353,0.009239524346736801,3.392702791999909,local_ucb_tw_dense,context_noise_refinement
exp4,20261395,100,100,2,0.0,0.45,0.0,dense,1.0,1.0,deterministic,20.0,0.1,0.95,False,6442.542170452697,644254.2170452697,850902.610980933,75.71421320502989,206648.39393566328,0.44,0.71,0.3616147209107045,0.009251122653050762,3.278589208000085,exp4_dense,context_noise_refinement
tw,20261245,100,100,2,0.0,0.45,0.0,dense,1.0,1.0,deterministic,20.0,0.1,0.95,False,3944.651764906128,394465.1764906128,858357.0558752189,45.955837817212156,463891.87938460615,0.26,0.49,0.36073384264027675,0.009228327118755817,3.3570343330000014,tw_dense,context_noise_refinement
tm_tw,20261565,100,100,2,0.0,0.45,0.0,dense,1.0,1.0,deterministic,20.0,0.1,0.95,False,5946.749451361623,594674.9451361623,929835.8475366544,63.95483102868005,335160.9024004921,0.41,0.58,0.3599778736030205,0.009210918365602743,3.2972891249999066,tm_tw_dense,context_noise_refinement
tm_tw_refined,20262393,100,100,2,0.0,0.45,0.0,dense,1.0,1.0,deterministic,20.0,0.1,0.95,False,6174.7004272005815,617470.0427200581,894309.0247284436,69.04437120128051,276838.9820083855,0.5,0.71,0.3617474436780159,0.00925242234219979,3.5390174579999893,tm_tw_refined_dense,context_noise_refinement
tw,20261457,100,100,2,0.0,0.45,0.0,offline,1.0,1.0,deterministic,20.0,0.1,0.95,False,4983.04540196643,498304.54019664304,926770.473791793,53.767848058201245,428465.93359514995,0.31,0.6,0.30742449794439464,0.007866223633469463,3.337904625000192,tw_offline,context_noise_refinement
tm_tw,20261777,100,100,2,0.0,0.45,0.0,offline,1.0,1.0,deterministic,20.0,0.1,0.95,False,3434.4564937101886,343445.64937101887,865083.3317597439,39.70087467439526,521637.682388725,0.18,0.48,0.30690223794903293,0.00785308048935166,3.4395146249999016,tm_tw_offline,context_noise_refinement
tm_tw_refined,20262605,100,100,2,0.0,0.45,0.0,offline,1.0,1.0,deterministic,20.0,0.1,0.95,False,6068.683883779017,606868.3883779017,886750.5380759129,68.43732958929978,279882.1496980111,0.46,0.74,0.3074413128255321,0.007863872977108482,3.2496383329998935,tm_tw_refined_offline,context_noise_refinement
tw,20262069,100,100,2,0.0,0.45,0.0,gated_offline,1.0,1.0,deterministic,20.0,0.1,0.95,False,3357.942322780511,335794.2322780511,898378.8618740623,37.37779755609653,562584.6295960112,0.2,0.42,0.3071849193117919,0.007860369031174758,3.298367917000178,tw_gated_offline,context_noise_refinement
tm_tw,20262389,100,100,2,0.0,0.45,0.0,gated_offline,1.0,1.0,deterministic,20.0,0.1,0.95,False,4774.172909636426,477417.29096364265,883348.3604981396,54.046321056668575,405931.069534497,0.34,0.57,0.3074882568196846,0.0078670230274238,3.3627124579998053,tm_tw_gated_offline,context_noise_refinement
tm_tw_refined,20263217,100,100,2,0.0,0.45,0.0,gated_offline,1.0,1.0,deterministic,20.0,0.1,0.95,False,6834.368491514972,683436.8491514972,898942.2337773939,76.02678164086987,215505.3846258967,0.54,0.76,0.3074206100541827,0.007866351671391013,3.2598699160000706,tm_tw_refined_gated_offline,context_noise_refinement
tw,20262349,100,100,2,0.0,0.45,0.0,support_offline,1.0,1.0,deterministic,20.0,0.1,0.95,True,5839.304533916259,583930.4533916259,951462.9108713046,61.37185661361094,367532.4574796787,0.43,0.64,0.07066191403621727,4.299020200675067e-07,3.1075216249998903,tw_support_offline,context_noise_refinement
tm_tw,20262669,100,100,2,0.0,0.45,0.0,support_offline,1.0,1.0,deterministic,20.0,0.1,0.95,True,3941.2548782009135,394125.48782009137,943008.2010586299,41.794492070974826,548882.7132385385,0.25,0.44,0.06748006207159606,4.2880125673846305e-07,3.148579874999996,tm_tw_support_offline,context_noise_refinement
tm_tw_refined,20263497,100,100,2,0.0,0.45,0.0,support_offline,1.0,1.0,deterministic,20.0,0.1,0.95,True,4784.09546687028,478409.54668702796,801640.8513032044,59.67878831390533,323231.30461617647,0.39,0.71,0.06786636354469999,4.300545879493329e-07,3.261240166000107,tm_tw_refined_support_offline,context_noise_refinement
oracle,20261641,100,100,2,0.0,0.45,0.0,dense,1.0,1.0,deterministic,20.0,0.1,0.95,False,13201.43769509775,1320143.7695097749,1320143.7695097749,100.0,0.0,1.0,1.0,0.35992906877208763,0.009209898881864425,0.022760874999903535,oracle,context_noise_refinement
state_thompson,20262539,100,100,2,0.0,0.45,0.0,dense,1.0,1.0,deterministic,20.0,0.1,0.95,False,8622.63421111243,862263.4211112431,1278491.7781750367,67.4437986877059,416228.3570637936,0.38,0.53,0.36057275344248735,0.009225559861399052,0.02818141700004162,state_thompson,context_noise_refinement
global_ucb_tw,20262375,100,100,2,0.0,0.45,0.0,dense,1.0,1.0,deterministic,20.0,0.1,0.95,False,8017.953928537217,801795.3928537216,1191663.6438884283,67.28370014188259,389868.2510347067,0.41,0.62,0.3615400149463209,0.00924983090000269,3.4449165840001115,global_ucb_tw_dense,context_noise_refinement
local_ucb_tw,20262273,100,100,2,0.0,0.45,0.0,dense,1.0,1.0,deterministic,20.0,0.1,0.95,False,6323.387586738564,632338.7586738564,1050286.3934371385,60.20631730784228,417947.63476328214,0.38,0.64,0.36151378123542993,0.009249132523118476,3.6607967089998965,local_ucb_tw_dense,context_noise_refinement
exp4,20261396,100,100,2,0.0,0.45,0.0,dense,1.0,1.0,deterministic,20.0,0.1,0.95,False,10666.508458952123,1066650.8458952124,1168588.644213823,91.27684503667328,101937.79831861053,0.61,0.79,0.3611414561701998,0.009238189860837421,3.7221993749999456,exp4_dense,context_noise_refinement
tw,20261246,100,100,2,0.0,0.45,0.0,dense,1.0,1.0,deterministic,20.0,0.1,0.95,False,6235.688890301765,623568.8890301766,1173816.5669746755,53.123197148028474,550247.677944499,0.35,0.53,0.361007257063195,0.00923547754571805,3.7321629589998793,tw_dense,context_noise_refinement
tm_tw,20261566,100,100,2,0.0,0.45,0.0,dense,1.0,1.0,deterministic,20.0,0.1,0.95,False,6415.573233818295,641557.3233818295,1241712.7285103276,51.66712949391285,600155.4051284981,0.34,0.53,0.35948487366957593,0.009198514850276302,3.4808016669999233,tm_tw_dense,context_noise_refinement
tm_tw_refined,20262394,100,100,2,0.0,0.45,0.0,dense,1.0,1.0,deterministic,20.0,0.1,0.95,False,10410.878636973137,1041087.8636973137,1131953.0878988067,91.97270406584057,90865.22420149297,0.55,0.79,0.36127292680599293,0.009244407490702555,3.564970832999961,tm_tw_refined_dense,context_noise_refinement
tw,20261458,100,100,2,0.0,0.45,0.0,offline,1.0,1.0,deterministic,20.0,0.1,0.95,False,4892.088837929073,489208.88379290723,1147363.6665473583,42.637648206608496,658154.782754451,0.3,0.55,0.3072175552620291,0.007860994915464404,3.0520371669999804,tw_offline,context_noise_refinement
tm_tw,20261778,100,100,2,0.0,0.45,0.0,offline,1.0,1.0,deterministic,20.0,0.1,0.95,False,5617.937453591522,561793.7453591522,1162556.3263189667,48.32400225612937,600762.5809598145,0.27,0.5,0.3073509425128396,0.007864628496687705,3.185557416000165,tm_tw_offline,context_noise_refinement
tm_tw_refined,20262606,100,100,2,0.0,0.45,0.0,offline,1.0,1.0,deterministic,20.0,0.1,0.95,False,11821.328549258758,1182132.8549258758,1250620.152593209,94.52373308351684,68487.29766733316,0.63,0.84,0.30739987545283465,0.007864388896554818,4.131294499999967,tm_tw_refined_offline,context_noise_refinement
tw,20262070,100,100,2,0.0,0.45,0.0,gated_offline,1.0,1.0,deterministic,20.0,0.1,0.95,False,5985.565420921968,598556.5420921969,1213013.9632127308,49.344571476068474,614457.421120534,0.26,0.52,0.3069260906571419,0.007852970199963732,3.2699788330000956,tw_gated_offline,context_noise_refinement
tm_tw,20262390,100,100,2,0.0,0.45,0.0,gated_offline,1.0,1.0,deterministic,20.0,0.1,0.95,False,8666.424694457333,866642.4694457334,1175329.4089952095,73.73613412657028,308686.93954947614,0.4,0.61,0.3074057679364461,0.007865735264818319,3.257482792000019,tm_tw_gated_offline,context_noise_refinement
tm_tw_refined,20263218,100,100,2,0.0,0.45,0.0,gated_offline,1.0,1.0,deterministic,20.0,0.1,0.95,False,12528.308603923499,1252830.8603923498,1357321.7282225213,92.30168753232829,104490.86783017148,0.68,0.87,0.3071754614371155,0.00785889792621696,3.2634352089999084,tm_tw_refined_gated_offline,context_noise_refinement
tw,20262350,100,100,2,0.0,0.45,0.0,support_offline,1.0,1.0,deterministic,20.0,0.1,0.95,True,9422.279903370816,942227.9903370816,1347979.988167822,69.89925656224025,405751.9978307403,0.53,0.73,0.07162023354722752,4.2592226654371045e-07,3.249929542000018,tw_support_offline,context_noise_refinement
tm_tw,20262670,100,100,2,0.0,0.45,0.0,support_offline,1.0,1.0,deterministic,20.0,0.1,0.95,True,3469.518050017634,346951.8050017634,1193014.1784598327,29.08195151961011,846062.3734580693,0.18,0.46,0.07139609740899011,4.2255073152252837e-07,3.088012458000094,tm_tw_support_offline,context_noise_refinement
tm_tw_refined,20263498,100,100,2,0.0,0.45,0.0,support_offline,1.0,1.0,deterministic,20.0,0.1,0.95,True,9891.046572023466,989104.6572023466,1125016.1584519062,87.91915118476321,135911.50124955957,0.54,0.83,0.07151658088032029,4.279585582926909e-07,3.10470475000011,tm_tw_refined_support_offline,context_noise_refinement
oracle,20261642,100,100,2,0.0,0.45,0.0,dense,1.0,1.0,deterministic,20.0,0.1,0.95,False,11273.452899108766,1127345.2899108767,1127345.2899108767,100.0,0.0,1.0,1.0,0.36063446921560594,0.009224193631095844,0.022046082999850114,oracle,context_noise_refinement
state_thompson,20262540,100,100,2,0.0,0.45,0.0,dense,1.0,1.0,deterministic,20.0,0.1,0.95,False,2624.557824032233,262455.7824032233,925755.3264493314,28.350447996864762,663299.5440461081,0.2,0.43,0.3607709001484434,0.009230971671782402,0.024903499999936685,state_thompson,context_noise_refinement
global_ucb_tw,20262376,100,100,2,0.0,0.45,0.0,dense,1.0,1.0,deterministic,20.0,0.1,0.95,False,2925.8863552531857,292588.63552531856,926385.1629281417,31.58390777767824,633796.5274028231,0.16,0.45,0.3596795125456659,0.009203612268967896,3.377088916000048,global_ucb_tw_dense,context_noise_refinement
local_ucb_tw,20262274,100,100,2,0.0,0.45,0.0,dense,1.0,1.0,deterministic,20.0,0.1,0.95,False,6939.982149742526,693998.2149742526,1114608.2191171655,62.26387021656269,420610.0041429129,0.37,0.68,0.3613915114823772,0.009245944652410992,3.3907110000000102,local_ucb_tw_dense,context_noise_refinement
exp4,20261397,100,100,2,0.0,0.45,0.0,dense,1.0,1.0,deterministic,20.0,0.1,0.95,False,6135.21092860138,613521.092860138,977104.4922526134,62.78971161474538,363583.3993924754,0.43,0.71,0.3611563982617987,0.009240430893653808,3.467164457999843,exp4_dense,context_noise_refinement
tw,20261247,100,100,2,0.0,0.45,0.0,dense,1.0,1.0,deterministic,20.0,0.1,0.95,False,5857.120256691157,585712.0256691157,1027770.5231551421,56.98859934910805,442058.4974860264,0.31,0.51,0.36013736997805135,0.00921535037275256,3.4067022500000803,tw_dense,context_noise_refinement
tm_tw,20261567,100,100,2,0.0,0.45,0.0,dense,1.0,1.0,deterministic,20.0,0.1,0.95,False,7192.743687116174,719274.3687116174,1062431.9921778427,67.70074451892226,343157.6234662252,0.42,0.7,0.36075608470067905,0.009230562046879163,3.412807583999893,tm_tw_dense,context_noise_refinement
tm_tw_refined,20262395,100,100,2,0.0,0.45,0.0,dense,1.0,1.0,deterministic,20.0,0.1,0.95,False,3439.9263052093356,343992.63052093354,832538.7313686702,41.31851378919265,488546.1008477367,0.34,0.54,0.36144824601010833,0.009247675332888916,4.352808374999995,tm_tw_refined_dense,context_noise_refinement
tw,20261459,100,100,2,0.0,0.45,0.0,offline,1.0,1.0,deterministic,20.0,0.1,0.95,False,6948.847475101526,694884.7475101525,1094416.1439742714,63.49364922439307,399531.39646411885,0.37,0.51,0.30694437725081275,0.007853409902135684,3.793053625000084,tw_offline,context_noise_refinement
tm_tw,20261779,100,100,2,0.0,0.45,0.0,offline,1.0,1.0,deterministic,20.0,0.1,0.95,False,3409.154338784688,340915.4338784688,886823.4871850339,38.44230997541651,545908.053306565,0.19,0.54,0.3077643142715142,0.007874190169276925,3.1473991249999926,tm_tw_offline,context_noise_refinement
tm_tw_refined,20262607,100,100,2,0.0,0.45,0.0,offline,1.0,1.0,deterministic,20.0,0.1,0.95,False,4720.6124277105355,472061.2427710535,927390.3625162543,50.902107877229504,455329.1197452008,0.28,0.61,0.3078633456690246,0.0078773483788467,3.1225264580000385,tm_tw_refined_offline,context_noise_refinement
tw,20262071,100,100,2,0.0,0.45,0.0,gated_offline,1.0,1.0,deterministic,20.0,0.1,0.95,False,6306.140400019171,630614.040001917,1119256.8151805797,56.342211318157084,488642.7751786626,0.28,0.54,0.307594303388151,0.007869074752839501,3.287586542000099,tw_gated_offline,context_noise_refinement
tm_tw,20262391,100,100,2,0.0,0.45,0.0,gated_offline,1.0,1.0,deterministic,20.0,0.1,0.95,False,4850.477331029475,485047.73310294753,967779.9242487411,50.11963163830617,482732.1911457936,0.36,0.6,0.30744165297229803,0.00786537677993622,3.2185717090001162,tm_tw_gated_offline,context_noise_refinement
tm_tw_refined,20263219,100,100,2,0.0,0.45,0.0,gated_offline,1.0,1.0,deterministic,20.0,0.1,0.95,False,6169.330539243185,616933.0539243185,1053588.436293001,58.55541240514817,436655.38236868253,0.36,0.66,0.30709610003845117,0.007858107477523569,3.298815624999861,tm_tw_refined_gated_offline,context_noise_refinement
tw,20262351,100,100,2,0.0,0.45,0.0,support_offline,1.0,1.0,deterministic,20.0,0.1,0.95,True,5419.65601613556,541965.601613556,1007705.693333333,53.78213154882736,465740.091719777,0.42,0.65,0.07209784258557471,4.2477081989086067e-07,3.16898937499991,tw_support_offline,context_noise_refinement
tm_tw,20262671,100,100,2,0.0,0.45,0.0,support_offline,1.0,1.0,deterministic,20.0,0.1,0.95,True,5565.1750510885695,556517.505108857,967801.5612192295,57.503265897583404,411284.05611037253,0.34,0.71,0.0688426268947727,4.264293276077336e-07,3.183515040999964,tm_tw_support_offline,context_noise_refinement
tm_tw_refined,20263499,100,100,2,0.0,0.45,0.0,support_offline,1.0,1.0,deterministic,20.0,0.1,0.95,True,4166.819769231285,416681.97692312853,925719.4571476639,45.011690497141885,509037.4802245354,0.36,0.66,0.06842922219610245,4.2844521078955074e-07,3.2536952079999537,tm_tw_refined_support_offline,context_noise_refinement
oracle,20261643,100,100,2,0.0,0.45,0.0,dense,1.0,1.0,deterministic,20.0,0.1,0.95,False,11200.156674912929,1120015.6674912928,1120015.6674912928,100.0,0.0,1.0,1.0,0.3598582880045806,0.009208209102829894,0.02163016700001208,oracle,context_noise_refinement
state_thompson,20262541,100,100,2,0.0,0.45,0.0,dense,1.0,1.0,deterministic,20.0,0.1,0.95,False,3418.0638653432216,341806.38653432217,932535.9863377986,36.65342587760548,590729.5998034765,0.27,0.48,0.3603352657696345,0.009220414215632413,0.025131583000074897,state_thompson,context_noise_refinement
global_ucb_tw,20262377,100,100,2,0.0,0.45,0.0,dense,1.0,1.0,deterministic,20.0,0.1,0.95,False,4965.764988021654,496576.4988021654,913849.0368056187,54.339007735671586,417272.5380034533,0.36,0.6,0.3606521653584881,0.00922675760217425,3.336968041999853,global_ucb_tw_dense,context_noise_refinement
local_ucb_tw,20262275,100,100,2,0.0,0.45,0.0,dense,1.0,1.0,deterministic,20.0,0.1,0.95,False,5560.292658563554,556029.2658563554,957590.3128986437,58.065464778277104,401561.04704228824,0.35,0.59,0.36124083760485487,0.0092431322203257,3.4520109170000524,local_ucb_tw_dense,context_noise_refinement
exp4,20261398,100,100,2,0.0,0.45,0.0,dense,1.0,1.0,deterministic,20.0,0.1,0.95,False,8283.925034512018,828392.5034512018,1113710.3690833014,74.38132268922433,285317.86563209957,0.48,0.75,0.360770016222922,0.009231538797766174,3.389200042000084,exp4_dense,context_noise_refinement
tw,20261248,100,100,2,0.0,0.45,0.0,dense,1.0,1.0,deterministic,20.0,0.1,0.95,False,5443.906058857105,544390.6058857105,1090362.8128845734,49.92747363104908,545972.2069988629,0.38,0.63,0.3610437316471238,0.009236174701663656,3.3593606249999084,tw_dense,context_noise_refinement
tm_tw,20261568,100,100,2,0.0,0.45,0.0,dense,1.0,1.0,deterministic,20.0,0.1,0.95,False,4858.53549869891,485853.54986989097,901467.5002941731,53.895847572024934,415613.9504242822,0.39,0.59,0.36103053726500617,0.009238205122570032,3.3642721250000704,tm_tw_dense,context_noise_refinement
tm_tw_refined,20262396,100,100,2,0.0,0.45,0.0,dense,1.0,1.0,deterministic,20.0,0.1,0.95,False,8597.214686412744,859721.4686412744,1074396.2002415184,80.01903473299828,214674.73160024406,0.57,0.86,0.36009555417034916,0.009213822978552996,3.411224582999921,tm_tw_refined_dense,context_noise_refinement
tw,20261460,100,100,2,0.0,0.45,0.0,offline,1.0,1.0,deterministic,20.0,0.1,0.95,False,3557.7797101113933,355777.97101113934,1040913.8329256861,34.17938735727603,685135.8619145468,0.19,0.41,0.30679357129755264,0.007850366241601906,3.16910566699994,tw_offline,context_noise_refinement
tm_tw,20261780,100,100,2,0.0,0.45,0.0,offline,1.0,1.0,deterministic,20.0,0.1,0.95,False,7153.222205499852,715322.2205499852,1103113.1736867765,64.84576901201049,387790.95313679136,0.49,0.67,0.3069904219356439,0.007855345060253564,3.0975701249999474,tm_tw_offline,context_noise_refinement
tm_tw_refined,20262608,100,100,2,0.0,0.45,0.0,offline,1.0,1.0,deterministic,20.0,0.1,0.95,False,7457.27585487143,745727.585487143,1057887.0881885435,70.49217197310519,312159.50270140043,0.49,0.79,0.30715403328493535,0.007859589799554615,3.102342416999818,tm_tw_refined_offline,context_noise_refinement
tw,20262072,100,100,2,0.0,0.45,0.0,gated_offline,1.0,1.0,deterministic,20.0,0.1,0.95,False,4828.760770807294,482876.07708072936,910893.4404859124,53.011258575222705,428017.363405183,0.31,0.52,0.3072445491640554,0.007861513847090447,3.095551208000188,tw_gated_offline,context_noise_refinement
tm_tw,20262392,100,100,2,0.0,0.45,0.0,gated_offline,1.0,1.0,deterministic,20.0,0.1,0.95,False,4637.447880562493,463744.7880562493,953795.669554612,48.62097856586006,490050.8814983627,0.34,0.61,0.3070718824784213,0.007857268113871515,3.09921949999989,tm_tw_gated_offline,context_noise_refinement
tm_tw_refined,20263220,100,100,2,0.0,0.45,0.0,gated_offline,1.0,1.0,deterministic,20.0,0.1,0.95,False,8611.307675590502,861130.7675590502,1058379.9576957803,81.36310228642601,197249.1901367301,0.55,0.78,0.30721222412486526,0.007860501080264906,3.19979916699981,tm_tw_refined_gated_offline,context_noise_refinement
tw,20262352,100,100,2,0.0,0.45,0.0,support_offline,1.0,1.0,deterministic,20.0,0.1,0.95,True,5714.82998700286,571482.998700286,1072988.9594993396,53.2608461290172,501505.96079905354,0.35,0.66,0.06702481334825329,4.277268897080277e-07,2.9547025000001668,tw_support_offline,context_noise_refinement
tm_tw,20262672,100,100,2,0.0,0.45,0.0,support_offline,1.0,1.0,deterministic,20.0,0.1,0.95,True,6177.272873709349,617727.287370935,990862.9674577162,62.34235284378974,373135.68008678127,0.44,0.63,0.06971618341119973,4.2962945389932563e-07,2.969368832999862,tm_tw_support_offline,context_noise_refinement
tm_tw_refined,20263500,100,100,2,0.0,0.45,0.0,support_offline,1.0,1.0,deterministic,20.0,0.1,0.95,True,8798.080775241066,879808.0775241066,1015795.5450763761,86.61271274407443,135987.46755226946,0.57,0.75,0.07047868189787655,4.2414183288121683e-07,3.000878624999814,tm_tw_refined_support_offline,context_noise_refinement
oracle,20261644,100,100,2,0.0,0.45,0.0,dense,1.0,1.0,deterministic,20.0,0.1,0.95,False,10348.221914924829,1034822.1914924828,1034822.1914924828,100.0,0.0,1.0,1.0,0.35984770691114204,0.009207583982262206,0.02290533299992603,oracle,context_noise_refinement
state_thompson,20262542,100,100,2,0.0,0.45,0.0,dense,1.0,1.0,deterministic,20.0,0.1,0.95,False,2976.5796970219008,297657.9697021901,975730.4183837004,30.50616892678832,678072.4486815103,0.22,0.44,0.3604680790151732,0.00922381269824991,0.026583791999883033,state_thompson,context_noise_refinement
global_ucb_tw,20262378,100,100,2,0.0,0.45,0.0,dense,1.0,1.0,deterministic,20.0,0.1,0.95,False,5433.961202015018,543396.1202015018,888795.0612527885,61.138517065516254,345398.94105128676,0.4,0.73,0.3619135182549267,0.009258799915022677,3.6515552079999907,global_ucb_tw_dense,context_noise_refinement
local_ucb_tw,20262276,100,100,2,0.0,0.45,0.0,dense,1.0,1.0,deterministic,20.0,0.1,0.95,False,5522.736396197879,552273.6396197879,889841.7227507414,62.064255417532095,337568.0831309535,0.39,0.68,0.3598491267404975,0.009207586424139423,3.462101708999853,local_ucb_tw_dense,context_noise_refinement
exp4,20261399,100,100,2,0.0,0.45,0.0,dense,1.0,1.0,deterministic,20.0,0.1,0.95,False,6523.299054026949,652329.905402695,961387.302980511,67.8529769823597,309057.39757781604,0.39,0.74,0.36126843449617474,0.009241038310611668,3.4525003339999785,exp4_dense,context_noise_refinement
tw,20261249,100,100,2,0.0,0.45,0.0,dense,1.0,1.0,deterministic,20.0,0.1,0.95,False,4527.493248742437,452749.3248742437,964052.7178128541,46.96312935058115,511303.3929386104,0.27,0.56,0.36080146006298314,0.009230438732079679,3.5352707920001194,tw_dense,context_noise_refinement
tm_tw,20261569,100,100,2,0.0,0.45,0.0,dense,1.0,1.0,deterministic,20.0,0.1,0.95,False,4455.752919416952,445575.2919416952,827769.6293548503,53.82841748965459,382194.33741315507,0.29,0.57,0.36074400835988674,0.009228298426698514,3.488092542000004,tm_tw_dense,context_noise_refinement
tm_tw_refined,20262397,100,100,2,0.0,0.45,0.0,dense,1.0,1.0,deterministic,20.0,0.1,0.95,False,5729.359573269584,572935.9573269584,804934.2280119653,71.17798416176207,231998.27068500686,0.47,0.72,0.3605797547475904,0.009226670305063725,3.695628666999937,tm_tw_refined_dense,context_noise_refinement
tw,20261461,100,100,2,0.0,0.45,0.0,offline,1.0,1.0,deterministic,20.0,0.1,0.95,False,5208.112167541042,520811.21675410424,965024.0345704263,53.968730114161325,444212.8178163221,0.34,0.49,0.3068318644242522,0.007851346102646114,3.2386569590000818,tw_offline,context_noise_refinement
tm_tw,20261781,100,100,2,0.0,0.45,0.0,offline,1.0,1.0,deterministic,20.0,0.1,0.95,False,4289.413218021258,428941.3218021258,784037.4119551325,54.70929260027103,355096.0901530067,0.32,0.52,0.3073754769338591,0.007864263733895715,3.168918708000092,tm_tw_offline,context_noise_refinement
tm_tw_refined,20262609,100,100,2,0.0,0.45,0.0,offline,1.0,1.0,deterministic,20.0,0.1,0.95,False,7463.626077968618,746362.6077968618,1049632.014270003,71.10707349336532,303269.40647314116,0.49,0.7,0.3068333015956498,0.007851382877607777,3.3664135419999184,tm_tw_refined_offline,context_noise_refinement
tw,20262073,100,100,2,0.0,0.45,0.0,gated_offline,1.0,1.0,deterministic,20.0,0.1,0.95,False,4183.641488779612,418364.14887796115,911236.088652985,45.911718608116026,492871.9397750239,0.29,0.63,0.3070338105885503,0.007856513588210172,3.072151374999976,tw_gated_offline,context_noise_refinement
tm_tw,20262393,100,100,2,0.0,0.45,0.0,gated_offline,1.0,1.0,deterministic,20.0,0.1,0.95,False,4756.581995617984,475658.19956179836,968586.1963186275,49.108504887811264,492927.9967568291,0.32,0.57,0.3069684803281247,0.007854841889325379,3.0764582909998808,tm_tw_gated_offline,context_noise_refinement
tm_tw_refined,20263221,100,100,2,0.0,0.45,0.0,gated_offline,1.0,1.0,deterministic,20.0,0.1,0.95,False,6264.832633471469,626483.2633471469,895343.675971768,69.97126133349728,268860.41262462107,0.48,0.8,0.3071514819505172,0.007858304912211579,3.0485215000001062,tm_tw_refined_gated_offline,context_noise_refinement
tw,20262353,100,100,2,0.0,0.45,0.0,support_offline,1.0,1.0,deterministic,20.0,0.1,0.95,True,3526.222667365929,352622.26673659286,912075.5062460619,38.66152136766861,559453.239509469,0.19,0.51,0.06799486203351598,4.28932752230166e-07,2.9110765830000673,tw_support_offline,context_noise_refinement
tm_tw,20262673,100,100,2,0.0,0.45,0.0,support_offline,1.0,1.0,deterministic,20.0,0.1,0.95,True,6504.732076132428,650473.2076132428,933700.0439236722,69.66618582128046,283226.8363104294,0.52,0.75,0.0694967984498284,4.275163044270908e-07,2.8671341669999038,tm_tw_support_offline,context_noise_refinement
tm_tw_refined,20263501,100,100,2,0.0,0.45,0.0,support_offline,1.0,1.0,deterministic,20.0,0.1,0.95,True,5799.108315073506,579910.8315073506,918236.2345556302,63.154862516179364,338325.4030482797,0.45,0.78,0.07050015915861581,4.2406811101686526e-07,3.0423437089998515,tm_tw_refined_support_offline,context_noise_refinement
oracle,20261645,100,100,2,0.0,0.45,0.0,dense,1.0,1.0,deterministic,20.0,0.1,0.95,False,9348.281669489317,934828.1669489318,934828.1669489318,100.0,0.0,1.0,1.0,0.36134154004646035,0.009244616271204657,0.021170541999936177,oracle,context_noise_refinement
state_thompson,20262543,100,100,2,0.0,0.45,0.0,dense,1.0,1.0,deterministic,20.0,0.1,0.95,False,5888.030197328777,588803.0197328777,925152.5336511817,63.64388555572818,336349.513918304,0.42,0.6,0.360221562171963,0.009217504718927728,0.024412083000015627,state_thompson,context_noise_refinement
global_ucb_tw,20262379,100,100,2,0.0,0.45,0.0,dense,1.0,1.0,deterministic,20.0,0.1,0.95,False,4988.570193589846,498857.0193589846,926778.7781222465,53.82697911682037,427921.7587632619,0.31,0.62,0.3602771362009427,0.00921869086078614,3.233144541999991,global_ucb_tw_dense,context_noise_refinement
local_ucb_tw,20262277,100,100,2,0.0,0.45,0.0,dense,1.0,1.0,deterministic,20.0,0.1,0.95,False,6092.144331852723,609214.4331852723,896016.0799373031,67.99146207598203,286801.6467520308,0.39,0.65,0.36142919000972024,0.009245348834369912,3.3114324170001055,local_ucb_tw_dense,context_noise_refinement
exp4,20261400,100,100,2,0.0,0.45,0.0,dense,1.0,1.0,deterministic,20.0,0.1,0.95,False,8028.677609262592,802867.7609262592,907219.0730480093,88.49767214757091,104351.31212175009,0.59,0.82,0.36186776139787,0.009258983055813992,3.255437667000024,exp4_dense,context_noise_refinement
tw,20261250,100,100,2,0.0,0.45,0.0,dense,1.0,1.0,deterministic,20.0,0.1,0.95,False,3784.798596882348,378479.8596882348,938560.7643407136,40.32555739255686,560080.9046524789,0.25,0.53,0.35979773015939515,0.009205179343672246,3.2923462920000475,tw_dense,context_noise_refinement
tm_tw,20261570,100,100,2,0.0,0.45,0.0,dense,1.0,1.0,deterministic,20.0,0.1,0.95,False,4411.82741637495,441182.74163749506,822030.2521298137,53.66989116208636,380847.5104923186,0.33,0.57,0.36094108709992456,0.00923482007027723,3.2756928750000043,tm_tw_dense,context_noise_refinement
tm_tw_refined,20262398,100,100,2,0.0,0.45,0.0,dense,1.0,1.0,deterministic,20.0,0.1,0.95,False,8830.50939636079,883050.939636079,977528.9500559286,90.33501663409109,94478.01041984954,0.62,0.85,0.3609726233164432,0.009231404494519209,3.3136367910001354,tm_tw_refined_dense,context_noise_refinement
tw,20261462,100,100,2,0.0,0.45,0.0,offline,1.0,1.0,deterministic,20.0,0.1,0.95,False,6125.12319853829,612512.319853829,945909.2893353516,64.75381167725017,333396.96948152257,0.48,0.57,0.30726911381320493,0.007861777128838197,2.985544791999928,tw_offline,context_noise_refinement
tm_tw,20261782,100,100,2,0.0,0.45,0.0,offline,1.0,1.0,deterministic,20.0,0.1,0.95,False,6016.052434977203,601605.2434977203,955151.2371768372,62.98533887428121,353545.99367911683,0.51,0.71,0.30721928201797033,0.00786112841993431,3.0572737910001706,tm_tw_offline,context_noise_refinement
tm_tw_refined,20262610,100,100,2,0.0,0.45,0.0,offline,1.0,1.0,deterministic,20.0,0.1,0.95,False,8870.608833161377,887060.8833161377,963502.7043562351,92.0662577598916,76441.82104009739,0.59,0.9,0.30717588247225575,0.00786014898485491,3.042133000000149,tm_tw_refined_offline,context_noise_refinement
tw,20262074,100,100,2,0.0,0.45,0.0,gated_offline,1.0,1.0,deterministic,20.0,0.1,0.95,False,5431.428555376242,543142.8555376242,941316.5849665452,57.70033846337975,398173.729428921,0.34,0.58,0.3069624528090873,0.007854687654568204,3.0346111660001043,tw_gated_offline,context_noise_refinement
tm_tw,20262394,100,100,2,0.0,0.45,0.0,gated_offline,1.0,1.0,deterministic,20.0,0.1,0.95,False,5836.199765563683,583619.9765563683,907711.3379312323,64.29576806724684,324091.361374864,0.4,0.65,0.30795373566374884,0.007879465885399013,3.0822410419998505,tm_tw_gated_offline,context_noise_refinement
tm_tw_refined,20263222,100,100,2,0.0,0.45,0.0,gated_offline,1.0,1.0,deterministic,20.0,0.1,0.95,False,8294.419374666408,829441.9374666408,914300.5732226775,90.71873755291091,84858.63575603662,0.63,0.86,0.3072456066880356,0.007861933118164697,3.0885542500000156,tm_tw_refined_gated_offline,context_noise_refinement
tw,20262354,100,100,2,0.0,0.45,0.0,support_offline,1.0,1.0,deterministic,20.0,0.1,0.95,True,5781.368453965337,578136.8453965337,941024.867579388,61.436935974251526,362888.02218285424,0.39,0.65,0.07077978726344947,4.256192204274633e-07,2.8984634999999344,tw_support_offline,context_noise_refinement
tm_tw,20262674,100,100,2,0.0,0.45,0.0,support_offline,1.0,1.0,deterministic,20.0,0.1,0.95,True,2554.965347839368,255496.53478393678,884684.6945331449,28.879954221290593,629188.1597492081,0.23,0.48,0.06915927636175127,4.2626202945596827e-07,2.910846708000008,tm_tw_support_offline,context_noise_refinement
tm_tw_refined,20263502,100,100,2,0.0,0.45,0.0,support_offline,1.0,1.0,deterministic,20.0,0.1,0.95,True,8480.94987856882,848094.9878568819,911722.1225920848,93.02121412231318,63627.13473520288,0.61,0.87,0.06671026698364847,4.2991254499364284e-07,2.941743749999887,tm_tw_refined_support_offline,context_noise_refinement
oracle,20261646,100,100,2,0.0,0.45,0.0,dense,1.0,1.0,deterministic,20.0,0.1,0.95,False,13398.09215457629,1339809.215457629,1339809.215457629,100.0,0.0,1.0,1.0,0.3597850420890877,0.009206126181563343,0.021215624999967986,oracle,context_noise_refinement
state_thompson,20262544,100,100,2,0.0,0.45,0.0,dense,1.0,1.0,deterministic,20.0,0.1,0.95,False,6743.545320547265,674354.5320547265,1175794.1951742372,57.35310948314352,501439.66311951075,0.26,0.4,0.3609638625574975,0.009236220079881945,0.024544916999957422,state_thompson,context_noise_refinement
global_ucb_tw,20262380,100,100,2,0.0,0.45,0.0,dense,1.0,1.0,deterministic,20.0,0.1,0.95,False,5269.89417315079,526989.417315079,1244949.314369749,42.33019057341025,717959.89705467,0.28,0.56,0.35986425111724785,0.009208322039651204,3.223170916000072,global_ucb_tw_dense,context_noise_refinement
local_ucb_tw,20262278,100,100,2,0.0,0.45,0.0,dense,1.0,1.0,deterministic,20.0,0.1,0.95,False,7552.453658556711,755245.3658556711,1168776.1512027388,64.61847848952767,413530.78534706763,0.41,0.63,0.36131994942265483,0.009245610725701492,3.232341916999985,local_ucb_tw_dense,context_noise_refinement
exp4,20261401,100,100,2,0.0,0.45,0.0,dense,1.0,1.0,deterministic,20.0,0.1,0.95,False,5144.292899420799,514429.28994207986,1030090.4572447623,49.9402053794432,515661.1673026825,0.32,0.68,0.3607357572287432,0.00923066216384508,3.2346588749999228,exp4_dense,context_noise_refinement
tw,20261251,100,100,2,0.0,0.45,0.0,dense,1.0,1.0,deterministic,20.0,0.1,0.95,False,6928.844514532447,692884.4514532447,1238129.2003643916,55.962209052926234,545244.7489111469,0.33,0.6,0.3615666137742317,0.009251484254368727,3.257301417000008,tw_dense,context_noise_refinement
tm_tw,20261571,100,100,2,0.0,0.45,0.0,dense,1.0,1.0,deterministic,20.0,0.1,0.95,False,8385.305772336758,838530.5772336759,1330327.439623378,63.03189367206226,491796.8623897021,0.39,0.63,0.36130662980753026,0.009244212140525154,3.2367890000000443,tm_tw_dense,context_noise_refinement
tm_tw_refined,20262399,100,100,2,0.0,0.45,0.0,dense,1.0,1.0,deterministic,20.0,0.1,0.95,False,11995.441444445682,1199544.144444568,1407504.5322227124,85.22488681086263,207960.38777814433,0.48,0.8,0.3600222064661143,0.009210453187992806,3.2414229580001575,tm_tw_refined_dense,context_noise_refinement
tw,20261463,100,100,2,0.0,0.45,0.0,offline,1.0,1.0,deterministic,20.0,0.1,0.95,False,7100.832963548392,710083.2963548392,1257045.1139998846,56.488290551114176,546961.8176450453,0.35,0.57,0.30679139334475886,0.007850310511206333,2.993296667000095,tw_offline,context_noise_refinement
tm_tw,20261783,100,100,2,0.0,0.45,0.0,offline,1.0,1.0,deterministic,20.0,0.1,0.95,False,6434.849810732879,643484.9810732879,1108034.8580743943,58.07443478732903,464549.8770011064,0.4,0.67,0.3076123071167645,0.00786976734118951,3.00103891699996,tm_tw_offline,context_noise_refinement
tm_tw_refined,20262611,100,100,2,0.0,0.45,0.0,offline,1.0,1.0,deterministic,20.0,0.1,0.95,False,6961.255482964808,696125.5482964808,1083832.2901131145,64.22816100301176,387706.74181663373,0.42,0.69,0.30774430806199615,0.007873105769369683,2.999327125000036,tm_tw_refined_offline,context_noise_refinement
tw,20262075,100,100,2,0.0,0.45,0.0,gated_offline,1.0,1.0,deterministic,20.0,0.1,0.95,False,5611.009286041838,561100.9286041838,1198603.664363,46.812882797449305,637502.7357588162,0.33,0.53,0.3069317995380302,0.00785363548599802,3.2510787080000227,tw_gated_offline,context_noise_refinement
tm_tw,20262395,100,100,2,0.0,0.45,0.0,gated_offline,1.0,1.0,deterministic,20.0,0.1,0.95,False,9306.922655110873,930692.2655110873,1441837.634225524,64.5490340534081,511145.3687144368,0.39,0.59,0.30666854154765033,0.007847166926428261,3.276564833999828,tm_tw_gated_offline,context_noise_refinement
tm_tw_refined,20263223,100,100,2,0.0,0.45,0.0,gated_offline,1.0,1.0,deterministic,20.0,0.1,0.95,False,7204.309422499621,720430.9422499621,1018664.4761113505,70.72308489642586,298233.53386138834,0.36,0.74,0.30704726256832154,0.00785685780327124,3.7231289589999506,tm_tw_refined_gated_offline,context_noise_refinement
tw,20262355,100,100,2,0.0,0.45,0.0,support_offline,1.0,1.0,deterministic,20.0,0.1,0.95,True,11234.45407835667,1123445.407835667,1328713.110912972,84.55139025938689,205267.70307730488,0.58,0.74,0.0702364753933198,4.287720818685536e-07,3.3823607909998827,tw_support_offline,context_noise_refinement
tm_tw,20262675,100,100,2,0.0,0.45,0.0,support_offline,1.0,1.0,deterministic,20.0,0.1,0.95,True,9807.218451387718,980721.8451387718,1278863.3658144043,76.6869918518801,298141.5206756325,0.44,0.68,0.07002723598778544,4.2888288692094536e-07,3.455946792000077,tm_tw_support_offline,context_noise_refinement
tm_tw_refined,20263503,100,100,2,0.0,0.45,0.0,support_offline,1.0,1.0,deterministic,20.0,0.1,0.95,True,7746.567679179478,774656.7679179477,1100135.347352079,70.41467850137465,325478.5794341314,0.4,0.77,0.06826672187900978,4.2488547300211576e-07,3.552829875000043,tm_tw_refined_support_offline,context_noise_refinement
oracle,20261647,100,100,2,0.0,0.45,0.0,dense,1.0,1.0,deterministic,20.0,0.1,0.95,False,9072.037789779817,907203.7789779818,907203.7789779818,100.0,0.0,1.0,1.0,0.360081365485756,0.009213315068091747,0.021925667000004978,oracle,context_noise_refinement
state_thompson,20262545,100,100,2,0.0,0.45,0.0,dense,1.0,1.0,deterministic,20.0,0.1,0.95,False,4447.630216415449,444763.0216415449,865761.3524393182,51.372473533082385,420998.3307977733,0.29,0.53,0.35987327035022426,0.009208592477553046,0.02553733300010208,state_thompson,context_noise_refinement
global_ucb_tw,20262381,100,100,2,0.0,0.45,0.0,dense,1.0,1.0,deterministic,20.0,0.1,0.95,False,2301.2023292055087,230120.23292055086,892253.042977046,25.790916011083965,662132.8100564951,0.21,0.47,0.3604626872793205,0.00922367473218712,3.700803833000009,global_ucb_tw_dense,context_noise_refinement
local_ucb_tw,20262279,100,100,2,0.0,0.45,0.0,dense,1.0,1.0,deterministic,20.0,0.1,0.95,False,5131.886688687111,513188.6688687111,867263.2604805088,59.17334358016941,354074.5916117977,0.37,0.68,0.35985284855425137,0.009208069915828496,3.5339803750000556,local_ucb_tw_dense,context_noise_refinement
exp4,20261402,100,100,2,0.0,0.45,0.0,dense,1.0,1.0,deterministic,20.0,0.1,0.95,False,6388.614721291571,638861.4721291572,897250.1490635937,71.20215837198786,258388.67693443655,0.43,0.68,0.3598905429907434,0.009209034457329419,3.603862458000094,exp4_dense,context_noise_refinement
tw,20261252,100,100,2,0.0,0.45,0.0,dense,1.0,1.0,deterministic,20.0,0.1,0.95,False,4039.527609670651,403952.7609670651,898545.6708767537,44.95628592511154,494592.90990968863,0.26,0.6,0.36002984540509586,0.009212598987597707,3.9409245000001647,tw_dense,context_noise_refinement
tm_tw,20261572,100,100,2,0.0,0.45,0.0,dense,1.0,1.0,deterministic,20.0,0.1,0.95,False,2737.6462440184696,273764.62440184696,873334.0339863149,31.34706924820668,599569.409584468,0.23,0.42,0.3602501872832165,0.009217419863694416,4.159097958000075,tm_tw_dense,context_noise_refinement
tm_tw_refined,20262400,100,100,2,0.0,0.45,0.0,dense,1.0,1.0,deterministic,20.0,0.1,0.95,False,7664.97371931972,766497.371931972,838794.0565304793,91.38087781671348,72296.68459850736,0.65,0.85,0.36018677296175816,0.009215842411011895,3.655788958999892,tm_tw_refined_dense,context_noise_refinement
tw,20261464,100,100,2,0.0,0.45,0.0,offline,1.0,1.0,deterministic,20.0,0.1,0.95,False,4930.853271123592,493085.3271123592,970409.7809932065,50.81207308191911,477324.4538808473,0.34,0.54,0.3067090528568449,0.007848203547282993,3.5545068339999943,tw_offline,context_noise_refinement
tm_tw,20261784,100,100,2,0.0,0.45,0.0,offline,1.0,1.0,deterministic,20.0,0.1,0.95,False,3725.7272841882095,372572.72841882095,770647.6601257429,48.34540448199506,398074.93170692195,0.29,0.6,0.3070901638745454,0.007857781862925737,3.0997860830000263,tm_tw_offline,context_noise_refinement
tm_tw_refined,20262612,100,100,2,0.0,0.45,0.0,offline,1.0,1.0,deterministic,20.0,0.1,0.95,False,7947.586015165249,794758.6015165249,884516.3588266689,89.85233496085819,89757.75731014402,0.67,0.85,0.3072480980990026,0.007859871965742138,3.074008584000012,tm_tw_refined_offline,context_noise_refinement
tw,20262076,100,100,2,0.0,0.45,0.0,gated_offline,1.0,1.0,deterministic,20.0,0.1,0.95,False,3996.162655276233,399616.2655276233,846439.5307812439,47.21143696570821,446823.26525362063,0.29,0.53,0.3071495688183184,0.007859353673063308,3.048936208999976,tw_gated_offline,context_noise_refinement
tm_tw,20262396,100,100,2,0.0,0.45,0.0,gated_offline,1.0,1.0,deterministic,20.0,0.1,0.95,False,5667.045205102995,566704.5205102995,959049.6513337115,59.090217041652274,392345.130823412,0.4,0.59,0.3070454647168434,0.00785681179907209,3.357325833999994,tm_tw_gated_offline,context_noise_refinement
tm_tw_refined,20263224,100,100,2,0.0,0.45,0.0,gated_offline,1.0,1.0,deterministic,20.0,0.1,0.95,False,7686.254714873927,768625.4714873927,870738.054138832,88.27287010530054,102112.58265143936,0.6,0.78,0.3070411570640228,0.007856516285987285,3.310649040999806,tm_tw_refined_gated_offline,context_noise_refinement
tw,20262356,100,100,2,0.0,0.45,0.0,support_offline,1.0,1.0,deterministic,20.0,0.1,0.95,True,6892.497905480304,689249.7905480304,955002.3095378167,72.17257839738629,265752.5189897863,0.5,0.67,0.06875701476932097,4.2499028954430844e-07,3.178034167000078,tw_support_offline,context_noise_refinement
tm_tw,20262676,100,100,2,0.0,0.45,0.0,support_offline,1.0,1.0,deterministic,20.0,0.1,0.95,True,2908.7637296636326,290876.37296636327,868025.8097367128,33.51010646268584,577149.4367703495,0.23,0.56,0.07483649812279149,4.245765351103031e-07,3.234463708000021,tm_tw_support_offline,context_noise_refinement
tm_tw_refined,20263504,100,100,2,0.0,0.45,0.0,support_offline,1.0,1.0,deterministic,20.0,0.1,0.95,True,7366.669337369893,736666.9337369893,811416.9479238879,90.7877184007364,74750.0141868986,0.56,0.81,0.07164267219443317,4.245267627511841e-07,3.2688514160001887,tm_tw_refined_support_offline,context_noise_refinement
oracle,20261648,100,100,2,0.0,0.45,0.0,dense,1.0,1.0,deterministic,20.0,0.1,0.95,False,12416.562237164702,1241656.2237164702,1241656.2237164702,100.0,0.0,1.0,1.0,0.3599596843823446,0.009210433652975065,0.021177667000074507,oracle,context_noise_refinement
state_thompson,20262546,100,100,2,0.0,0.45,0.0,dense,1.0,1.0,deterministic,20.0,0.1,0.95,False,3661.1550102369174,366115.50102369173,1047265.4737177546,34.959187542390275,681149.9726940629,0.18,0.37,0.3606661039219443,0.009224214387052192,0.024777916999937588,state_thompson,context_noise_refinement
global_ucb_tw,20262382,100,100,2,0.0,0.45,0.0,dense,1.0,1.0,deterministic,20.0,0.1,0.95,False,4670.657821989039,467065.78219890385,1038133.6357916129,44.99091119832082,571067.853592709,0.36,0.53,0.36049608741292105,0.009224529389213254,3.2064009999999143,global_ucb_tw_dense,context_noise_refinement
local_ucb_tw,20262280,100,100,2,0.0,0.45,0.0,dense,1.0,1.0,deterministic,20.0,0.1,0.95,False,6128.3178817539165,612831.7881753916,1104839.2005871981,55.4679620210511,492007.4124118065,0.42,0.71,0.360565045449068,0.009223066704759954,3.897849999999835,local_ucb_tw_dense,context_noise_refinement
exp4,20261403,100,100,2,0.0,0.45,0.0,dense,1.0,1.0,deterministic,20.0,0.1,0.95,False,7609.290035486102,760929.0035486103,1046418.2852342655,72.71747964326313,285489.28168565524,0.45,0.76,0.3612093315856436,0.009241097322644427,3.655879457999845,exp4_dense,context_noise_refinement
tw,20261253,100,100,2,0.0,0.45,0.0,dense,1.0,1.0,deterministic,20.0,0.1,0.95,False,4606.7731266464425,460677.3126646442,1137783.228906164,40.48902294925965,677105.9162415197,0.34,0.62,0.3604509660139641,0.009221286576268375,3.946240624999973,tw_dense,context_noise_refinement
tm_tw,20261573,100,100,2,0.0,0.45,0.0,dense,1.0,1.0,deterministic,20.0,0.1,0.95,False,5957.223115098712,595722.3115098712,1167422.0141919386,51.02887424323721,571699.7026820674,0.35,0.58,0.360804965085755,0.009232032056964115,3.761907290999943,tm_tw_dense,context_noise_refinement
tm_tw_refined,20262401,100,100,2,0.0,0.45,0.0,dense,1.0,1.0,deterministic,20.0,0.1,0.95,False,7959.284393840549,795928.4393840549,1022145.6872254413,77.8683948219318,226217.24784138647,0.53,0.84,0.36120960931376267,0.009242151806622863,3.4038433749999513,tm_tw_refined_dense,context_noise_refinement
tw,20261465,100,100,2,0.0,0.45,0.0,offline,1.0,1.0,deterministic,20.0,0.1,0.95,False,5318.554017138617,531855.4017138617,1004909.9453664508,52.925677984002355,473054.5436525891,0.35,0.57,0.3071836782104962,0.00785980895844778,3.647040375000188,tw_offline,context_noise_refinement
tm_tw,20261785,100,100,2,0.0,0.45,0.0,offline,1.0,1.0,deterministic,20.0,0.1,0.95,False,5667.202309785858,566720.2309785858,1158144.242504396,48.93347565697842,591424.0115258102,0.41,0.74,0.3075743493401028,0.007870345126953041,3.4185726250000243,tm_tw_offline,context_noise_refinement
tm_tw_refined,20262613,100,100,2,0.0,0.45,0.0,offline,1.0,1.0,deterministic,20.0,0.1,0.95,False,9012.989606273037,901298.9606273037,1134375.9733056927,79.45328372927561,233077.01267838897,0.59,0.77,0.30708966744793864,0.007857942877622759,3.1800086250000277,tm_tw_refined_offline,context_noise_refinement
tw,20262077,100,100,2,0.0,0.45,0.0,gated_offline,1.0,1.0,deterministic,20.0,0.1,0.95,False,5618.091455757648,561809.1455757648,1123605.868624128,50.00055279737089,561796.7230483631,0.33,0.58,0.30712510055952263,0.007858640643473573,3.277615916999821,tw_gated_offline,context_noise_refinement
tm_tw,20262397,100,100,2,0.0,0.45,0.0,gated_offline,1.0,1.0,deterministic,20.0,0.1,0.95,False,6028.005107776507,602800.5107776508,1065440.3464096703,56.57759374412401,462639.83563201956,0.38,0.54,0.30669286803184836,0.007847789402999454,2.797072165999907,tm_tw_gated_offline,context_noise_refinement
tm_tw_refined,20263225,100,100,2,0.0,0.45,0.0,gated_offline,1.0,1.0,deterministic,20.0,0.1,0.95,False,7710.4963225192505,771049.6322519251,947715.6001721547,81.3587570059902,176665.96792022965,0.47,0.78,0.30686519918655936,0.007852174781680925,2.827341542000113,tm_tw_refined_gated_offline,context_noise_refinement
tw,20262357,100,100,2,0.0,0.45,0.0,support_offline,1.0,1.0,deterministic,20.0,0.1,0.95,True,5810.007982732919,581000.7982732919,1182946.8364388924,49.114700709823886,601946.0381656005,0.3,0.73,0.06965651011510139,4.291897750556808e-07,3.046212917000048,tw_support_offline,context_noise_refinement
tm_tw,20262677,100,100,2,0.0,0.45,0.0,support_offline,1.0,1.0,deterministic,20.0,0.1,0.95,True,7827.7470779359655,782774.7077935965,1142906.434797214,68.48983293479175,360131.72700361756,0.51,0.74,0.07126838890067252,4.2521281504749766e-07,2.7469646249999187,tm_tw_support_offline,context_noise_refinement
tm_tw_refined,20263505,100,100,2,0.0,0.45,0.0,support_offline,1.0,1.0,deterministic,20.0,0.1,0.95,True,6698.589816138625,669858.9816138624,1147020.072413223,58.399935426111746,477161.09079936065,0.38,0.69,0.0717336981167953,4.2721156662682353e-07,3.131162500000073,tm_tw_refined_support_offline,context_noise_refinement
oracle,20261649,100,100,2,0.0,0.45,0.0,dense,1.0,1.0,deterministic,20.0,0.1,0.95,False,10638.780577082478,1063878.0577082478,1063878.0577082478,100.0,0.0,1.0,1.0,0.35986117665382467,0.009207093164941482,0.022325709000142524,oracle,context_noise_refinement
state_thompson,20262547,100,100,2,0.0,0.45,0.0,dense,1.0,1.0,deterministic,20.0,0.1,0.95,False,4129.863089817256,412986.3089817256,918547.6987128993,44.96079077443841,505561.38973117375,0.33,0.51,0.3610934785123584,0.009238882743497896,0.03453891599997405,state_thompson,context_noise_refinement
global_ucb_tw,20262383,100,100,2,0.0,0.45,0.0,dense,1.0,1.0,deterministic,20.0,0.1,0.95,False,5329.8195047908885,532981.9504790888,986589.4522772098,54.02266862359812,453607.501798121,0.39,0.59,0.3600092162488397,0.009212035524429762,2.958593707999853,global_ucb_tw_dense,context_noise_refinement
local_ucb_tw,20262281,100,100,2,0.0,0.45,0.0,dense,1.0,1.0,deterministic,20.0,0.1,0.95,False,5254.149873070463,525414.9873070463,922462.105022469,56.95789392825502,397047.11771542265,0.38,0.65,0.36061699589655505,0.009227623247647865,3.1838638750000428,local_ucb_tw_dense,context_noise_refinement
exp4,20261404,100,100,2,0.0,0.45,0.0,dense,1.0,1.0,deterministic,20.0,0.1,0.95,False,6365.9441963035,636594.41963035,914126.9069185862,69.6396107381014,277532.48728823627,0.45,0.69,0.3605402832385038,0.009224595930367433,3.3628612499999235,exp4_dense,context_noise_refinement
tw,20261254,100,100,2,0.0,0.45,0.0,dense,1.0,1.0,deterministic,20.0,0.1,0.95,False,3979.230977084249,397923.0977084249,1015972.0686418499,39.16673597536672,618048.970933425,0.23,0.49,0.360455555679722,0.009222956820285165,3.35501212500003,tw_dense,context_noise_refinement
tm_tw,20261574,100,100,2,0.0,0.45,0.0,dense,1.0,1.0,deterministic,20.0,0.1,0.95,False,6158.082981110123,615808.2981110123,948993.610659327,64.89066851389765,333185.3125483147,0.43,0.65,0.36117754000138247,0.009241588953924221,3.352230082999995,tm_tw_dense,context_noise_refinement
tm_tw_refined,20262402,100,100,2,0.0,0.45,0.0,dense,1.0,1.0,deterministic,20.0,0.1,0.95,False,8350.781364130764,835078.1364130763,958782.4082880302,87.09777413460932,123704.27187495388,0.5,0.85,0.3606424420993517,0.009224794332891357,3.3776437089998126,tm_tw_refined_dense,context_noise_refinement
tw,20261466,100,100,2,0.0,0.45,0.0,offline,1.0,1.0,deterministic,20.0,0.1,0.95,False,5921.533728737363,592153.3728737363,976333.3027592881,60.650739988097065,384179.9298855518,0.37,0.61,0.30728308231451595,0.007862117190742396,3.149137041999893,tw_offline,context_noise_refinement
tm_tw,20261786,100,100,2,0.0,0.45,0.0,offline,1.0,1.0,deterministic,20.0,0.1,0.95,False,5687.776285874284,568777.6285874285,944174.8388704591,60.2407102129381,375397.21028303064,0.34,0.56,0.3074234568146005,0.007865065577147692,3.132923916999971,tm_tw_offline,context_noise_refinement
tm_tw_refined,20262614,100,100,2,0.0,0.45,0.0,offline,1.0,1.0,deterministic,20.0,0.1,0.95,False,8429.709083484511,842970.9083484511,934286.000805026,90.22621634297278,91315.0924565749,0.63,0.82,0.30720634329228436,0.007860928429457457,3.133629166999981,tm_tw_refined_offline,context_noise_refinement
tw,20262078,100,100,2,0.0,0.45,0.0,gated_offline,1.0,1.0,deterministic,20.0,0.1,0.95,False,4128.648009486962,412864.8009486962,1008409.8886082346,40.9421610807997,595545.0876595384,0.24,0.52,0.30677909831570743,0.007849995900699349,3.0516628750001473,tw_gated_offline,context_noise_refinement
tm_tw,20262398,100,100,2,0.0,0.45,0.0,gated_offline,1.0,1.0,deterministic,20.0,0.1,0.95,False,6046.137101720987,604613.7101720987,1011319.1426244662,59.78465992476623,406705.4324523675,0.38,0.59,0.306615642264922,0.007845813316763041,3.125351625000121,tm_tw_gated_offline,context_noise_refinement
tm_tw_refined,20263226,100,100,2,0.0,0.45,0.0,gated_offline,1.0,1.0,deterministic,20.0,0.1,0.95,False,6730.944164886094,673094.4164886094,812715.6518521394,82.82040772251156,139621.23536353,0.51,0.83,0.3070256370230339,0.007856304439489972,3.085613457999898,tm_tw_refined_gated_offline,context_noise_refinement
tw,20262358,100,100,2,0.0,0.45,0.0,support_offline,1.0,1.0,deterministic,20.0,0.1,0.95,True,5500.948168159335,550094.8168159336,880878.5702699581,62.44842767004185,330783.75345402455,0.42,0.59,0.06769628945074228,4.285682198931478e-07,2.989661708000085,tw_support_offline,context_noise_refinement
tm_tw,20262678,100,100,2,0.0,0.45,0.0,support_offline,1.0,1.0,deterministic,20.0,0.1,0.95,True,2486.8430856570544,248684.30856570546,828636.0084242587,30.011284332019997,579951.6998585532,0.15,0.49,0.06895311764864773,4.237287913173787e-07,2.9700008749998688,tm_tw_support_offline,context_noise_refinement
tm_tw_refined,20263506,100,100,2,0.0,0.45,0.0,support_offline,1.0,1.0,deterministic,20.0,0.1,0.95,True,7034.633630194445,703463.3630194445,824426.0626296061,85.32764730601353,120962.6996101616,0.61,0.86,0.07075795810309782,4.2261914934850016e-07,2.993744208999942,tm_tw_refined_support_offline,context_noise_refinement
oracle,20261640,100,100,2,0.0,0.45,0.1,dense,1.0,1.0,deterministic,20.0,0.1,0.95,False,10156.644610603957,1015664.4610603956,1056099.8405904996,96.17125408261634,40435.37953010399,0.95,0.97,0.3650734017482556,0.009340569836467486,0.024879040999849167,oracle,context_noise_refinement
state_thompson,20262538,100,100,2,0.0,0.45,0.1,dense,1.0,1.0,deterministic,20.0,0.1,0.95,False,3092.045314616065,309204.5314616065,875349.0151500307,35.32357106823389,566144.4836884242,0.2,0.34,0.36692914565438906,0.009388831708264048,0.027966250000190485,state_thompson,context_noise_refinement
global_ucb_tw,20262374,100,100,2,0.0,0.45,0.1,dense,1.0,1.0,deterministic,20.0,0.1,0.95,False,3029.681881657764,302968.1881657764,856704.4947998717,35.36437476455058,553736.3066340953,0.21,0.47,0.36716818560146036,0.009394724161479713,3.3005510840000625,global_ucb_tw_dense,context_noise_refinement
local_ucb_tw,20262272,100,100,2,0.0,0.45,0.1,dense,1.0,1.0,deterministic,20.0,0.1,0.95,False,5933.705445848834,593370.5445848834,907450.2502789631,65.38876862973731,314079.70569407975,0.39,0.71,0.3657082914364759,0.009357521958580882,3.323873666000054,local_ucb_tw_dense,context_noise_refinement
exp4,20261395,100,100,2,0.0,0.45,0.1,dense,1.0,1.0,deterministic,20.0,0.1,0.95,False,6515.9618764770275,651596.1876477028,898573.4889979432,72.51451279453386,246977.30135024048,0.46,0.7,0.3677088383115437,0.009407187706287757,3.322904792000145,exp4_dense,context_noise_refinement
tw,20261245,100,100,2,0.0,0.45,0.1,dense,1.0,1.0,deterministic,20.0,0.1,0.95,False,3204.932189690322,320493.2189690322,854956.932441215,37.486475260678546,534463.7134721829,0.29,0.57,0.36783758970606023,0.009411179768558882,3.3072326249998696,tw_dense,context_noise_refinement
tm_tw,20261565,100,100,2,0.0,0.45,0.1,dense,1.0,1.0,deterministic,20.0,0.1,0.95,False,5559.579030020351,555957.9030020351,939651.075837381,59.16642009977871,383693.17283534585,0.42,0.66,0.36731516779042217,0.009398864567791806,3.315669957999944,tm_tw_dense,context_noise_refinement
tm_tw_refined,20262393,100,100,2,0.0,0.45,0.1,dense,1.0,1.0,deterministic,20.0,0.1,0.95,False,6733.770721141095,673377.0721141095,827912.7441083235,81.33430447907267,154535.67199421395,0.45,0.65,0.36765307873886777,0.009406935989444582,3.345109332999982,tm_tw_refined_dense,context_noise_refinement
tw,20261457,100,100,2,0.0,0.45,0.1,offline,1.0,1.0,deterministic,20.0,0.1,0.95,False,6532.1038478404025,653210.3847840403,1023500.9337683205,63.82118112770583,370290.5489842802,0.36,0.62,0.31185969372419525,0.007980000367590043,3.0736826249999467,tw_offline,context_noise_refinement
tm_tw,20261777,100,100,2,0.0,0.45,0.1,offline,1.0,1.0,deterministic,20.0,0.1,0.95,False,3075.5279891556797,307552.798915568,862211.2194608062,35.67023856496552,554658.4205452383,0.21,0.5,0.31276624135530523,0.008003197499425532,3.0613776249999773,tm_tw_offline,context_noise_refinement
tm_tw_refined,20262605,100,100,2,0.0,0.45,0.1,offline,1.0,1.0,deterministic,20.0,0.1,0.95,False,5926.8654284918575,592686.5428491858,837757.3458959085,70.74680344525765,245070.80304672278,0.42,0.7,0.3124700537094815,0.007993426123958121,3.1285908330000893,tm_tw_refined_offline,context_noise_refinement
tw,20262069,100,100,2,0.0,0.45,0.1,gated_offline,1.0,1.0,deterministic,20.0,0.1,0.95,False,4419.466984115742,441946.69841157424,1025677.2648437958,43.08828064731257,583730.5664322216,0.25,0.55,0.3121279732697116,0.00798686522032645,3.0929530830001113,tw_gated_offline,context_noise_refinement
tm_tw,20262389,100,100,2,0.0,0.45,0.1,gated_offline,1.0,1.0,deterministic,20.0,0.1,0.95,False,5816.764916127423,581676.4916127423,955848.0728407601,60.85449227135147,374171.5812280178,0.36,0.62,0.3115645154458304,0.00797238770283683,2.992090208000036,tm_tw_gated_offline,context_noise_refinement
tm_tw_refined,20263217,100,100,2,0.0,0.45,0.1,gated_offline,1.0,1.0,deterministic,20.0,0.1,0.95,False,7657.5489641842605,765754.8964184261,1018807.2079743693,75.16190408005933,253052.31155594322,0.5,0.75,0.3118508849791328,0.007979496674115252,3.118271625000034,tm_tw_refined_gated_offline,context_noise_refinement
tw,20262349,100,100,2,0.0,0.45,0.1,support_offline,1.0,1.0,deterministic,20.0,0.1,0.95,True,4666.184974145477,466618.4974145477,859036.0662149093,54.318848272641844,392417.5688003616,0.36,0.64,0.0703300680212295,0.00030001282839454214,2.9222276670000156,tw_support_offline,context_noise_refinement
tm_tw,20262669,100,100,2,0.0,0.45,0.1,support_offline,1.0,1.0,deterministic,20.0,0.1,0.95,True,4490.597283565086,449059.7283565086,975053.4309622456,46.054884183459315,525993.7026057369,0.26,0.54,0.07255535369476777,0.0002802309940008248,2.990079417000061,tm_tw_support_offline,context_noise_refinement
tm_tw_refined,20263497,100,100,2,0.0,0.45,0.1,support_offline,1.0,1.0,deterministic,20.0,0.1,0.95,True,5460.7604851912565,546076.0485191257,881974.6428829302,61.915164219932066,335898.59436380456,0.36,0.68,0.07109530384235735,0.0002944342360598975,3.1128682500000195,tm_tw_refined_support_offline,context_noise_refinement
oracle,20261641,100,100,2,0.0,0.45,0.1,dense,1.0,1.0,deterministic,20.0,0.1,0.95,False,10819.91476866561,1081991.476866561,1092853.4708515948,99.00608871411008,10861.993985033827,0.89,0.94,0.365688181227592,0.009357371172662702,0.024700541000129306,oracle,context_noise_refinement
state_thompson,20262539,100,100,2,0.0,0.45,0.1,dense,1.0,1.0,deterministic,20.0,0.1,0.95,False,6782.037171253131,678203.7171253131,1079486.4641394033,62.826514241287505,401282.7470140902,0.36,0.55,0.36649312911537363,0.009377984279194475,0.028189625000095475,state_thompson,context_noise_refinement
global_ucb_tw,20262375,100,100,2,0.0,0.45,0.1,dense,1.0,1.0,deterministic,20.0,0.1,0.95,False,7660.655085043134,766065.5085043134,1230691.6134374107,62.24674810000834,464626.10493309726,0.35,0.62,0.3657954987873756,0.009358257574092664,3.2812752919999184,global_ucb_tw_dense,context_noise_refinement
local_ucb_tw,20262273,100,100,2,0.0,0.45,0.1,dense,1.0,1.0,deterministic,20.0,0.1,0.95,False,6852.977319167938,685297.7319167937,1288952.216205464,53.167039344114414,603654.4842886702,0.34,0.55,0.36710321716716576,0.009391444516886805,3.380105459000106,local_ucb_tw_dense,context_noise_refinement
exp4,20261396,100,100,2,0.0,0.45,0.1,dense,1.0,1.0,deterministic,20.0,0.1,0.95,False,9316.455470233694,931645.5470233693,1181055.4158936685,78.8824583915414,249409.8688702992,0.47,0.69,0.3671020692178007,0.009393566101209302,3.3176513749999685,exp4_dense,context_noise_refinement
tw,20261246,100,100,2,0.0,0.45,0.1,dense,1.0,1.0,deterministic,20.0,0.1,0.95,False,4444.853203796151,444485.3203796151,1189656.1114756425,37.362504684507364,745170.7910960275,0.31,0.49,0.36673723637751693,0.009384230601116917,3.2929942499999925,tw_dense,context_noise_refinement
tm_tw,20261566,100,100,2,0.0,0.45,0.1,dense,1.0,1.0,deterministic,20.0,0.1,0.95,False,6560.885048634823,656088.5048634823,1138523.958737556,57.62623613041761,482435.4538740736,0.36,0.51,0.36674754270445653,0.009384494323856412,3.317025249999915,tm_tw_dense,context_noise_refinement
tm_tw_refined,20262394,100,100,2,0.0,0.45,0.1,dense,1.0,1.0,deterministic,20.0,0.1,0.95,False,9572.898181367353,957289.8181367352,1188122.217384718,80.57166208404986,230832.39924798266,0.49,0.74,0.3677878455488728,0.00941031046026944,3.329091958999925,tm_tw_refined_dense,context_noise_refinement
tw,20261458,100,100,2,0.0,0.45,0.1,offline,1.0,1.0,deterministic,20.0,0.1,0.95,False,4197.509306515207,419750.9306515207,1092773.3626407424,38.41152658014753,673022.4319892217,0.2,0.49,0.3117612019357328,0.007977480117221198,3.074252500000057,tw_offline,context_noise_refinement
tm_tw,20261778,100,100,2,0.0,0.45,0.1,offline,1.0,1.0,deterministic,20.0,0.1,0.95,False,6553.793983553862,655379.3983553862,1207527.6704151717,54.27448284725881,552148.2720597854,0.35,0.53,0.31151560459650746,0.007971195666563624,3.0923035829998753,tm_tw_offline,context_noise_refinement
tm_tw_refined,20262606,100,100,2,0.0,0.45,0.1,offline,1.0,1.0,deterministic,20.0,0.1,0.95,False,10229.329357264824,1022932.9357264824,1194114.843226269,85.66453566247566,171181.90749978647,0.52,0.75,0.31237673696841967,0.00799323069315632,3.0842274579999867,tm_tw_refined_offline,context_noise_refinement
tw,20262070,100,100,2,0.0,0.45,0.1,gated_offline,1.0,1.0,deterministic,20.0,0.1,0.95,False,4345.540586632033,434554.0586632034,1069176.0922929128,40.64382488494257,634622.0336297094,0.21,0.43,0.311723719716233,0.007976409643376372,3.0888175830000364,tw_gated_offline,context_noise_refinement
tm_tw,20262390,100,100,2,0.0,0.45,0.1,gated_offline,1.0,1.0,deterministic,20.0,0.1,0.95,False,4632.486277172424,463248.62771724234,1047228.0679131262,44.23569630256239,583979.4401958839,0.29,0.56,0.313324346344967,0.008016339992477889,3.0972745839999334,tm_tw_gated_offline,context_noise_refinement
tm_tw_refined,20263218,100,100,2,0.0,0.45,0.1,gated_offline,1.0,1.0,deterministic,20.0,0.1,0.95,False,10698.925484038804,1069892.5484038803,1243036.6581707043,86.07087662067595,173144.10976682394,0.54,0.8,0.311933933640765,0.007981900050599545,3.113058583999873,tm_tw_refined_gated_offline,context_noise_refinement
tw,20262350,100,100,2,0.0,0.45,0.1,support_offline,1.0,1.0,deterministic,20.0,0.1,0.95,True,3141.7235362271,314172.35362271,1017273.4793166304,30.883765281461997,703101.1256939204,0.19,0.57,0.0727027897651877,0.0002774598866915729,2.9960413750000043,tw_support_offline,context_noise_refinement
tm_tw,20262670,100,100,2,0.0,0.45,0.1,support_offline,1.0,1.0,deterministic,20.0,0.1,0.95,True,6242.3443106219775,624234.4310621978,1191494.466520838,52.390879572018605,567260.0354586402,0.37,0.62,0.07206674148462797,0.0002479495975637227,2.996202209000103,tm_tw_support_offline,context_noise_refinement
tm_tw_refined,20263498,100,100,2,0.0,0.45,0.1,support_offline,1.0,1.0,deterministic,20.0,0.1,0.95,True,9310.819014356219,931081.9014356219,1134411.8492417955,82.07617912823522,203329.9478061736,0.46,0.78,0.07162658237069003,0.00028976833684670226,2.9585526250000385,tm_tw_refined_support_offline,context_noise_refinement
oracle,20261642,100,100,2,0.0,0.45,0.1,dense,1.0,1.0,deterministic,20.0,0.1,0.95,False,11898.019204320412,1189801.9204320412,1213149.0731859526,98.07549185257196,23347.152753911447,0.94,0.98,0.36668212050294635,0.009381350203449074,0.02502120899998772,oracle,context_noise_refinement
state_thompson,20262540,100,100,2,0.0,0.45,0.1,dense,1.0,1.0,deterministic,20.0,0.1,0.95,False,4440.085555605396,444008.55556053953,1059423.932006742,41.91037620978661,615415.3764462026,0.21,0.37,0.3657415965301024,0.009358037805143084,0.02824024999995345,state_thompson,context_noise_refinement
global_ucb_tw,20262376,100,100,2,0.0,0.45,0.1,dense,1.0,1.0,deterministic,20.0,0.1,0.95,False,5725.299447618396,572529.9447618396,994345.7333018661,57.57855900489186,421815.7885400265,0.4,0.56,0.36605349588065017,0.009366734754343086,3.320787375000009,global_ucb_tw_dense,context_noise_refinement
local_ucb_tw,20262274,100,100,2,0.0,0.45,0.1,dense,1.0,1.0,deterministic,20.0,0.1,0.95,False,5856.607772893658,585660.7772893658,1012008.6143787192,57.87112569678153,426347.8370893535,0.36,0.61,0.36597341508413656,0.00936468561237804,3.3955367500000193,local_ucb_tw_dense,context_noise_refinement
exp4,20261397,100,100,2,0.0,0.45,0.1,dense,1.0,1.0,deterministic,20.0,0.1,0.95,False,3514.5961726114647,351459.6172611465,897166.7812608685,39.17439038115175,545707.1639997221,0.23,0.53,0.36666595763342363,0.009381152614884222,3.322189250000065,exp4_dense,context_noise_refinement
tw,20261247,100,100,2,0.0,0.45,0.1,dense,1.0,1.0,deterministic,20.0,0.1,0.95,False,2821.468356893686,282146.8356893686,846460.8090888096,33.33253384679338,564313.973399441,0.19,0.44,0.3656141518818809,0.009353502018211524,3.411342667000099,tw_dense,context_noise_refinement
tm_tw,20261567,100,100,2,0.0,0.45,0.1,dense,1.0,1.0,deterministic,20.0,0.1,0.95,False,4930.960138631054,493096.0138631054,920281.8086149888,53.58098022226561,427185.7947518834,0.32,0.57,0.3653228122912492,0.009348037707467997,3.29872424999985,tm_tw_dense,context_noise_refinement
tm_tw_refined,20262395,100,100,2,0.0,0.45,0.1,dense,1.0,1.0,deterministic,20.0,0.1,0.95,False,7010.292470853662,701029.2470853662,1094109.538417538,64.07304044705593,393080.29133217176,0.42,0.64,0.36499459509171045,0.009339616893883344,3.31504262500016,tm_tw_refined_dense,context_noise_refinement
tw,20261459,100,100,2,0.0,0.45,0.1,offline,1.0,1.0,deterministic,20.0,0.1,0.95,False,4506.504721132899,450650.4721132899,898206.9810904347,50.17222996487897,447556.5089771448,0.24,0.42,0.31247299158950254,0.00799569369792122,3.0809885420001137,tw_offline,context_noise_refinement
tm_tw,20261779,100,100,2,0.0,0.45,0.1,offline,1.0,1.0,deterministic,20.0,0.1,0.95,False,3918.9300768576113,391893.00768576114,827383.3795805846,47.36534687032494,435490.37189482345,0.3,0.51,0.3112547217125595,0.007964520082794071,3.093435666000005,tm_tw_offline,context_noise_refinement
tm_tw_refined,20262607,100,100,2,0.0,0.45,0.1,offline,1.0,1.0,deterministic,20.0,0.1,0.95,False,4446.948198642022,444694.81986420223,837173.5227223538,53.11859582206161,392478.7028581516,0.35,0.67,0.31127378560987584,0.007964639288691714,3.0847971670000334,tm_tw_refined_offline,context_noise_refinement
tw,20262071,100,100,2,0.0,0.45,0.1,gated_offline,1.0,1.0,deterministic,20.0,0.1,0.95,False,3662.573172312275,366257.31723122747,826338.3250066364,44.322925144284696,460081.007775409,0.29,0.48,0.31193276789394575,0.007981870220967075,3.1091925420000734,tw_gated_offline,context_noise_refinement
tm_tw,20262391,100,100,2,0.0,0.45,0.1,gated_offline,1.0,1.0,deterministic,20.0,0.1,0.95,False,6309.885708392219,630988.5708392219,1109383.1899514205,56.87742310813748,478394.6191121986,0.3,0.6,0.3107945335522995,0.007952744589641424,3.110922291999941,tm_tw_gated_offline,context_noise_refinement
tm_tw_refined,20263219,100,100,2,0.0,0.45,0.1,gated_offline,1.0,1.0,deterministic,20.0,0.1,0.95,False,5006.8077753694115,500680.7775369411,889283.8906706104,56.30156835061714,388603.11313366925,0.35,0.54,0.31118774759221773,0.007962652220183756,3.109799542000019,tm_tw_refined_gated_offline,context_noise_refinement
tw,20262351,100,100,2,0.0,0.45,0.1,support_offline,1.0,1.0,deterministic,20.0,0.1,0.95,True,3759.385388661356,375938.5388661356,863672.5461500149,43.527901927872236,487734.00728387927,0.18,0.5,0.06798239398570267,0.00028663662570560067,2.980792541000028,tw_support_offline,context_noise_refinement
tm_tw,20262671,100,100,2,0.0,0.45,0.1,support_offline,1.0,1.0,deterministic,20.0,0.1,0.95,True,3632.1151334975148,363211.5133497515,974634.1715047978,37.266445602760555,611422.6581550463,0.34,0.56,0.07254944748767614,0.0002628457275458133,3.0166997919998266,tm_tw_support_offline,context_noise_refinement
tm_tw_refined,20263499,100,100,2,0.0,0.45,0.1,support_offline,1.0,1.0,deterministic,20.0,0.1,0.95,True,5530.551099833065,553055.1099833065,943433.2662556951,58.62154004578148,390378.15627238865,0.37,0.66,0.07144181453344357,0.00025872096235092165,3.0068399580000005,tm_tw_refined_support_offline,context_noise_refinement
oracle,20261643,100,100,2,0.0,0.45,0.1,dense,1.0,1.0,deterministic,20.0,0.1,0.95,False,10565.767251914825,1056576.7251914826,1106803.6483900503,95.46198431206588,50226.9231985677,0.93,0.95,0.3661009098532385,0.009367646591994065,0.024987083999803872,oracle,context_noise_refinement
state_thompson,20262541,100,100,2,0.0,0.45,0.1,dense,1.0,1.0,deterministic,20.0,0.1,0.95,False,4613.714930807411,461371.49308074114,1102039.9952872957,41.86522222911376,640668.5022065545,0.22,0.45,0.3668308030573923,0.00938638311588417,0.028288500000144268,state_thompson,context_noise_refinement
global_ucb_tw,20262377,100,100,2,0.0,0.45,0.1,dense,1.0,1.0,deterministic,20.0,0.1,0.95,False,5289.115466045951,528911.546604595,980118.674475135,53.964031129988754,451207.12787054,0.4,0.57,0.36643149276766235,0.009376243831207682,3.305728957999918,global_ucb_tw_dense,context_noise_refinement
local_ucb_tw,20262275,100,100,2,0.0,0.45,0.1,dense,1.0,1.0,deterministic,20.0,0.1,0.95,False,6261.853059697001,626185.3059697001,1167120.8664088603,53.65213869377756,540935.5604391602,0.4,0.6,0.366325540984803,0.00937359866771179,3.59204645900013,local_ucb_tw_dense,context_noise_refinement
exp4,20261398,100,100,2,0.0,0.45,0.1,dense,1.0,1.0,deterministic,20.0,0.1,0.95,False,6902.063707220098,690206.3707220098,1035963.241871959,66.62460045153964,345756.87114994915,0.48,0.7,0.3658857775451562,0.009362399811812666,3.3652823330000956,exp4_dense,context_noise_refinement
tw,20261248,100,100,2,0.0,0.45,0.1,dense,1.0,1.0,deterministic,20.0,0.1,0.95,False,5080.397255641536,508039.7255641536,1030823.6698962569,49.28483312915032,522783.9443321033,0.28,0.66,0.3664234659795782,0.009376201708825681,3.285421832999873,tw_dense,context_noise_refinement
tm_tw,20261568,100,100,2,0.0,0.45,0.1,dense,1.0,1.0,deterministic,20.0,0.1,0.95,False,6233.569720027997,623356.9720027997,1073322.0767703361,58.07734560706165,449965.1047675364,0.39,0.6,0.3659554823933582,0.009364226742950914,3.3122509170000285,tm_tw_dense,context_noise_refinement
tm_tw_refined,20262396,100,100,2,0.0,0.45,0.1,dense,1.0,1.0,deterministic,20.0,0.1,0.95,False,7630.715385994526,763071.5385994526,1043487.9777645997,73.12700815529604,280416.43916514714,0.46,0.73,0.3675238012210563,0.009404161406456165,3.3252634589998706,tm_tw_refined_dense,context_noise_refinement
tw,20261460,100,100,2,0.0,0.45,0.1,offline,1.0,1.0,deterministic,20.0,0.1,0.95,False,3718.783818664044,371878.3818664044,1021043.9753308472,36.42138740850072,649165.5934644428,0.21,0.5,0.3119003275006221,0.007981040122189139,3.080228541999986,tw_offline,context_noise_refinement
tm_tw,20261780,100,100,2,0.0,0.45,0.1,offline,1.0,1.0,deterministic,20.0,0.1,0.95,False,5303.517354249903,530351.7354249903,984481.6325264686,53.8711660941761,454129.8971014783,0.38,0.56,0.3118106749883331,0.007977379964595386,3.0857377499999075,tm_tw_offline,context_noise_refinement
tm_tw_refined,20262608,100,100,2,0.0,0.45,0.1,offline,1.0,1.0,deterministic,20.0,0.1,0.95,False,7930.419332135487,793041.9332135487,1068891.1381995596,74.19295612735162,275849.2049860109,0.44,0.71,0.3109190040244474,0.007955929593774638,3.073165708000033,tm_tw_refined_offline,context_noise_refinement
tw,20262072,100,100,2,0.0,0.45,0.1,gated_offline,1.0,1.0,deterministic,20.0,0.1,0.95,False,2725.9699355427238,272596.9935542724,920309.1094213494,29.620155963214316,647712.1158670769,0.18,0.47,0.3125054826776678,0.007996525093900633,3.074081041999989,tw_gated_offline,context_noise_refinement
tm_tw,20262392,100,100,2,0.0,0.45,0.1,gated_offline,1.0,1.0,deterministic,20.0,0.1,0.95,False,4788.52461641951,478852.461641951,1029794.6106714708,46.49980264799778,550942.1490295198,0.34,0.61,0.3119217839452065,0.007980935843064146,3.1176473329999226,tm_tw_gated_offline,context_noise_refinement
tm_tw_refined,20263220,100,100,2,0.0,0.45,0.1,gated_offline,1.0,1.0,deterministic,20.0,0.1,0.95,False,8747.011569981243,874701.1569981243,1110858.6231435258,78.74099716873788,236157.46614540147,0.55,0.83,0.31258651708843016,0.007998598637358424,3.116219459000149,tm_tw_refined_gated_offline,context_noise_refinement
tw,20262352,100,100,2,0.0,0.45,0.1,support_offline,1.0,1.0,deterministic,20.0,0.1,0.95,True,5518.1492315303185,551814.9231530319,1035338.2977723717,53.298030637938716,483523.3746193398,0.37,0.65,0.06934342980176711,0.00026250233051528497,2.992342583999971,tw_support_offline,context_noise_refinement
tm_tw,20262672,100,100,2,0.0,0.45,0.1,support_offline,1.0,1.0,deterministic,20.0,0.1,0.95,True,7926.282239189953,792628.2239189952,1079925.9493089812,73.39653468149174,287297.72538998595,0.48,0.64,0.07042794221796501,0.00023895073668609495,2.9929727500000354,tm_tw_support_offline,context_noise_refinement
tm_tw_refined,20263500,100,100,2,0.0,0.45,0.1,support_offline,1.0,1.0,deterministic,20.0,0.1,0.95,True,7204.2341689301575,720423.4168930157,998488.7673359953,72.1513792103172,278065.3504429796,0.43,0.69,0.07313483512484276,0.0003035241135233365,3.0021478749999915,tm_tw_refined_support_offline,context_noise_refinement
oracle,20261644,100,100,2,0.0,0.45,0.1,dense,1.0,1.0,deterministic,20.0,0.1,0.95,False,9174.299798022723,917429.9798022723,1022597.1811566781,89.71567658386763,105167.20135440584,0.85,0.94,0.36667517112234743,0.00938263178200874,0.02514166700007081,oracle,context_noise_refinement
state_thompson,20262542,100,100,2,0.0,0.45,0.1,dense,1.0,1.0,deterministic,20.0,0.1,0.95,False,4545.769343804477,454576.93438044767,913277.7905966437,49.774224125550326,458700.856216196,0.25,0.52,0.36631114610172727,0.009373327619340647,0.028151457999911145,state_thompson,context_noise_refinement
global_ucb_tw,20262378,100,100,2,0.0,0.45,0.1,dense,1.0,1.0,deterministic,20.0,0.1,0.95,False,6276.27713661863,627627.713661863,992655.6191509408,63.2271355295101,365027.9054890778,0.39,0.63,0.36699048906870285,0.009390188781527692,3.310658999999987,global_ucb_tw_dense,context_noise_refinement
local_ucb_tw,20262276,100,100,2,0.0,0.45,0.1,dense,1.0,1.0,deterministic,20.0,0.1,0.95,False,5494.2287302821505,549422.873028215,930682.794825122,59.034385945799414,381259.921796907,0.37,0.59,0.36723425978055163,0.009393936656077061,3.3057316659999287,local_ucb_tw_dense,context_noise_refinement
exp4,20261399,100,100,2,0.0,0.45,0.1,dense,1.0,1.0,deterministic,20.0,0.1,0.95,False,5707.218520874333,570721.8520874333,966642.7947756428,59.04164963231299,395920.94268820947,0.38,0.69,0.36620881492130203,0.009368681540954759,3.326006541999959,exp4_dense,context_noise_refinement
tw,20261249,100,100,2,0.0,0.45,0.1,dense,1.0,1.0,deterministic,20.0,0.1,0.95,False,4760.35670200293,476035.67020029307,872647.9508654556,54.550711971325995,396612.2806651625,0.31,0.57,0.3663120106503025,0.009372308135602327,3.279092750000018,tw_dense,context_noise_refinement
tm_tw,20261569,100,100,2,0.0,0.45,0.1,dense,1.0,1.0,deterministic,20.0,0.1,0.95,False,5134.882468401085,513488.2468401085,932100.9698055364,55.08933725787638,418612.72296542797,0.35,0.59,0.3659591501215485,0.009364076567502036,3.283376291999957,tm_tw_dense,context_noise_refinement
tm_tw_refined,20262397,100,100,2,0.0,0.45,0.1,dense,1.0,1.0,deterministic,20.0,0.1,0.95,False,6853.01064650986,685301.064650986,983520.0309359275,69.67840441427987,298218.96628494153,0.39,0.71,0.365728544390368,0.009358419755437861,3.299830375000056,tm_tw_refined_dense,context_noise_refinement
tw,20261461,100,100,2,0.0,0.45,0.1,offline,1.0,1.0,deterministic,20.0,0.1,0.95,False,4974.210557374157,497421.05573741574,966775.2098893238,51.45157329741216,469354.15415190806,0.29,0.57,0.31172652043514787,0.007976592672023936,3.060218916999929,tw_offline,context_noise_refinement
tm_tw,20261781,100,100,2,0.0,0.45,0.1,offline,1.0,1.0,deterministic,20.0,0.1,0.95,False,4403.857333473133,440385.73334731325,974509.8290904117,45.190486560649745,534124.0957430984,0.3,0.47,0.3117576230104547,0.007977388538137372,3.096579416000168,tm_tw_offline,context_noise_refinement
tm_tw_refined,20262609,100,100,2,0.0,0.45,0.1,offline,1.0,1.0,deterministic,20.0,0.1,0.95,False,5994.63846092227,599463.8460922269,902931.1273871838,66.39087167444303,303467.2812949569,0.36,0.69,0.3127027214523855,0.008001572124749518,3.0715074579998145,tm_tw_refined_offline,context_noise_refinement
tw,20262073,100,100,2,0.0,0.45,0.1,gated_offline,1.0,1.0,deterministic,20.0,0.1,0.95,False,3289.418762728312,328941.87627283117,950263.0173666738,34.61587689526002,621321.1410938427,0.23,0.43,0.31224236496255336,0.007987906168241111,3.0869077919996926,tw_gated_offline,context_noise_refinement
tm_tw,20262393,100,100,2,0.0,0.45,0.1,gated_offline,1.0,1.0,deterministic,20.0,0.1,0.95,False,4187.258904960133,418725.8904960133,929195.9208750436,45.063251042007394,510470.03037903033,0.31,0.63,0.31202420527965513,0.007984209960235264,3.104463499999838,tm_tw_gated_offline,context_noise_refinement
tm_tw_refined,20263221,100,100,2,0.0,0.45,0.1,gated_offline,1.0,1.0,deterministic,20.0,0.1,0.95,False,8047.27445429906,804727.445429906,1054898.5089677933,76.28482158130292,250171.0635378873,0.48,0.73,0.31142399437598706,0.007968851504723732,3.254857291999997,tm_tw_refined_gated_offline,context_noise_refinement
tw,20262353,100,100,2,0.0,0.45,0.1,support_offline,1.0,1.0,deterministic,20.0,0.1,0.95,True,6184.878815759704,618487.8815759703,928496.3111876152,66.61177584915538,310008.4296116448,0.52,0.7,0.07064919489691282,0.00024669523182136604,2.9644187499998225,tw_support_offline,context_noise_refinement
tm_tw,20262673,100,100,2,0.0,0.45,0.1,support_offline,1.0,1.0,deterministic,20.0,0.1,0.95,True,7445.561016584014,744556.1016584014,969627.0557573626,76.78788429401227,225070.9540989612,0.47,0.7,0.07338500941801233,0.00029230981386058476,2.9458791659999406,tm_tw_support_offline,context_noise_refinement
tm_tw_refined,20263501,100,100,2,0.0,0.45,0.1,support_offline,1.0,1.0,deterministic,20.0,0.1,0.95,True,5676.3256395114695,567632.5639511469,946695.5316415953,59.95935810184473,379062.9676904484,0.44,0.76,0.07422195765840842,0.0002458822740082841,2.9814593749997584,tm_tw_refined_support_offline,context_noise_refinement
oracle,20261645,100,100,2,0.0,0.45,0.1,dense,1.0,1.0,deterministic,20.0,0.1,0.95,False,9475.356063673906,947535.6063673905,949463.3957571677,99.79696011469301,1927.78938977723,0.94,0.96,0.36420595953812385,0.009319459197452636,0.025058083000203624,oracle,context_noise_refinement
state_thompson,20262543,100,100,2,0.0,0.45,0.1,dense,1.0,1.0,deterministic,20.0,0.1,0.95,False,5450.0520257367825,545005.2025736782,917717.1158566899,59.38705873050164,372711.91328301164,0.41,0.57,0.36803264208946845,0.009412966612212808,0.028660375000072236,state_thompson,context_noise_refinement
global_ucb_tw,20262379,100,100,2,0.0,0.45,0.1,dense,1.0,1.0,deterministic,20.0,0.1,0.95,False,3058.9019055905082,305890.1905590508,836886.3060022556,36.55098528499836,530996.1154432048,0.25,0.54,0.3666307775888583,0.009380999794068357,3.3083619579997503,global_ucb_tw_dense,context_noise_refinement
local_ucb_tw,20262277,100,100,2,0.0,0.45,0.1,dense,1.0,1.0,deterministic,20.0,0.1,0.95,False,5681.828562488863,568182.8562488863,871053.2542292681,65.22940514717784,302870.39798038173,0.46,0.6,0.36623478728979564,0.00937119952334557,3.271994749999976,local_ucb_tw_dense,context_noise_refinement
exp4,20261400,100,100,2,0.0,0.45,0.1,dense,1.0,1.0,deterministic,20.0,0.1,0.95,False,6695.43290678754,669543.290678754,833790.2669033014,80.30116412433537,164246.97622454737,0.49,0.7,0.3668642533335128,0.009387141929229518,3.318782542000008,exp4_dense,context_noise_refinement
tw,20261250,100,100,2,0.0,0.45,0.1,dense,1.0,1.0,deterministic,20.0,0.1,0.95,False,3890.490518068812,389049.0518068812,906706.0011352286,42.90796038845864,517656.94932834734,0.3,0.52,0.366277435824029,0.009372465026213556,3.2815639170003124,tw_dense,context_noise_refinement
tm_tw,20261570,100,100,2,0.0,0.45,0.1,dense,1.0,1.0,deterministic,20.0,0.1,0.95,False,4748.946175334222,474894.61753342225,916415.4134844475,51.820889363673025,441520.79595102527,0.39,0.58,0.36642875411691456,0.009375786182719163,3.2588738330000524,tm_tw_dense,context_noise_refinement
tm_tw_refined,20262398,100,100,2,0.0,0.45,0.1,dense,1.0,1.0,deterministic,20.0,0.1,0.95,False,7393.753602945042,739375.3602945042,879040.7724531656,84.11161159579743,139665.4121586614,0.58,0.75,0.36604004082273917,0.009363364149823823,3.2486025829998653,tm_tw_refined_dense,context_noise_refinement
tw,20261462,100,100,2,0.0,0.45,0.1,offline,1.0,1.0,deterministic,20.0,0.1,0.95,False,7303.551530135608,730355.1530135608,1037543.5608081631,70.3927218674725,307188.40779460233,0.49,0.71,0.3118602439604029,0.007980014447271476,2.767002291999688,tw_offline,context_noise_refinement
tm_tw,20261782,100,100,2,0.0,0.45,0.1,offline,1.0,1.0,deterministic,20.0,0.1,0.95,False,5587.22433945729,558722.4339457289,931108.0997969812,60.00618339240661,372385.66585125227,0.42,0.63,0.31147762178386623,0.007970077905647258,2.7602149160002227,tm_tw_offline,context_noise_refinement
tm_tw_refined,20262610,100,100,2,0.0,0.45,0.1,offline,1.0,1.0,deterministic,20.0,0.1,0.95,False,8511.504193967805,851150.4193967805,948235.764958567,89.76147608543023,97085.34556178644,0.6,0.83,0.3115993848230148,0.00797333947113914,2.701585666000028,tm_tw_refined_offline,context_noise_refinement
tw,20262074,100,100,2,0.0,0.45,0.1,gated_offline,1.0,1.0,deterministic,20.0,0.1,0.95,False,6678.746444327931,667874.6444327931,884584.0576234588,75.50154659435289,216709.41319066565,0.47,0.7,0.3113352495130771,0.00796658066289039,2.728642583000237,tw_gated_offline,context_noise_refinement
tm_tw,20262394,100,100,2,0.0,0.45,0.1,gated_offline,1.0,1.0,deterministic,20.0,0.1,0.95,False,5590.692902476465,559069.2902476465,974668.1661398088,57.35996205373678,415598.8758921623,0.4,0.6,0.31196564596927545,0.007981195359470958,2.750203041000077,tm_tw_gated_offline,context_noise_refinement
tm_tw_refined,20263222,100,100,2,0.0,0.45,0.1,gated_offline,1.0,1.0,deterministic,20.0,0.1,0.95,False,7929.9866570428285,792998.6657042828,898263.4771379741,88.28129896040262,105264.8114336913,0.61,0.88,0.31169862534246595,0.00797534109302596,2.847481291999884,tm_tw_refined_gated_offline,context_noise_refinement
tw,20262354,100,100,2,0.0,0.45,0.1,support_offline,1.0,1.0,deterministic,20.0,0.1,0.95,True,5319.87551683204,531987.551683204,809120.1756614826,65.74889215292234,277132.6239782786,0.45,0.63,0.07281469818871267,0.0002782006632090317,2.643134708999696,tw_support_offline,context_noise_refinement
tm_tw,20262674,100,100,2,0.0,0.45,0.1,support_offline,1.0,1.0,deterministic,20.0,0.1,0.95,True,3004.3069299307763,300430.6929930776,894286.1059830872,33.59447172253836,593855.4129900096,0.19,0.5,0.0704609740004145,0.00022927605881699516,2.7908745839999938,tm_tw_support_offline,context_noise_refinement
tm_tw_refined,20263502,100,100,2,0.0,0.45,0.1,support_offline,1.0,1.0,deterministic,20.0,0.1,0.95,True,7620.024197364472,762002.4197364472,836431.8117778567,91.10155890852502,74429.3920414095,0.56,0.84,0.07239301667415972,0.0002783769226328111,2.722323209000024,tm_tw_refined_support_offline,context_noise_refinement
oracle,20261646,100,100,2,0.0,0.45,0.1,dense,1.0,1.0,deterministic,20.0,0.1,0.95,False,12282.010717039231,1228201.0717039232,1300007.8358749414,94.4764360498881,71806.76417101827,0.87,0.94,0.36766426586879764,0.009406205461177005,0.025271209000038652,oracle,context_noise_refinement
state_thompson,20262544,100,100,2,0.0,0.45,0.1,dense,1.0,1.0,deterministic,20.0,0.1,0.95,False,6479.9807382431345,647998.0738243135,1164091.7730688592,55.66554878366816,516093.6992445458,0.32,0.48,0.36627966450080235,0.009370383936354917,0.028720833000079438,state_thompson,context_noise_refinement
global_ucb_tw,20262380,100,100,2,0.0,0.45,0.1,dense,1.0,1.0,deterministic,20.0,0.1,0.95,False,6277.69334230955,627769.334230955,1258282.044566018,49.89098723470006,630512.710335063,0.43,0.57,0.3660487164805802,0.00936661245699244,3.057772291999754,global_ucb_tw_dense,context_noise_refinement
local_ucb_tw,20262278,100,100,2,0.0,0.45,0.1,dense,1.0,1.0,deterministic,20.0,0.1,0.95,False,4828.906428699384,482890.6428699384,873598.4595466914,55.276041022383374,390707.816676753,0.35,0.6,0.3649375637172991,0.009337821503659156,3.1127598340003715,local_ucb_tw_dense,context_noise_refinement
exp4,20261401,100,100,2,0.0,0.45,0.1,dense,1.0,1.0,deterministic,20.0,0.1,0.95,False,10237.869338906306,1023786.9338906306,1352360.9636061285,75.70367390379702,328574.02971549786,0.48,0.73,0.3665080347721988,0.00937787419122992,3.1094245829999636,exp4_dense,context_noise_refinement
tw,20261251,100,100,2,0.0,0.45,0.1,dense,1.0,1.0,deterministic,20.0,0.1,0.95,False,6098.596563755453,609859.6563755453,1253110.69909013,48.66766015311798,643251.0427145846,0.3,0.48,0.3655129364964579,0.009352830094997166,3.0456870839998373,tw_dense,context_noise_refinement
tm_tw,20261571,100,100,2,0.0,0.45,0.1,dense,1.0,1.0,deterministic,20.0,0.1,0.95,False,4170.7248638356505,417072.48638356506,1176795.2040566187,35.44138223421062,759722.7176730537,0.27,0.51,0.36662332292710376,0.009380539907192387,3.137986291999823,tm_tw_dense,context_noise_refinement
tm_tw_refined,20262399,100,100,2,0.0,0.45,0.1,dense,1.0,1.0,deterministic,20.0,0.1,0.95,False,8058.523508512607,805852.3508512607,1086599.052268144,74.16280634233405,280746.70141688327,0.43,0.73,0.3659184048774894,0.00936273292456309,2.950500750000174,tm_tw_refined_dense,context_noise_refinement
tw,20261463,100,100,2,0.0,0.45,0.1,offline,1.0,1.0,deterministic,20.0,0.1,0.95,False,6364.495521773335,636449.5521773335,1383943.7604103093,45.98810807085398,747494.2082329758,0.35,0.52,0.3110169309535116,0.00795713856396332,2.864820041999792,tw_offline,context_noise_refinement
tm_tw,20261783,100,100,2,0.0,0.45,0.1,offline,1.0,1.0,deterministic,20.0,0.1,0.95,False,6756.355183594017,675635.5183594017,1313150.878872641,51.45147669089211,637515.3605132392,0.34,0.63,0.3122305988577025,0.007989491248140789,2.8622527090001313,tm_tw_offline,context_noise_refinement
tm_tw_refined,20262611,100,100,2,0.0,0.45,0.1,offline,1.0,1.0,deterministic,20.0,0.1,0.95,False,9230.846859034447,923084.6859034448,1150766.1823562707,80.21479081122867,227681.49645282596,0.42,0.76,0.31220043649598617,0.007988719440618278,2.8889745000001312,tm_tw_refined_offline,context_noise_refinement
tw,20262075,100,100,2,0.0,0.45,0.1,gated_offline,1.0,1.0,deterministic,20.0,0.1,0.95,False,4233.131194910948,423313.1194910947,1114870.921701865,37.969697769576925,691557.8022107703,0.18,0.43,0.311699769071698,0.007975123018258826,2.893942125000194,tw_gated_offline,context_noise_refinement
tm_tw,20262395,100,100,2,0.0,0.45,0.1,gated_offline,1.0,1.0,deterministic,20.0,0.1,0.95,False,5982.704535696318,598270.4535696318,1188597.3854819683,50.334155272185555,590326.9319123365,0.32,0.59,0.31185892457455994,0.00797998068625739,3.007193667000138,tm_tw_gated_offline,context_noise_refinement
tm_tw_refined,20263223,100,100,2,0.0,0.45,0.1,gated_offline,1.0,1.0,deterministic,20.0,0.1,0.95,False,8008.520726970007,800852.0726970007,1137393.3681421345,70.41117832479942,336541.2954451338,0.41,0.72,0.3107500176633333,0.007951605497872076,2.8890539590001936,tm_tw_refined_gated_offline,context_noise_refinement
tw,20262355,100,100,2,0.0,0.45,0.1,support_offline,1.0,1.0,deterministic,20.0,0.1,0.95,True,8823.504274991648,882350.4274991648,1236857.9243789662,71.33805832567215,354507.4968798014,0.45,0.67,0.07300732289075905,0.00024267487810077107,2.778070249999928,tw_support_offline,context_noise_refinement
tm_tw,20262675,100,100,2,0.0,0.45,0.1,support_offline,1.0,1.0,deterministic,20.0,0.1,0.95,True,5893.93589669738,589393.589669738,1116642.8696535197,52.782640330889265,527249.2799837817,0.42,0.68,0.07146593101002581,0.0002633830256984664,2.7753828330000943,tm_tw_support_offline,context_noise_refinement
tm_tw_refined,20263503,100,100,2,0.0,0.45,0.1,support_offline,1.0,1.0,deterministic,20.0,0.1,0.95,True,11865.835448149093,1186583.5448149093,1424565.1954174992,83.29443598874082,237981.65060258983,0.58,0.84,0.07331831777613675,0.00026787748438606915,2.8006934579998415,tm_tw_refined_support_offline,context_noise_refinement
oracle,20261647,100,100,2,0.0,0.45,0.1,dense,1.0,1.0,deterministic,20.0,0.1,0.95,False,7975.129431364726,797512.9431364726,833506.6323558291,95.68165533156902,35993.689219356515,0.91,0.96,0.36594379234659796,0.009363927612991766,0.025026540999988356,oracle,context_noise_refinement
state_thompson,20262545,100,100,2,0.0,0.45,0.1,dense,1.0,1.0,deterministic,20.0,0.1,0.95,False,4057.9848446654823,405798.48446654825,836396.7819863064,48.517461234468506,430598.29751975817,0.29,0.44,0.3669673012119603,0.009389681685025516,0.028277375000016036,state_thompson,context_noise_refinement
global_ucb_tw,20262381,100,100,2,0.0,0.45,0.1,dense,1.0,1.0,deterministic,20.0,0.1,0.95,False,3434.199408162749,343419.9408162749,905443.9398068802,37.92834936744091,562023.9989906054,0.32,0.53,0.36530248592422937,0.009347517587620662,3.1106617089999418,global_ucb_tw_dense,context_noise_refinement
local_ucb_tw,20262279,100,100,2,0.0,0.45,0.1,dense,1.0,1.0,deterministic,20.0,0.1,0.95,False,5894.167397457488,589416.7397457488,880739.7605403285,66.92291709234806,291323.02079457964,0.36,0.63,0.3655664279020791,0.009353216725556607,3.1245011670002896,local_ucb_tw_dense,context_noise_refinement
exp4,20261402,100,100,2,0.0,0.45,0.1,dense,1.0,1.0,deterministic,20.0,0.1,0.95,False,7335.901124939573,733590.1124939573,897372.8039362166,81.7486455212542,163782.69144225935,0.55,0.76,0.36632900130324453,0.009373256194432035,3.1099902089999887,exp4_dense,context_noise_refinement
tw,20261252,100,100,2,0.0,0.45,0.1,dense,1.0,1.0,deterministic,20.0,0.1,0.95,False,3824.4964931350946,382449.64931350946,842828.2309858926,45.37693865168014,460378.5816723831,0.33,0.5,0.3660396507300315,0.009366380478656776,3.1113119169999663,tw_dense,context_noise_refinement
tm_tw,20261572,100,100,2,0.0,0.45,0.1,dense,1.0,1.0,deterministic,20.0,0.1,0.95,False,5865.715103863582,586571.5103863582,868150.8669072427,67.56561938088007,281579.35652088444,0.36,0.61,0.36516445131483755,0.009343722910424622,3.0964723749998484,tm_tw_dense,context_noise_refinement
tm_tw_refined,20262400,100,100,2,0.0,0.45,0.1,dense,1.0,1.0,deterministic,20.0,0.1,0.95,False,8275.553975547038,827555.3975547038,977880.3147131228,84.62747282089227,150324.91715841903,0.67,0.83,0.36597968158539296,0.009364845962315326,3.119028334000177,tm_tw_refined_dense,context_noise_refinement
tw,20261464,100,100,2,0.0,0.45,0.1,offline,1.0,1.0,deterministic,20.0,0.1,0.95,False,3447.2136585677176,344721.36585677176,788636.5178813031,43.711058014771695,443915.15202453133,0.24,0.48,0.31127912560534265,0.007965144540129532,2.87643104100016,tw_offline,context_noise_refinement
tm_tw,20261784,100,100,2,0.0,0.45,0.1,offline,1.0,1.0,deterministic,20.0,0.1,0.95,False,5373.630463268021,537363.0463268021,896747.5922859743,59.923556076349755,359384.5459591722,0.37,0.55,0.3116748490196774,0.007975164167826948,2.942137042000013,tm_tw_offline,context_noise_refinement
tm_tw_refined,20262612,100,100,2,0.0,0.45,0.1,offline,1.0,1.0,deterministic,20.0,0.1,0.95,False,7390.247981812967,739024.7981812967,896363.3855081454,82.44700867186202,157338.58732684876,0.58,0.8,0.3113692880800392,0.00796729737733623,2.8464291249997586,tm_tw_refined_offline,context_noise_refinement
tw,20262076,100,100,2,0.0,0.45,0.1,gated_offline,1.0,1.0,deterministic,20.0,0.1,0.95,False,3668.5743682574475,366857.43682574475,807134.9575591407,45.45180869568076,440277.520733396,0.26,0.51,0.31155712293910454,0.007972258055823451,2.904425749999973,tw_gated_offline,context_noise_refinement
tm_tw,20262396,100,100,2,0.0,0.45,0.1,gated_offline,1.0,1.0,deterministic,20.0,0.1,0.95,False,4400.6184919780635,440061.8491978064,788014.057114305,55.84441612746173,347952.2079164986,0.33,0.58,0.31156416844394286,0.007972438339240422,2.9128455840000242,tm_tw_gated_offline,context_noise_refinement
tm_tw_refined,20263224,100,100,2,0.0,0.45,0.1,gated_offline,1.0,1.0,deterministic,20.0,0.1,0.95,False,8401.368859194066,840136.8859194065,939901.657019311,89.38561599983916,99764.77109990444,0.61,0.83,0.3113189147144014,0.007966162681015654,2.924029374999918,tm_tw_refined_gated_offline,context_noise_refinement
tw,20262356,100,100,2,0.0,0.45,0.1,support_offline,1.0,1.0,deterministic,20.0,0.1,0.95,True,5695.673353885568,569567.3353885568,874754.7922721162,65.11165648022852,305187.45688355935,0.38,0.58,0.07409938239695876,0.0002897325267975218,2.750181375000011,tw_support_offline,context_noise_refinement
tm_tw,20262676,100,100,2,0.0,0.45,0.1,support_offline,1.0,1.0,deterministic,20.0,0.1,0.95,True,6517.726807299959,651772.6807299958,891137.2468079845,73.13942751967978,239364.5660779887,0.46,0.64,0.07274680564320933,0.00024989929721320927,2.5312147920003554,tm_tw_support_offline,context_noise_refinement
tm_tw_refined,20263504,100,100,2,0.0,0.45,0.1,support_offline,1.0,1.0,deterministic,20.0,0.1,0.95,True,7599.309407370133,759930.9407370134,870635.0340916219,87.28467279402422,110704.09335460851,0.56,0.78,0.07197870482203654,0.0002886799063477267,2.5589668339998752,tm_tw_refined_support_offline,context_noise_refinement
oracle,20261648,100,100,2,0.0,0.45,0.1,dense,1.0,1.0,deterministic,20.0,0.1,0.95,False,10860.069380725095,1086006.9380725096,1164631.2100488355,93.24899836979047,78624.2719763259,0.92,0.98,0.3667549808168146,0.00938463351085781,0.025124375000359578,oracle,context_noise_refinement
state_thompson,20262546,100,100,2,0.0,0.45,0.1,dense,1.0,1.0,deterministic,20.0,0.1,0.95,False,2884.498930904788,288449.8930904788,1179849.721689481,24.44801975945158,891399.8285990022,0.22,0.42,0.36607029932881635,0.009367164728223139,0.029474582999682752,state_thompson,context_noise_refinement
global_ucb_tw,20262382,100,100,2,0.0,0.45,0.1,dense,1.0,1.0,deterministic,20.0,0.1,0.95,False,5743.572137107525,574357.2137107525,984401.0047771625,58.34585813337006,410043.7910664099,0.38,0.66,0.3656206171822242,0.009355494793510798,2.9144522500000676,global_ucb_tw_dense,context_noise_refinement
local_ucb_tw,20262280,100,100,2,0.0,0.45,0.1,dense,1.0,1.0,deterministic,20.0,0.1,0.95,False,5286.738250295973,528673.8250295973,1053336.642217789,50.190395343741216,524662.8171881918,0.32,0.66,0.3673178643716719,0.009398444361420621,3.364703333000307,local_ucb_tw_dense,context_noise_refinement
exp4,20261403,100,100,2,0.0,0.45,0.1,dense,1.0,1.0,deterministic,20.0,0.1,0.95,False,9785.34849270211,978534.8492702111,1212865.1142057648,80.67961043722465,234330.26493555377,0.55,0.77,0.3679244210758058,0.009413493650712259,3.27155433300004,exp4_dense,context_noise_refinement
tw,20261253,100,100,2,0.0,0.45,0.1,dense,1.0,1.0,deterministic,20.0,0.1,0.95,False,4185.204558588513,418520.45585885126,930546.0266446617,44.97579312309153,512025.5707858104,0.27,0.55,0.3671661173887279,0.009395037128743094,3.326447666999684,tw_dense,context_noise_refinement
tm_tw,20261573,100,100,2,0.0,0.45,0.1,dense,1.0,1.0,deterministic,20.0,0.1,0.95,False,4999.14044137684,499914.04413768393,1114621.092903638,44.85058171969323,614707.0487659541,0.25,0.6,0.365927932152691,0.00936304813021392,3.3222941669996544,tm_tw_dense,context_noise_refinement
tm_tw_refined,20262401,100,100,2,0.0,0.45,0.1,dense,1.0,1.0,deterministic,20.0,0.1,0.95,False,8296.660275700342,829666.0275700343,1132440.1214242748,73.26356704198716,302774.0938542405,0.5,0.8,0.366152853325699,0.00936927715550607,3.2776530000001003,tm_tw_refined_dense,context_noise_refinement
tw,20261465,100,100,2,0.0,0.45,0.1,offline,1.0,1.0,deterministic,20.0,0.1,0.95,False,6528.92467958459,652892.467958459,1065604.3578823656,61.26968824113361,412711.88992390654,0.43,0.64,0.3119537198865925,0.00798216566277861,3.033559540999704,tw_offline,context_noise_refinement
tm_tw,20261785,100,100,2,0.0,0.45,0.1,offline,1.0,1.0,deterministic,20.0,0.1,0.95,False,6504.7823821513775,650478.2382151377,1198287.5542708607,54.28398516672766,547809.316055723,0.37,0.65,0.31190124256769475,0.00798106353732012,3.0635731669999586,tm_tw_offline,context_noise_refinement
tm_tw_refined,20262613,100,100,2,0.0,0.45,0.1,offline,1.0,1.0,deterministic,20.0,0.1,0.95,False,7645.747977503887,764574.7977503887,1013279.0652639027,75.45550124942723,248704.2675135139,0.42,0.66,0.31128268592754293,0.007965235643189782,3.0314926669998385,tm_tw_refined_offline,context_noise_refinement
tw,20262077,100,100,2,0.0,0.45,0.1,gated_offline,1.0,1.0,deterministic,20.0,0.1,0.95,False,5745.834493153374,574583.4493153373,1187436.989649505,48.388542240454946,612853.5403341675,0.33,0.59,0.31152430870791353,0.00797141839112091,3.067581834000066,tw_gated_offline,context_noise_refinement
tm_tw,20262397,100,100,2,0.0,0.45,0.1,gated_offline,1.0,1.0,deterministic,20.0,0.1,0.95,False,5414.76962112321,541476.9621123209,1114743.0942191624,48.574148153086895,573266.1321068414,0.29,0.62,0.3118886702431113,0.007980011161443342,3.091530665999926,tm_tw_gated_offline,context_noise_refinement
tm_tw_refined,20263225,100,100,2,0.0,0.45,0.1,gated_offline,1.0,1.0,deterministic,20.0,0.1,0.95,False,8484.669595760932,848466.9595760931,1103369.9567333425,76.89777616277318,254902.99715724937,0.48,0.73,0.3116128525586766,0.00797368408936873,3.095055916000092,tm_tw_refined_gated_offline,context_noise_refinement
tw,20262357,100,100,2,0.0,0.45,0.1,support_offline,1.0,1.0,deterministic,20.0,0.1,0.95,True,6860.467675741663,686046.7675741663,1069584.5062141882,64.14142721667127,383537.7386400219,0.39,0.62,0.07546574094992957,0.00027974974778894587,2.9547732500000166,tw_support_offline,context_noise_refinement
tm_tw,20262677,100,100,2,0.0,0.45,0.1,support_offline,1.0,1.0,deterministic,20.0,0.1,0.95,True,5664.882896828743,566488.2896828742,999724.3135413794,56.664450590000264,433236.0238585052,0.44,0.71,0.06861811694006106,0.00025666579018391634,2.9018480830000044,tm_tw_support_offline,context_noise_refinement
tm_tw_refined,20263505,100,100,2,0.0,0.45,0.1,support_offline,1.0,1.0,deterministic,20.0,0.1,0.95,True,6750.096941261128,675009.6941261129,1099822.0674753282,61.37444538420803,424812.37334921537,0.44,0.75,0.0711279491722151,0.00026627159201505856,2.7665784579999126,tm_tw_refined_support_offline,context_noise_refinement
oracle,20261649,100,100,2,0.0,0.45,0.1,dense,1.0,1.0,deterministic,20.0,0.1,0.95,False,9982.82811617239,998282.8116172389,1046448.511531082,95.3972221869406,48165.69991384307,0.92,0.97,0.36706787384292394,0.009392691095206353,0.024815207999836275,oracle,context_noise_refinement
state_thompson,20262547,100,100,2,0.0,0.45,0.1,dense,1.0,1.0,deterministic,20.0,0.1,0.95,False,6608.499654611053,660849.9654611053,1086081.8610225306,60.847159793178434,425231.89556142525,0.37,0.59,0.36594631800338756,0.009362847692792315,0.028454082999815,state_thompson,context_noise_refinement
global_ucb_tw,20262383,100,100,2,0.0,0.45,0.1,dense,1.0,1.0,deterministic,20.0,0.1,0.95,False,4667.494225538673,466749.4225538673,866433.9439664021,53.87016815351898,399684.5214125348,0.31,0.5,0.36801156751414776,0.009414483831923968,3.116935542000192,global_ucb_tw_dense,context_noise_refinement
local_ucb_tw,20262281,100,100,2,0.0,0.45,0.1,dense,1.0,1.0,deterministic,20.0,0.1,0.95,False,5426.233924600756,542623.3924600756,896179.8846494273,60.548490515644865,353556.4921893517,0.39,0.59,0.36644183605305847,0.009376671770190054,3.1257479999999305,local_ucb_tw_dense,context_noise_refinement
exp4,20261404,100,100,2,0.0,0.45,0.1,dense,1.0,1.0,deterministic,20.0,0.1,0.95,False,7604.100028777425,760410.0028777425,972956.4258754032,78.15457945031555,212546.4229976607,0.53,0.82,0.367881586060455,0.009412262741104854,2.8945196249997025,exp4_dense,context_noise_refinement
tw,20261254,100,100,2,0.0,0.45,0.1,dense,1.0,1.0,deterministic,20.0,0.1,0.95,False,3894.8331637789065,389483.31637789065,912238.1835274213,42.695353407795935,522754.8671495307,0.29,0.51,0.3664689785915624,0.009376602176689355,2.8494922079999014,tw_dense,context_noise_refinement
tm_tw,20261574,100,100,2,0.0,0.45,0.1,dense,1.0,1.0,deterministic,20.0,0.1,0.95,False,4865.845961091745,486584.59610917454,937081.5958062864,51.925531168980655,450496.9996971119,0.26,0.6,0.3665528297630023,0.009379286817200261,2.917887791999874,tm_tw_dense,context_noise_refinement
tm_tw_refined,20262402,100,100,2,0.0,0.45,0.1,dense,1.0,1.0,deterministic,20.0,0.1,0.95,False,7456.217253255076,745621.7253255076,924692.1085853534,80.63459376399373,179070.38325984578,0.55,0.82,0.36743599102967844,0.009402110636572977,2.856697833999988,tm_tw_refined_dense,context_noise_refinement
tw,20261466,100,100,2,0.0,0.45,0.1,offline,1.0,1.0,deterministic,20.0,0.1,0.95,False,5678.146221280396,567814.6221280396,1065771.0288872365,53.27735571128168,497956.4067591969,0.35,0.56,0.31208016223603835,0.00798564181097293,2.7735228749997987,tw_offline,context_noise_refinement
tm_tw,20261786,100,100,2,0.0,0.45,0.1,offline,1.0,1.0,deterministic,20.0,0.1,0.95,False,4488.555924103812,448855.5924103812,950104.8719697454,47.242741896462384,501249.2795593642,0.33,0.52,0.3116583512399548,0.007974848329251702,2.761399291000089,tm_tw_offline,context_noise_refinement
tm_tw_refined,20262614,100,100,2,0.0,0.45,0.1,offline,1.0,1.0,deterministic,20.0,0.1,0.95,False,7561.284153648768,756128.4153648767,945880.2356123426,79.93912832689388,189751.82024746586,0.59,0.81,0.3121143513287264,0.007985912757807577,2.801132958999915,tm_tw_refined_offline,context_noise_refinement
tw,20262078,100,100,2,0.0,0.45,0.1,gated_offline,1.0,1.0,deterministic,20.0,0.1,0.95,False,4943.140559071629,494314.05590716284,928718.7954377274,53.22537439055283,434404.7395305645,0.33,0.56,0.31197073695037475,0.007982841789561407,2.831271375000142,tw_gated_offline,context_noise_refinement
tm_tw,20262398,100,100,2,0.0,0.45,0.1,gated_offline,1.0,1.0,deterministic,20.0,0.1,0.95,False,4793.104863302286,479310.48633022857,1022733.3205647628,46.86563708177112,543422.8342345343,0.32,0.56,0.3119121512958505,0.007980897842034713,2.767541415999858,tm_tw_gated_offline,context_noise_refinement
tm_tw_refined,20263226,100,100,2,0.0,0.45,0.1,gated_offline,1.0,1.0,deterministic,20.0,0.1,0.95,False,7039.9728338734885,703997.2833873489,887660.747331666,79.30927277156111,183663.46394431707,0.57,0.72,0.31185504470595454,0.007978937648854156,2.618943124999987,tm_tw_refined_gated_offline,context_noise_refinement
tw,20262358,100,100,2,0.0,0.45,0.1,support_offline,1.0,1.0,deterministic,20.0,0.1,0.95,True,4259.8836969009035,425988.36969009036,880210.4944273713,48.39619300008697,454222.12473728094,0.28,0.63,0.06899303903432792,0.00029987906726243745,2.468155167000077,tw_support_offline,context_noise_refinement
tm_tw,20262678,100,100,2,0.0,0.45,0.1,support_offline,1.0,1.0,deterministic,20.0,0.1,0.95,True,4120.706744485455,412070.6744485455,875294.359399688,47.07795383614263,463223.68495114247,0.2,0.57,0.07028573485714198,0.00032101858458681896,2.478471499999614,tm_tw_support_offline,context_noise_refinement
tm_tw_refined,20263506,100,100,2,0.0,0.45,0.1,support_offline,1.0,1.0,deterministic,20.0,0.1,0.95,True,8382.852083830501,838285.2083830502,1001733.5088981288,83.68345482474017,163448.3005150786,0.61,0.82,0.07283999267511303,0.0003015304310329454,2.466944667000007,tm_tw_refined_support_offline,context_noise_refinement
oracle,20261640,100,100,2,0.0,0.45,0.2,dense,1.0,1.0,deterministic,20.0,0.1,0.95,False,8992.487717466662,899248.7717466662,984963.9968091901,91.29762860975629,85715.22506252397,0.76,0.9,0.3720002147151446,0.009518901961071597,0.02493883300030575,oracle,context_noise_refinement
state_thompson,20262538,100,100,2,0.0,0.45,0.2,dense,1.0,1.0,deterministic,20.0,0.1,0.95,False,3944.180026822752,394418.0026822752,906187.5650645862,43.524985101088205,511769.56238231104,0.18,0.38,0.37224634189012945,0.009525199969395142,0.028307083000072453,state_thompson,context_noise_refinement
global_ucb_tw,20262374,100,100,2,0.0,0.45,0.2,dense,1.0,1.0,deterministic,20.0,0.1,0.95,False,3999.8420472025477,399984.20472025475,890968.7576201034,44.89317962042418,490984.55289984867,0.22,0.48,0.3721538632821198,0.009522833586881588,2.7533736670002327,global_ucb_tw_dense,context_noise_refinement
local_ucb_tw,20262272,100,100,2,0.0,0.45,0.2,dense,1.0,1.0,deterministic,20.0,0.1,0.95,False,5584.999858051961,558499.9858051961,891399.0954484261,62.654313725126435,332899.10964323,0.41,0.64,0.3721580340898502,0.00952012534155758,2.794283166999776,local_ucb_tw_dense,context_noise_refinement
exp4,20261395,100,100,2,0.0,0.45,0.2,dense,1.0,1.0,deterministic,20.0,0.1,0.95,False,5574.278605402369,557427.8605402369,851666.9987880717,65.45138667266207,294239.13824783475,0.4,0.67,0.3719048140056412,0.00951590435329731,2.795624332999978,exp4_dense,context_noise_refinement
tw,20261245,100,100,2,0.0,0.45,0.2,dense,1.0,1.0,deterministic,20.0,0.1,0.95,False,3163.2902576152583,316329.02576152585,874280.3964785805,36.18164458858203,557951.3707170547,0.21,0.44,0.37212707476724205,0.009519313824362286,2.8182080840001618,tw_dense,context_noise_refinement
tm_tw,20261565,100,100,2,0.0,0.45,0.2,dense,1.0,1.0,deterministic,20.0,0.1,0.95,False,2705.152489912523,270515.2489912523,822052.6184979978,32.90729120059498,551537.3695067455,0.19,0.43,0.3708272635740086,0.009488239308851077,2.7780235840000387,tm_tw_dense,context_noise_refinement
tm_tw_refined,20262393,100,100,2,0.0,0.45,0.2,dense,1.0,1.0,deterministic,20.0,0.1,0.95,False,5238.817622303922,523881.7622303922,800428.1662067625,65.45019082887517,276546.40397637035,0.39,0.7,0.3715307996946273,0.009506890367038568,2.7930820000001404,tm_tw_refined_dense,context_noise_refinement
tw,20261457,100,100,2,0.0,0.45,0.2,offline,1.0,1.0,deterministic,20.0,0.1,0.95,False,3211.2746813492495,321127.46813492494,930541.7735213286,34.50973156419662,609414.3053864036,0.24,0.47,0.31666900982086427,0.008103063222430196,2.540703874999963,tw_offline,context_noise_refinement
tm_tw,20261777,100,100,2,0.0,0.45,0.2,offline,1.0,1.0,deterministic,20.0,0.1,0.95,False,4380.779518702562,438077.9518702562,804152.8003846789,54.47695408891132,366074.84851442266,0.29,0.53,0.31616783435660945,0.008088876705710771,2.514163875000122,tm_tw_offline,context_noise_refinement
tm_tw_refined,20262605,100,100,2,0.0,0.45,0.2,offline,1.0,1.0,deterministic,20.0,0.1,0.95,False,5518.262385728396,551826.2385728396,810545.8023782984,68.08082121376418,258719.56380545872,0.39,0.69,0.3168529746493724,0.00810743172065115,2.5651837919999707,tm_tw_refined_offline,context_noise_refinement
tw,20262069,100,100,2,0.0,0.45,0.2,gated_offline,1.0,1.0,deterministic,20.0,0.1,0.95,False,3740.2071111502296,374020.71111502295,882624.3915721214,42.37597722048233,508603.68045709847,0.25,0.48,0.31669102019459827,0.00810362643336775,2.7281127910000578,tw_gated_offline,context_noise_refinement
tm_tw,20262389,100,100,2,0.0,0.45,0.2,gated_offline,1.0,1.0,deterministic,20.0,0.1,0.95,False,4215.681029534234,421568.1029534234,847387.2120740922,49.74916979471283,425819.10912066884,0.29,0.54,0.3163562090446162,0.008094418661188808,2.6561540829998194,tm_tw_gated_offline,context_noise_refinement
tm_tw_refined,20263217,100,100,2,0.0,0.45,0.2,gated_offline,1.0,1.0,deterministic,20.0,0.1,0.95,False,6944.400343659668,694440.0343659668,997989.9402675307,69.58387117407301,303549.90590156394,0.53,0.75,0.3161134558437461,0.00808884746761855,2.701793166000243,tm_tw_refined_gated_offline,context_noise_refinement
tw,20262349,100,100,2,0.0,0.45,0.2,support_offline,1.0,1.0,deterministic,20.0,0.1,0.95,True,3816.7101377475874,381671.0137747587,927337.9460292401,41.15770474065386,545666.9322544814,0.25,0.67,0.07131390594464719,0.0005005729431135302,2.557330708000336,tw_support_offline,context_noise_refinement
tm_tw,20262669,100,100,2,0.0,0.45,0.2,support_offline,1.0,1.0,deterministic,20.0,0.1,0.95,True,3857.2851338378223,385728.51338378224,910617.1256397148,42.359022526927035,524888.6122559325,0.24,0.58,0.07295847222181154,0.0005306187645867829,2.6137163329999566,tm_tw_support_offline,context_noise_refinement
tm_tw_refined,20263497,100,100,2,0.0,0.45,0.2,support_offline,1.0,1.0,deterministic,20.0,0.1,0.95,True,6586.932862608122,658693.2862608122,865070.3577276246,76.14331948572071,206377.0714668124,0.5,0.76,0.07433625130504981,0.0005700336726148187,2.563563540999894,tm_tw_refined_support_offline,context_noise_refinement
oracle,20261641,100,100,2,0.0,0.45,0.2,dense,1.0,1.0,deterministic,20.0,0.1,0.95,False,11985.539089551708,1198553.9089551708,1277275.5998326521,93.83674980655738,78721.69087748136,0.87,0.97,0.370972898177307,0.009492614542355586,0.025093124999784777,oracle,context_noise_refinement
state_thompson,20262539,100,100,2,0.0,0.45,0.2,dense,1.0,1.0,deterministic,20.0,0.1,0.95,False,6518.960669026533,651896.0669026533,1227851.6222877286,53.09241402377617,575955.5553850753,0.31,0.53,0.3708492430938237,0.009489141582482952,0.028687584000181232,state_thompson,context_noise_refinement
global_ucb_tw,20262375,100,100,2,0.0,0.45,0.2,dense,1.0,1.0,deterministic,20.0,0.1,0.95,False,7203.870630977225,720387.0630977225,1147720.6245070007,62.766761153844584,427333.5614092782,0.39,0.61,0.3710845261952476,0.00949547092823079,2.8824419590000616,global_ucb_tw_dense,context_noise_refinement
local_ucb_tw,20262273,100,100,2,0.0,0.45,0.2,dense,1.0,1.0,deterministic,20.0,0.1,0.95,False,4844.551653614597,484455.16536145966,1052749.4811334752,46.01808635800571,568294.3157720156,0.33,0.53,0.37027137608550437,0.009474663692460219,2.9849558749997414,local_ucb_tw_dense,context_noise_refinement
exp4,20261396,100,100,2,0.0,0.45,0.2,dense,1.0,1.0,deterministic,20.0,0.1,0.95,False,9698.309885403838,969830.9885403839,1163441.2836263797,83.35882542499063,193610.2950859958,0.5,0.75,0.37287500974176147,0.00954010233907419,2.8439953749998494,exp4_dense,context_noise_refinement
tw,20261246,100,100,2,0.0,0.45,0.2,dense,1.0,1.0,deterministic,20.0,0.1,0.95,False,3802.1574289404916,380215.74289404915,1006891.3648411842,37.76134706985198,626675.6219471351,0.24,0.49,0.3721036597003531,0.009521548955975399,3.0321380830000635,tw_dense,context_noise_refinement
tm_tw,20261566,100,100,2,0.0,0.45,0.2,dense,1.0,1.0,deterministic,20.0,0.1,0.95,False,7549.779488633615,754977.9488633615,1354035.3425771978,55.75762501341931,599057.3937138363,0.38,0.69,0.37288577949549895,0.009541562174670738,2.951560167000025,tm_tw_dense,context_noise_refinement
tm_tw_refined,20262394,100,100,2,0.0,0.45,0.2,dense,1.0,1.0,deterministic,20.0,0.1,0.95,False,6746.01360915645,674601.360915645,1018820.1735308018,66.21397754402142,344218.81261515676,0.4,0.64,0.3716712276792439,0.009510061755074834,2.8754679160001615,tm_tw_refined_dense,context_noise_refinement
tw,20261458,100,100,2,0.0,0.45,0.2,offline,1.0,1.0,deterministic,20.0,0.1,0.95,False,5325.921641391011,532592.164139101,1062609.5417683737,50.12115393324737,530017.3776292726,0.36,0.58,0.316378298326998,0.008095624371323112,2.6794073330001993,tw_offline,context_noise_refinement
tm_tw,20261778,100,100,2,0.0,0.45,0.2,offline,1.0,1.0,deterministic,20.0,0.1,0.95,False,5851.968715736685,585196.8715736686,1245725.2582074106,46.97639930780263,660528.386633742,0.28,0.55,0.31595300176646973,0.008084420348433501,2.6194033750002745,tm_tw_offline,context_noise_refinement
tm_tw_refined,20262606,100,100,2,0.0,0.45,0.2,offline,1.0,1.0,deterministic,20.0,0.1,0.95,False,8961.083264709492,896108.3264709492,1198942.8003106825,74.74154115098237,302834.4738397333,0.48,0.72,0.3156744134231788,0.00807761306077464,2.6351465000002463,tm_tw_refined_offline,context_noise_refinement
tw,20262070,100,100,2,0.0,0.45,0.2,gated_offline,1.0,1.0,deterministic,20.0,0.1,0.95,False,3109.983079665016,310998.30796650157,1011430.1402338671,30.748372586028655,700431.8322673655,0.19,0.45,0.31526005419973646,0.008067010258226166,2.6962411250001423,tw_gated_offline,context_noise_refinement
tm_tw,20262390,100,100,2,0.0,0.45,0.2,gated_offline,1.0,1.0,deterministic,20.0,0.1,0.95,False,6369.787087396121,636978.7087396121,1211974.0506856642,52.55712433605709,574995.341946052,0.37,0.61,0.31610584104327233,0.00808786561264406,2.698211624999658,tm_tw_gated_offline,context_noise_refinement
tm_tw_refined,20263218,100,100,2,0.0,0.45,0.2,gated_offline,1.0,1.0,deterministic,20.0,0.1,0.95,False,8626.688355900083,862668.8355900084,1067431.4208112187,80.81726083483693,204762.58522121026,0.52,0.8,0.31545628233427664,0.00807151288323933,2.6669502499999,tm_tw_refined_gated_offline,context_noise_refinement
tw,20262350,100,100,2,0.0,0.45,0.2,support_offline,1.0,1.0,deterministic,20.0,0.1,0.95,True,3728.200445336177,372820.0445336177,1077931.580225116,34.58661489959851,705111.5356914984,0.22,0.53,0.07257618839228952,0.0004885816594873996,2.559307959000307,tw_support_offline,context_noise_refinement
tm_tw,20262670,100,100,2,0.0,0.45,0.2,support_offline,1.0,1.0,deterministic,20.0,0.1,0.95,True,8262.305475151517,826230.5475151517,1113044.4592118417,74.23158533130061,286813.91169669,0.47,0.75,0.07138988872951575,0.0004935189238614168,2.5486257919997115,tm_tw_support_offline,context_noise_refinement
tm_tw_refined,20263498,100,100,2,0.0,0.45,0.2,support_offline,1.0,1.0,deterministic,20.0,0.1,0.95,True,10047.955441143746,1004795.5441143746,1274832.683824421,78.8178367925153,270037.13971004635,0.49,0.71,0.07451174265409906,0.00048046774177180863,2.5327090420000786,tm_tw_refined_support_offline,context_noise_refinement
oracle,20261642,100,100,2,0.0,0.45,0.2,dense,1.0,1.0,deterministic,20.0,0.1,0.95,False,10453.469980535341,1045346.9980535342,1109645.8816837235,94.2054591747211,64298.883630189346,0.84,0.92,0.37172366160893217,0.009511825400895197,0.025379958000030456,oracle,context_noise_refinement
state_thompson,20262540,100,100,2,0.0,0.45,0.2,dense,1.0,1.0,deterministic,20.0,0.1,0.95,False,3872.819396374863,387281.9396374863,943730.439203298,41.037347482871446,556448.4995658116,0.24,0.44,0.3705982361548493,0.009483027528909794,0.028636334000111674,state_thompson,context_noise_refinement
global_ucb_tw,20262376,100,100,2,0.0,0.45,0.2,dense,1.0,1.0,deterministic,20.0,0.1,0.95,False,4833.303761325709,483330.37613257096,984541.245110099,49.09193784751204,501210.868977528,0.34,0.59,0.3712796465947768,0.009500463753181565,3.0170487919999687,global_ucb_tw_dense,context_noise_refinement
local_ucb_tw,20262274,100,100,2,0.0,0.45,0.2,dense,1.0,1.0,deterministic,20.0,0.1,0.95,False,6451.528258199571,645152.8258199571,1098917.9463432254,58.70800708704199,453765.12052326836,0.34,0.63,0.37098271145465533,0.009492865648729453,3.1541211250000742,local_ucb_tw_dense,context_noise_refinement
exp4,20261397,100,100,2,0.0,0.45,0.2,dense,1.0,1.0,deterministic,20.0,0.1,0.95,False,5854.403642321576,585440.3642321576,978026.5639999424,59.85935206481693,392586.1997677848,0.37,0.64,0.37090552427346807,0.009488818847710703,3.277446083000086,exp4_dense,context_noise_refinement
tw,20261247,100,100,2,0.0,0.45,0.2,dense,1.0,1.0,deterministic,20.0,0.1,0.95,False,5568.486428631394,556848.6428631394,1086312.6197814115,51.26044130603848,529463.9769182721,0.27,0.52,0.37289100620328414,0.009540116176378424,2.9001675409999734,tw_dense,context_noise_refinement
tm_tw,20261567,100,100,2,0.0,0.45,0.2,dense,1.0,1.0,deterministic,20.0,0.1,0.95,False,4197.916511108556,419791.6511108556,1054128.2885427587,39.823582734050454,634336.637431903,0.3,0.59,0.37220731940070617,0.00952420144510294,2.8592438329997094,tm_tw_dense,context_noise_refinement
tm_tw_refined,20262395,100,100,2,0.0,0.45,0.2,dense,1.0,1.0,deterministic,20.0,0.1,0.95,False,5855.31321285361,585531.321285361,953600.8069738424,61.402141965828086,368069.4856884815,0.43,0.65,0.3708607930146006,0.009489745947094291,2.946942625000247,tm_tw_refined_dense,context_noise_refinement
tw,20261459,100,100,2,0.0,0.45,0.2,offline,1.0,1.0,deterministic,20.0,0.1,0.95,False,4432.734815118329,443273.48151183286,955608.0261999371,46.38653813682902,512334.54468810424,0.36,0.59,0.3155429736948125,0.008074249724307031,2.6541275000004134,tw_offline,context_noise_refinement
tm_tw,20261779,100,100,2,0.0,0.45,0.2,offline,1.0,1.0,deterministic,20.0,0.1,0.95,False,3558.7385108473086,355873.8510847309,961155.329478792,37.02563364838349,605281.4783940611,0.23,0.51,0.3153703185892987,0.008069831750990209,2.952826666999954,tm_tw_offline,context_noise_refinement
tm_tw_refined,20262607,100,100,2,0.0,0.45,0.2,offline,1.0,1.0,deterministic,20.0,0.1,0.95,False,4355.844253867039,435584.4253867039,853970.580956388,51.00695915061611,418386.1555696841,0.37,0.57,0.3163063820006677,0.008093784145342965,2.6485828340000808,tm_tw_refined_offline,context_noise_refinement
tw,20262071,100,100,2,0.0,0.45,0.2,gated_offline,1.0,1.0,deterministic,20.0,0.1,0.95,False,3599.8304795784043,359983.04795784043,901094.2250077447,39.949545559982525,541111.1770499044,0.22,0.41,0.31527855007905387,0.008067430578208513,2.551660874999925,tw_gated_offline,context_noise_refinement
tm_tw,20262391,100,100,2,0.0,0.45,0.2,gated_offline,1.0,1.0,deterministic,20.0,0.1,0.95,False,5046.282615472528,504628.26154725277,948067.8362336565,53.22702050013269,443439.57468640374,0.43,0.64,0.3166819900743312,0.008101876449466482,2.5843764579999515,tm_tw_gated_offline,context_noise_refinement
tm_tw_refined,20263219,100,100,2,0.0,0.45,0.2,gated_offline,1.0,1.0,deterministic,20.0,0.1,0.95,False,3478.826063551526,347882.6063551526,843287.5748507278,41.25314029638491,495404.9684955752,0.27,0.6,0.31588636030722805,0.008083036449069627,2.5937488330000633,tm_tw_refined_gated_offline,context_noise_refinement
tw,20262351,100,100,2,0.0,0.45,0.2,support_offline,1.0,1.0,deterministic,20.0,0.1,0.95,True,3737.1434472510155,373714.34472510155,905184.7096087624,41.28597630494971,531470.3648836608,0.24,0.49,0.07042747558675222,0.0004891724160654812,2.442865874999825,tw_support_offline,context_noise_refinement
tm_tw,20262671,100,100,2,0.0,0.45,0.2,support_offline,1.0,1.0,deterministic,20.0,0.1,0.95,True,4780.530740170595,478053.07401705947,895491.0907947546,53.38445897800993,417438.0167776951,0.38,0.56,0.07095817045278918,0.0004605993772280302,2.7575474169998415,tm_tw_support_offline,context_noise_refinement
tm_tw_refined,20263499,100,100,2,0.0,0.45,0.2,support_offline,1.0,1.0,deterministic,20.0,0.1,0.95,True,5962.121938511135,596212.1938511136,1082514.748187537,55.0765885498887,486302.5543364235,0.34,0.74,0.0738021132895811,0.0005243008553131222,2.6839005000001634,tm_tw_refined_support_offline,context_noise_refinement
oracle,20261643,100,100,2,0.0,0.45,0.2,dense,1.0,1.0,deterministic,20.0,0.1,0.95,False,9747.974379695199,974797.4379695199,1076182.311594875,90.57921018278908,101384.87362535519,0.79,0.93,0.3710831583802526,0.00949543592799067,0.0247342499997103,oracle,context_noise_refinement
state_thompson,20262541,100,100,2,0.0,0.45,0.2,dense,1.0,1.0,deterministic,20.0,0.1,0.95,False,3053.704567306384,305370.4567306384,970441.9343043268,31.467153874543456,665071.4775736884,0.17,0.36,0.372191319146229,0.009523792023689467,0.027719875000002503,state_thompson,context_noise_refinement
global_ucb_tw,20262377,100,100,2,0.0,0.45,0.2,dense,1.0,1.0,deterministic,20.0,0.1,0.95,False,5478.015051513257,547801.5051513257,997951.7396630028,54.89258481941343,450150.23451167706,0.44,0.57,0.3717513201005185,0.009512533138308741,2.7208270829996763,global_ucb_tw_dense,context_noise_refinement
local_ucb_tw,20262275,100,100,2,0.0,0.45,0.2,dense,1.0,1.0,deterministic,20.0,0.1,0.95,False,6256.6187657020055,625661.8765702005,1076263.8952345846,58.13275715560727,450602.018664384,0.37,0.63,0.37146503122786245,0.009505204250819863,2.7814592079998874,local_ucb_tw_dense,context_noise_refinement
exp4,20261398,100,100,2,0.0,0.45,0.2,dense,1.0,1.0,deterministic,20.0,0.1,0.95,False,7662.636383722815,766263.6383722814,1079080.4651748165,71.01079697964349,312816.8268025351,0.52,0.71,0.37170047237331805,0.009511232024731335,3.2403309579999586,exp4_dense,context_noise_refinement
tw,20261248,100,100,2,0.0,0.45,0.2,dense,1.0,1.0,deterministic,20.0,0.1,0.95,False,3514.848495235033,351484.84952350333,973235.8091015655,36.11507573359571,621750.9595780622,0.28,0.53,0.37136051468015396,0.009502533040633657,2.869718790999741,tw_dense,context_noise_refinement
tm_tw,20261568,100,100,2,0.0,0.45,0.2,dense,1.0,1.0,deterministic,20.0,0.1,0.95,False,4229.669673643022,422966.96736430225,975614.0032445639,43.353925421084206,552647.0358802617,0.35,0.5,0.37143697873523457,0.009504213255649084,2.9168840839997756,tm_tw_dense,context_noise_refinement
tm_tw_refined,20262396,100,100,2,0.0,0.45,0.2,dense,1.0,1.0,deterministic,20.0,0.1,0.95,False,5767.178521920844,576717.8521920844,1038897.9088899064,55.512466360465076,462180.05669782194,0.42,0.65,0.3723066127460932,0.009525747763850942,2.907948958000361,tm_tw_refined_dense,context_noise_refinement
tw,20261460,100,100,2,0.0,0.45,0.2,offline,1.0,1.0,deterministic,20.0,0.1,0.95,False,5675.705006308807,567570.5006308807,1080241.8067334914,52.541060445266325,512671.30610261066,0.34,0.56,0.3168605368125198,0.00810796409771024,2.7708350420002716,tw_offline,context_noise_refinement
tm_tw,20261780,100,100,2,0.0,0.45,0.2,offline,1.0,1.0,deterministic,20.0,0.1,0.95,False,4751.6655001599465,475166.55001599464,909188.5341513333,52.26270813671565,434021.98413533863,0.35,0.57,0.3157168516872482,0.008078698989381924,2.7052062080001633,tm_tw_offline,context_noise_refinement
tm_tw_refined,20262608,100,100,2,0.0,0.45,0.2,offline,1.0,1.0,deterministic,20.0,0.1,0.95,False,7481.568540553639,748156.8540553639,1053824.3490474923,70.99445507513578,305667.49499212834,0.42,0.72,0.3163837529232361,0.00809576394588456,2.816688708000129,tm_tw_refined_offline,context_noise_refinement
tw,20262072,100,100,2,0.0,0.45,0.2,gated_offline,1.0,1.0,deterministic,20.0,0.1,0.95,False,3871.6059279796154,387160.59279796155,1092909.2667757338,35.42476988415977,705748.6739777722,0.23,0.42,0.3162655456739583,0.008092739207799866,2.7730942909997793,tw_gated_offline,context_noise_refinement
tm_tw,20262392,100,100,2,0.0,0.45,0.2,gated_offline,1.0,1.0,deterministic,20.0,0.1,0.95,False,4219.525547669959,421952.55476699595,1068433.9790899497,39.49261845138982,646481.4243229538,0.33,0.53,0.315877337807199,0.00808144335469514,2.818569333999676,tm_tw_gated_offline,context_noise_refinement
tm_tw_refined,20263220,100,100,2,0.0,0.45,0.2,gated_offline,1.0,1.0,deterministic,20.0,0.1,0.95,False,7704.8387685625,770483.87685625,1043184.9200497128,73.85880125831696,272701.04319346277,0.47,0.74,0.31691189296339534,0.008109278221051959,2.516559000000143,tm_tw_refined_gated_offline,context_noise_refinement
tw,20262352,100,100,2,0.0,0.45,0.2,support_offline,1.0,1.0,deterministic,20.0,0.1,0.95,True,6953.900390884352,695390.0390884352,1069064.7381504814,65.04657896503852,373674.69906204613,0.45,0.67,0.07461262719235587,0.0004783730522950826,2.4392732920000526,tw_support_offline,context_noise_refinement
tm_tw,20262672,100,100,2,0.0,0.45,0.2,support_offline,1.0,1.0,deterministic,20.0,0.1,0.95,True,8007.665708238894,800766.5708238893,1139856.9813962784,70.25149504659636,339090.410572389,0.5,0.67,0.0730095986215416,0.0004891002871432984,2.3831936669998868,tm_tw_support_offline,context_noise_refinement
tm_tw_refined,20263500,100,100,2,0.0,0.45,0.2,support_offline,1.0,1.0,deterministic,20.0,0.1,0.95,True,7705.0695438706,770506.95438706,1046933.5768168416,73.59654628040057,276426.6224297816,0.48,0.71,0.07206849332625942,0.0004321787511167459,2.4255886670002837,tm_tw_refined_support_offline,context_noise_refinement
oracle,20261644,100,100,2,0.0,0.45,0.2,dense,1.0,1.0,deterministic,20.0,0.1,0.95,False,8651.856325624503,865185.6325624504,1040906.6698498668,83.11846370311363,175721.0372874164,0.76,0.9,0.37067944619397525,0.009482790666819695,0.024154250000265165,oracle,context_noise_refinement
state_thompson,20262542,100,100,2,0.0,0.45,0.2,dense,1.0,1.0,deterministic,20.0,0.1,0.95,False,5255.85232739793,525585.232739793,987287.342863455,53.235285202322615,461702.1101236619,0.33,0.56,0.3728771749848904,0.009541341998741624,0.02773404199979268,state_thompson,context_noise_refinement
global_ucb_tw,20262378,100,100,2,0.0,0.45,0.2,dense,1.0,1.0,deterministic,20.0,0.1,0.95,False,5732.272449257281,573227.2449257281,936249.4700562536,61.22590861293479,363022.22513052553,0.41,0.59,0.3721492031682413,0.009522714341877465,4.423507333999623,global_ucb_tw_dense,context_noise_refinement
local_ucb_tw,20262276,100,100,2,0.0,0.45,0.2,dense,1.0,1.0,deterministic,20.0,0.1,0.95,False,3789.270320758142,378927.0320758142,871281.6088621211,43.49076443501274,492354.5767863069,0.36,0.55,0.3703618385350284,0.009476519926125079,5.910301417000028,local_ucb_tw_dense,context_noise_refinement
exp4,20261399,100,100,2,0.0,0.45,0.2,dense,1.0,1.0,deterministic,20.0,0.1,0.95,False,3778.2134307594843,377821.3430759484,857129.4022670703,44.07984862923,479308.05919112184,0.34,0.51,0.3704339631644241,0.009478824040769584,3.235710584000117,exp4_dense,context_noise_refinement
tw,20261249,100,100,2,0.0,0.45,0.2,dense,1.0,1.0,deterministic,20.0,0.1,0.95,False,4235.007203396654,423500.7203396654,967553.6764645261,43.77025591873635,544052.9561248607,0.35,0.54,0.37191753347965767,0.009516786277952374,3.0586889170003815,tw_dense,context_noise_refinement
tm_tw,20261569,100,100,2,0.0,0.45,0.2,dense,1.0,1.0,deterministic,20.0,0.1,0.95,False,4286.489544387587,428648.95443875866,927104.766746629,46.2352227939634,498455.81230787036,0.24,0.63,0.37070960969558164,0.00948587740311242,4.0804869590001545,tm_tw_dense,context_noise_refinement
tm_tw_refined,20262397,100,100,2,0.0,0.45,0.2,dense,1.0,1.0,deterministic,20.0,0.1,0.95,False,5753.202366381365,575320.2366381366,881484.3406224253,65.2672101051616,306164.10398428875,0.44,0.77,0.3716183807153151,0.009509119393958636,3.334896249999929,tm_tw_refined_dense,context_noise_refinement
tw,20261461,100,100,2,0.0,0.45,0.2,offline,1.0,1.0,deterministic,20.0,0.1,0.95,False,4162.928689792155,416292.8689792155,697488.863682601,59.684518370841474,281195.9947033855,0.24,0.5,0.3157544379424426,0.008079660762693138,2.847555208999893,tw_offline,context_noise_refinement
tm_tw,20261781,100,100,2,0.0,0.45,0.2,offline,1.0,1.0,deterministic,20.0,0.1,0.95,False,5012.827244723684,501282.7244723684,930798.4446408631,53.85513129706422,429515.7201684947,0.26,0.56,0.3156483007144263,0.008076944877519034,3.0681976249998115,tm_tw_offline,context_noise_refinement
tm_tw_refined,20262609,100,100,2,0.0,0.45,0.2,offline,1.0,1.0,deterministic,20.0,0.1,0.95,False,5733.044498844068,573304.4498844068,864243.0576928863,66.33602026435182,290938.6078084796,0.33,0.61,0.3165066779326921,0.008098909404051757,3.300235000000157,tm_tw_refined_offline,context_noise_refinement
tw,20262073,100,100,2,0.0,0.45,0.2,gated_offline,1.0,1.0,deterministic,20.0,0.1,0.95,False,3814.929364574462,381492.9364574462,1075344.4437942482,35.47634794218916,693851.507336802,0.16,0.34,0.3159462792646612,0.008084569681199218,3.4196361669996804,tw_gated_offline,context_noise_refinement
tm_tw,20262393,100,100,2,0.0,0.45,0.2,gated_offline,1.0,1.0,deterministic,20.0,0.1,0.95,False,5776.05862116431,577605.862116431,1034245.5015555543,55.84804200237607,456639.63943912333,0.37,0.5,0.3157728382191071,0.008080131596909616,3.2376359159998174,tm_tw_gated_offline,context_noise_refinement
tm_tw_refined,20263221,100,100,2,0.0,0.45,0.2,gated_offline,1.0,1.0,deterministic,20.0,0.1,0.95,False,6238.111751160756,623811.1751160757,941754.7989366717,66.23923507694532,317943.623820596,0.49,0.73,0.31570618705599524,0.008077864831237534,3.116052583000055,tm_tw_refined_gated_offline,context_noise_refinement
tw,20262353,100,100,2,0.0,0.45,0.2,support_offline,1.0,1.0,deterministic,20.0,0.1,0.95,True,4228.526581050677,422852.65810506773,992355.9905482371,42.610984579380485,569503.3324431693,0.3,0.44,0.07326993474555331,0.0005292622384875321,3.4780267500000264,tw_support_offline,context_noise_refinement
tm_tw,20262673,100,100,2,0.0,0.45,0.2,support_offline,1.0,1.0,deterministic,20.0,0.1,0.95,True,5513.928967088228,551392.8967088228,967610.352827454,56.98501417410405,416217.4561186312,0.39,0.62,0.07380654787094203,0.000532321577907903,3.497136582999701,tm_tw_support_offline,context_noise_refinement
tm_tw_refined,20263501,100,100,2,0.0,0.45,0.2,support_offline,1.0,1.0,deterministic,20.0,0.1,0.95,True,6261.940195742937,626194.0195742938,941201.6672962933,66.53133343602182,315007.64772199956,0.4,0.69,0.07261908670130628,0.000442320645371269,3.4382172499999797,tm_tw_refined_support_offline,context_noise_refinement
oracle,20261645,100,100,2,0.0,0.45,0.2,dense,1.0,1.0,deterministic,20.0,0.1,0.95,False,8615.813196229794,861581.3196229794,895796.2623328998,96.18049950098973,34214.94270992046,0.91,0.96,0.37183787819813596,0.009514373296281919,0.02531162500008577,oracle,context_noise_refinement
state_thompson,20262543,100,100,2,0.0,0.45,0.2,dense,1.0,1.0,deterministic,20.0,0.1,0.95,False,3865.3448751796013,386534.48751796014,866864.0325434967,44.58997870563571,480329.54502553656,0.3,0.5,0.37141662690460286,0.009503968864437561,0.028468125000017608,state_thompson,context_noise_refinement
global_ucb_tw,20262379,100,100,2,0.0,0.45,0.2,dense,1.0,1.0,deterministic,20.0,0.1,0.95,False,3104.3374119886103,310433.74119886104,853471.6323463689,36.37305909575634,543037.8911475078,0.18,0.48,0.3710971546267138,0.009495794069982575,3.7021025829999417,global_ucb_tw_dense,context_noise_refinement
local_ucb_tw,20262277,100,100,2,0.0,0.45,0.2,dense,1.0,1.0,deterministic,20.0,0.1,0.95,False,5936.065580612265,593606.5580612265,939242.3155107675,63.20057649217162,345635.757449541,0.39,0.57,0.37165155708241876,0.009509980359167582,3.5900437089999286,local_ucb_tw_dense,context_noise_refinement
exp4,20261400,100,100,2,0.0,0.45,0.2,dense,1.0,1.0,deterministic,20.0,0.1,0.95,False,7617.444997418327,761744.4997418327,917787.4533315386,82.99792037652345,156042.95358970587,0.57,0.77,0.3708790199446512,0.00949021234564284,3.6376397499998347,exp4_dense,context_noise_refinement
tw,20261250,100,100,2,0.0,0.45,0.2,dense,1.0,1.0,deterministic,20.0,0.1,0.95,False,4896.44263821594,489644.26382159395,891838.287528764,54.90280812885618,402194.02370717004,0.29,0.49,0.3709468901619244,0.009491781251755102,3.59173012500014,tw_dense,context_noise_refinement
tm_tw,20261570,100,100,2,0.0,0.45,0.2,dense,1.0,1.0,deterministic,20.0,0.1,0.95,False,5317.702801038382,531770.2801038382,942552.1506763559,56.418128134581295,410781.87057251774,0.36,0.56,0.3717978496675891,0.009513723756942058,3.336362999999892,tm_tw_dense,context_noise_refinement
tm_tw_refined,20262398,100,100,2,0.0,0.45,0.2,dense,1.0,1.0,deterministic,20.0,0.1,0.95,False,7487.551639144866,748755.1639144866,924506.065036649,80.98975141767238,175750.90112216235,0.57,0.76,0.37157565130260517,0.009508038049330807,3.0479509580000013,tm_tw_refined_dense,context_noise_refinement
tw,20261462,100,100,2,0.0,0.45,0.2,offline,1.0,1.0,deterministic,20.0,0.1,0.95,False,3590.254000371659,359025.4000371659,927458.53874116,38.710668460120196,568433.138703994,0.26,0.53,0.31584815400260047,0.008081928002667448,3.046371291000014,tw_offline,context_noise_refinement
tm_tw,20261782,100,100,2,0.0,0.45,0.2,offline,1.0,1.0,deterministic,20.0,0.1,0.95,False,5079.726707225642,507972.67072256416,848856.2080165196,59.842016342145726,340883.5372939554,0.42,0.58,0.3163698707854703,0.008095408723755176,3.3963640839997424,tm_tw_offline,context_noise_refinement
tm_tw_refined,20262610,100,100,2,0.0,0.45,0.2,offline,1.0,1.0,deterministic,20.0,0.1,0.95,False,8326.558809347278,832655.8809347278,971965.4256501744,85.66723249211682,139309.54471544654,0.6,0.84,0.31729393405205697,0.008119054053226831,2.98687583300034,tm_tw_refined_offline,context_noise_refinement
tw,20262074,100,100,2,0.0,0.45,0.2,gated_offline,1.0,1.0,deterministic,20.0,0.1,0.95,False,4368.881203425878,436888.1203425878,906089.657427914,48.21687531262274,469201.53708532616,0.3,0.53,0.3155522102368224,0.008074469937784103,3.3891462080000565,tw_gated_offline,context_noise_refinement
tm_tw,20262394,100,100,2,0.0,0.45,0.2,gated_offline,1.0,1.0,deterministic,20.0,0.1,0.95,False,6186.505019649265,618650.5019649265,892249.6934265275,69.3360285268475,273599.19146160106,0.41,0.62,0.31582831995703037,0.008081551287552339,3.5313659580001513,tm_tw_gated_offline,context_noise_refinement
tm_tw_refined,20263222,100,100,2,0.0,0.45,0.2,gated_offline,1.0,1.0,deterministic,20.0,0.1,0.95,False,7309.804740046588,730980.4740046589,882307.936208634,82.84867946963682,151327.46220397518,0.68,0.83,0.31676344401678713,0.008105016170011844,3.4838917500001116,tm_tw_refined_gated_offline,context_noise_refinement
tw,20262354,100,100,2,0.0,0.45,0.2,support_offline,1.0,1.0,deterministic,20.0,0.1,0.95,True,5419.230942459246,541923.0942459246,927126.1371273394,58.45192714823575,385203.04288141476,0.41,0.6,0.07375118008247855,0.0005242946107849841,2.936061249999966,tw_support_offline,context_noise_refinement
tm_tw,20262674,100,100,2,0.0,0.45,0.2,support_offline,1.0,1.0,deterministic,20.0,0.1,0.95,True,2854.0791903131308,285407.9190313131,840963.4980991906,33.93820536520475,555555.5790678775,0.18,0.49,0.07356806750125106,0.0005089736042300334,3.2519906669999727,tm_tw_support_offline,context_noise_refinement
tm_tw_refined,20263502,100,100,2,0.0,0.45,0.2,support_offline,1.0,1.0,deterministic,20.0,0.1,0.95,True,8505.926902693871,850592.6902693871,987104.7773256198,86.17045624821233,136512.08705623273,0.64,0.79,0.07051611885339731,0.00047105709125926706,2.993352500000128,tm_tw_refined_support_offline,context_noise_refinement
oracle,20261646,100,100,2,0.0,0.45,0.2,dense,1.0,1.0,deterministic,20.0,0.1,0.95,False,13232.021117177808,1323202.1117177808,1457550.8409626326,90.78256994753461,134348.72924485174,0.84,0.95,0.37234333854420837,0.009527619462738179,0.02549779099990701,oracle,context_noise_refinement
state_thompson,20262544,100,100,2,0.0,0.45,0.2,dense,1.0,1.0,deterministic,20.0,0.1,0.95,False,4505.202905333794,450520.2905333794,1286778.4534699253,35.01148852147057,836258.1629365459,0.2,0.32,0.3716418312816108,0.009509731491181164,0.02917841699991186,state_thompson,context_noise_refinement
global_ucb_tw,20262380,100,100,2,0.0,0.45,0.2,dense,1.0,1.0,deterministic,20.0,0.1,0.95,False,6079.683640803955,607968.3640803955,1195920.83759335,50.83684011258306,587952.4735129545,0.37,0.69,0.3705120001908579,0.00948082088586422,2.8903107079995607,global_ucb_tw_dense,context_noise_refinement
local_ucb_tw,20262278,100,100,2,0.0,0.45,0.2,dense,1.0,1.0,deterministic,20.0,0.1,0.95,False,5752.779909762105,575277.9909762105,1159473.6566546208,49.615442979190675,584195.6656784103,0.38,0.61,0.37128062045496296,0.009500388258477589,3.038526875000116,local_ucb_tw_dense,context_noise_refinement
exp4,20261401,100,100,2,0.0,0.45,0.2,dense,1.0,1.0,deterministic,20.0,0.1,0.95,False,12474.241142698162,1247424.114269816,1439831.8275096263,86.63679260566119,192407.7132398102,0.5,0.75,0.37173878230505875,0.009511268245910065,3.137631416000204,exp4_dense,context_noise_refinement
tw,20261251,100,100,2,0.0,0.45,0.2,dense,1.0,1.0,deterministic,20.0,0.1,0.95,False,3200.062998273219,320006.2998273219,1366304.016058224,23.421310050052952,1046297.7162309021,0.18,0.43,0.37094352991697677,0.009491863054641891,3.404876083999625,tw_dense,context_noise_refinement
tm_tw,20261571,100,100,2,0.0,0.45,0.2,dense,1.0,1.0,deterministic,20.0,0.1,0.95,False,5233.129319720006,523312.9319720006,1076401.238746069,48.616901684507816,553088.3067740684,0.32,0.56,0.3706336881370733,0.009483098953818407,3.4828294580001966,tm_tw_dense,context_noise_refinement
tm_tw_refined,20262399,100,100,2,0.0,0.45,0.2,dense,1.0,1.0,deterministic,20.0,0.1,0.95,False,7600.666596392696,760066.6596392696,1180256.3325641728,64.39843944645332,420189.6729249032,0.4,0.69,0.37235975956264167,0.009527934464899239,3.55431283300004,tm_tw_refined_dense,context_noise_refinement
tw,20261463,100,100,2,0.0,0.45,0.2,offline,1.0,1.0,deterministic,20.0,0.1,0.95,False,4890.426862032074,489042.68620320735,1253576.2469154303,39.01180222635469,764533.5607122229,0.32,0.56,0.3159203247729767,0.008083905546470201,3.090817791000063,tw_offline,context_noise_refinement
tm_tw,20261783,100,100,2,0.0,0.45,0.2,offline,1.0,1.0,deterministic,20.0,0.1,0.95,False,6950.0498616837685,695004.9861683769,1199096.2541685894,57.960733656887996,504091.2680002125,0.42,0.63,0.31554880539427443,0.008074398948348441,3.2679065000002083,tm_tw_offline,context_noise_refinement
tm_tw_refined,20262611,100,100,2,0.0,0.45,0.2,offline,1.0,1.0,deterministic,20.0,0.1,0.95,False,6442.924666342121,644292.4666342121,1023486.2916493303,62.95076659951605,379193.82501511823,0.37,0.65,0.3159119106674093,0.008082903238532186,3.2406662500002312,tm_tw_refined_offline,context_noise_refinement
tw,20262075,100,100,2,0.0,0.45,0.2,gated_offline,1.0,1.0,deterministic,20.0,0.1,0.95,False,6013.201234492528,601320.1234492528,1098696.5003625448,54.73032118067463,497376.376913292,0.36,0.57,0.3157599505007019,0.008079192957497702,3.2663858750001964,tw_gated_offline,context_noise_refinement
tm_tw,20262395,100,100,2,0.0,0.45,0.2,gated_offline,1.0,1.0,deterministic,20.0,0.1,0.95,False,6404.390769701146,640439.0769701146,1186882.5771531526,53.959767318033,546443.500183038,0.33,0.61,0.31565526519260634,0.008077123087590923,3.270336708999821,tm_tw_gated_offline,context_noise_refinement
tm_tw_refined,20263223,100,100,2,0.0,0.45,0.2,gated_offline,1.0,1.0,deterministic,20.0,0.1,0.95,False,5927.8040853209495,592780.4085320949,960889.9734438721,61.69076844537609,368109.56491177715,0.39,0.67,0.3162883991260172,0.008092536987614045,3.3305211249999047,tm_tw_refined_gated_offline,context_noise_refinement
tw,20262355,100,100,2,0.0,0.45,0.2,support_offline,1.0,1.0,deterministic,20.0,0.1,0.95,True,3508.271754245205,350827.1754245205,1300909.4496607645,26.967839730582707,950082.274236244,0.2,0.51,0.07284986869577974,0.0005679249976670189,3.1442687080002543,tw_support_offline,context_noise_refinement
tm_tw,20262675,100,100,2,0.0,0.45,0.2,support_offline,1.0,1.0,deterministic,20.0,0.1,0.95,True,8188.425550788453,818842.5550788452,1173653.4123320223,69.76868524173793,354810.8572531771,0.47,0.6,0.07298409925394214,0.0004925387354845725,3.209888584000055,tm_tw_support_offline,context_noise_refinement
tm_tw_refined,20263503,100,100,2,0.0,0.45,0.2,support_offline,1.0,1.0,deterministic,20.0,0.1,0.95,True,8217.886473323793,821788.6473323792,1283159.7942997462,64.04413939581475,461371.1469673669,0.51,0.77,0.07220927830382068,0.0005687635561098427,3.2248901250000017,tm_tw_refined_support_offline,context_noise_refinement
oracle,20261647,100,100,2,0.0,0.45,0.2,dense,1.0,1.0,deterministic,20.0,0.1,0.95,False,9647.18813936746,964718.8139367459,1041657.0442429621,92.6138616609527,76938.23030621628,0.81,0.94,0.37128534052231443,0.009500609451855544,0.026588083999740775,oracle,context_noise_refinement
state_thompson,20262545,100,100,2,0.0,0.45,0.2,dense,1.0,1.0,deterministic,20.0,0.1,0.95,False,4677.41106675765,467741.10667576495,937637.2655667098,49.8850807079496,469896.15889094485,0.31,0.46,0.3708348333426825,0.009488561026174486,0.029970333999699506,state_thompson,context_noise_refinement
global_ucb_tw,20262381,100,100,2,0.0,0.45,0.2,dense,1.0,1.0,deterministic,20.0,0.1,0.95,False,4618.169470602548,461816.94706025487,909542.4510787887,50.77464460427369,447725.50401853386,0.37,0.59,0.3712425362139559,0.00949937874573791,3.5701038750003136,global_ucb_tw_dense,context_noise_refinement
local_ucb_tw,20262279,100,100,2,0.0,0.45,0.2,dense,1.0,1.0,deterministic,20.0,0.1,0.95,False,5157.526041437235,515752.60414372355,910426.6575206746,56.64954995367229,394674.0533769511,0.31,0.59,0.37161250278334446,0.00950898102091631,3.5734256669998103,local_ucb_tw_dense,context_noise_refinement
exp4,20261402,100,100,2,0.0,0.45,0.2,dense,1.0,1.0,deterministic,20.0,0.1,0.95,False,6999.663917276388,699966.3917276388,818632.0909482917,85.50439195668567,118665.69922065292,0.64,0.84,0.3709790215351338,0.009492771229477046,3.5137367500001346,exp4_dense,context_noise_refinement
tw,20261252,100,100,2,0.0,0.45,0.2,dense,1.0,1.0,deterministic,20.0,0.1,0.95,False,3836.170622243594,383617.0622243594,894688.7520595653,42.87715267921682,511071.68983520585,0.29,0.43,0.3724564366828896,0.009530575965579302,3.593704500000058,tw_dense,context_noise_refinement
tm_tw,20261572,100,100,2,0.0,0.45,0.2,dense,1.0,1.0,deterministic,20.0,0.1,0.95,False,2105.353767655229,210535.3767655229,818541.1594910887,25.72080515736301,608005.7827255658,0.09,0.34,0.37139888507173074,0.00950351487876487,3.5494644999998854,tm_tw_dense,context_noise_refinement
tm_tw_refined,20262400,100,100,2,0.0,0.45,0.2,dense,1.0,1.0,deterministic,20.0,0.1,0.95,False,8340.299998296561,834029.9998296561,913418.199549815,91.30866893616898,79388.19972015894,0.71,0.87,0.3725202817888149,0.009532105801656084,3.608708874999593,tm_tw_refined_dense,context_noise_refinement
tw,20261464,100,100,2,0.0,0.45,0.2,offline,1.0,1.0,deterministic,20.0,0.1,0.95,False,4090.3978043500033,409039.7804350003,852109.9451427173,48.0031693992835,443070.164707717,0.37,0.5,0.31568690212622524,0.00807788887936078,3.290334124999845,tw_offline,context_noise_refinement
tm_tw,20261784,100,100,2,0.0,0.45,0.2,offline,1.0,1.0,deterministic,20.0,0.1,0.95,False,3044.3989676473884,304439.89676473883,929538.6944458431,32.75171852272753,625098.7976811043,0.24,0.5,0.31600685035706083,0.008086119600439638,3.243453583000246,tm_tw_offline,context_noise_refinement
tm_tw_refined,20262612,100,100,2,0.0,0.45,0.2,offline,1.0,1.0,deterministic,20.0,0.1,0.95,False,7215.6216273451255,721562.1627345126,863904.1528522249,83.5234048073779,142341.9901177123,0.62,0.79,0.3155634334732814,0.008074773257944074,3.243812582999908,tm_tw_refined_offline,context_noise_refinement
tw,20262076,100,100,2,0.0,0.45,0.2,gated_offline,1.0,1.0,deterministic,20.0,0.1,0.95,False,4998.7607055319995,499876.07055319997,911790.8585330753,54.8235448814896,411914.78797987534,0.34,0.58,0.3164786974018348,0.008096831203406658,3.3023855830001594,tw_gated_offline,context_noise_refinement
tm_tw,20262396,100,100,2,0.0,0.45,0.2,gated_offline,1.0,1.0,deterministic,20.0,0.1,0.95,False,5923.168627484345,592316.8627484345,940713.1504575199,62.964662762539106,348396.2877090854,0.45,0.59,0.31586642166402235,0.008082526250466496,3.406071915999746,tm_tw_gated_offline,context_noise_refinement
tm_tw_refined,20263224,100,100,2,0.0,0.45,0.2,gated_offline,1.0,1.0,deterministic,20.0,0.1,0.95,False,6902.935293882577,690293.5293882577,841490.2777068479,82.03226438567803,151196.74831859022,0.51,0.68,0.3156758514272787,0.00807764985704385,3.3054671249997227,tm_tw_refined_gated_offline,context_noise_refinement
tw,20262356,100,100,2,0.0,0.45,0.2,support_offline,1.0,1.0,deterministic,20.0,0.1,0.95,True,5578.692095978002,557869.2095978002,939579.6177145591,59.37434136287094,381710.4081167589,0.38,0.6,0.07310233451830771,0.000560928954945209,3.077157083000202,tw_support_offline,context_noise_refinement
tm_tw,20262676,100,100,2,0.0,0.45,0.2,support_offline,1.0,1.0,deterministic,20.0,0.1,0.95,True,7062.747941560582,706274.7941560582,923358.8592011622,76.48974037754803,217084.065045104,0.52,0.67,0.07178774310827614,0.0004540044827238084,3.1481429579998803,tm_tw_support_offline,context_noise_refinement
tm_tw_refined,20263504,100,100,2,0.0,0.45,0.2,support_offline,1.0,1.0,deterministic,20.0,0.1,0.95,True,7648.697910527606,764869.7910527606,874768.7072367114,87.43680297719973,109898.91618395085,0.64,0.86,0.07261669585248116,0.0005222315357566422,3.409119124999961,tm_tw_refined_support_offline,context_noise_refinement
oracle,20261648,100,100,2,0.0,0.45,0.2,dense,1.0,1.0,deterministic,20.0,0.1,0.95,False,11473.967402270793,1147396.7402270793,1238488.2124433566,92.64494637082034,91091.47221627738,0.83,0.93,0.3712094029328498,0.009498666328059695,0.025251125000067987,oracle,context_noise_refinement
state_thompson,20262546,100,100,2,0.0,0.45,0.2,dense,1.0,1.0,deterministic,20.0,0.1,0.95,False,5440.28293591684,544028.293591684,1100892.871292552,49.417005757603235,556864.577700868,0.32,0.55,0.3703431159682468,0.009476439344176898,0.029204458000094746,state_thompson,context_noise_refinement
global_ucb_tw,20262382,100,100,2,0.0,0.45,0.2,dense,1.0,1.0,deterministic,20.0,0.1,0.95,False,5562.451037827304,556245.1037827304,1135637.1894663966,48.98088130101605,579392.0856836662,0.3,0.57,0.3704639170831207,0.009479538900325017,3.6572074580003573,global_ucb_tw_dense,context_noise_refinement
local_ucb_tw,20262280,100,100,2,0.0,0.45,0.2,dense,1.0,1.0,deterministic,20.0,0.1,0.95,False,6293.127982772312,629312.7982772312,1175301.4360748504,53.54479956894672,545988.6377976192,0.4,0.69,0.37227116137035976,0.009525835060961468,3.5140597909999087,local_ucb_tw_dense,context_noise_refinement
exp4,20261403,100,100,2,0.0,0.45,0.2,dense,1.0,1.0,deterministic,20.0,0.1,0.95,False,8679.356602314736,867935.6602314735,1104245.119234521,78.59990912462798,236309.45900304744,0.48,0.73,0.37151571522688465,0.009506277048877432,3.4601798329999838,exp4_dense,context_noise_refinement
tw,20261253,100,100,2,0.0,0.45,0.2,dense,1.0,1.0,deterministic,20.0,0.1,0.95,False,6579.340858432297,657934.0858432297,1134039.420256466,58.01686203240062,476105.33441323624,0.38,0.6,0.3715132089575977,0.009506440247671472,3.468151458000193,tw_dense,context_noise_refinement
tm_tw,20261573,100,100,2,0.0,0.45,0.2,dense,1.0,1.0,deterministic,20.0,0.1,0.95,False,4319.5906794402945,431959.06794402946,984650.6248096841,43.869272720719565,552691.5568656547,0.23,0.52,0.3716958599739161,0.009511114000665823,3.462197916999685,tm_tw_dense,context_noise_refinement
tm_tw_refined,20262401,100,100,2,0.0,0.45,0.2,dense,1.0,1.0,deterministic,20.0,0.1,0.95,False,8753.4456044342,875344.56044342,1118647.249789585,78.25027600148933,243302.68934616493,0.49,0.75,0.3714458361166778,0.009504716282355895,3.4349490829999922,tm_tw_refined_dense,context_noise_refinement
tw,20261465,100,100,2,0.0,0.45,0.2,offline,1.0,1.0,deterministic,20.0,0.1,0.95,False,6000.714683661002,600071.4683661002,1250725.0502421309,47.977888365626875,650653.5818760307,0.37,0.62,0.31684558253065803,0.008107581441095246,3.352707250000094,tw_offline,context_noise_refinement
tm_tw,20261785,100,100,2,0.0,0.45,0.2,offline,1.0,1.0,deterministic,20.0,0.1,0.95,False,1911.877995632837,191187.79956328368,1120267.4491167862,17.066263927780398,929079.6495535026,0.12,0.34,0.3168282045304958,0.008107136765330874,3.2729848330000095,tm_tw_offline,context_noise_refinement
tm_tw_refined,20262613,100,100,2,0.0,0.45,0.2,offline,1.0,1.0,deterministic,20.0,0.1,0.95,False,8033.324688279056,803332.4688279056,1082942.8616706077,74.18050363143264,279610.3928427021,0.4,0.73,0.3157803638768027,0.008080324166685018,3.277088083000308,tm_tw_refined_offline,context_noise_refinement
tw,20262077,100,100,2,0.0,0.45,0.2,gated_offline,1.0,1.0,deterministic,20.0,0.1,0.95,False,5211.856749188571,521185.67491885705,1030391.489854677,50.58132564665915,509205.81493581994,0.32,0.56,0.3162400400524339,0.008092086558954131,3.2930435829998714,tw_gated_offline,context_noise_refinement
tm_tw,20262397,100,100,2,0.0,0.45,0.2,gated_offline,1.0,1.0,deterministic,20.0,0.1,0.95,False,6923.934473800211,692393.4473800211,1231652.7531991084,56.21661183167014,539259.3058190873,0.44,0.65,0.3165620740295502,0.00810032690327396,3.2481070419999014,tm_tw_gated_offline,context_noise_refinement
tm_tw_refined,20263225,100,100,2,0.0,0.45,0.2,gated_offline,1.0,1.0,deterministic,20.0,0.1,0.95,False,6948.408902535394,694840.8902535394,1156212.0103299627,60.096321785763486,461371.1200764233,0.41,0.7,0.3168460163757357,0.008107592542510233,3.2361937919999946,tm_tw_refined_gated_offline,context_noise_refinement
tw,20262357,100,100,2,0.0,0.45,0.2,support_offline,1.0,1.0,deterministic,20.0,0.1,0.95,True,7829.51633091812,782951.633091812,1189272.6430977965,65.83449452367738,406321.01000598446,0.54,0.67,0.07150083499296414,0.0004992964715582088,3.1383628329999738,tw_support_offline,context_noise_refinement
tm_tw,20262677,100,100,2,0.0,0.45,0.2,support_offline,1.0,1.0,deterministic,20.0,0.1,0.95,True,6901.938491785447,690193.8491785447,1062754.64671652,64.94385616764541,372560.79753797525,0.39,0.75,0.0708929445539956,0.0005214458011663836,3.1209782500000074,tm_tw_support_offline,context_noise_refinement
tm_tw_refined,20263505,100,100,2,0.0,0.45,0.2,support_offline,1.0,1.0,deterministic,20.0,0.1,0.95,True,5983.888263274662,598388.8263274662,932196.9637251614,64.19124386934696,333808.1373976952,0.44,0.65,0.07102264550672162,0.0005079883806265009,3.1803422080001837,tm_tw_refined_support_offline,context_noise_refinement
oracle,20261649,100,100,2,0.0,0.45,0.2,dense,1.0,1.0,deterministic,20.0,0.1,0.95,False,8115.640467323096,811564.0467323096,924916.2490570234,87.74459823359365,113352.20232471381,0.73,0.92,0.3722467772977649,0.009524761652434597,0.025855208999928436,oracle,context_noise_refinement
state_thompson,20262547,100,100,2,0.0,0.45,0.2,dense,1.0,1.0,deterministic,20.0,0.1,0.95,False,3657.1681717872602,365716.817178726,923710.8255867724,39.592132845948875,557994.0084080463,0.23,0.44,0.37164614480461594,0.009508771222965371,0.02952458400022806,state_thompson,context_noise_refinement
global_ucb_tw,20262383,100,100,2,0.0,0.45,0.2,dense,1.0,1.0,deterministic,20.0,0.1,0.95,False,5451.7645677373,545176.45677373,996129.8713970986,54.72945570933492,450953.41462336865,0.34,0.67,0.3719963418901295,0.009518233090203762,3.5063878749997457,global_ucb_tw_dense,context_noise_refinement
local_ucb_tw,20262281,100,100,2,0.0,0.45,0.2,dense,1.0,1.0,deterministic,20.0,0.1,0.95,False,5435.488146546215,543548.8146546215,946841.6969046287,57.406514355204926,403292.8822500071,0.38,0.63,0.3711043197506123,0.00949597741426366,3.4718657090002125,local_ucb_tw_dense,context_noise_refinement
exp4,20261404,100,100,2,0.0,0.45,0.2,dense,1.0,1.0,deterministic,20.0,0.1,0.95,False,7013.505153921786,701350.5153921786,886316.5880509863,79.13092509466072,184966.07265880774,0.48,0.76,0.37204995454987877,0.009519715513164573,3.468404959000054,exp4_dense,context_noise_refinement
tw,20261254,100,100,2,0.0,0.45,0.2,dense,1.0,1.0,deterministic,20.0,0.1,0.95,False,4124.398501795832,412439.8501795832,988801.0320633113,41.71110636069556,576361.1818837281,0.25,0.47,0.3713219295734326,0.0095015457082787,3.3870600840000407,tw_dense,context_noise_refinement
tm_tw,20261574,100,100,2,0.0,0.45,0.2,dense,1.0,1.0,deterministic,20.0,0.1,0.95,False,3939.444172708819,393944.41727088194,895330.6316037144,43.99988153708641,501386.2143328325,0.28,0.52,0.37244088820360854,0.009525673286595808,3.4264400409997506,tm_tw_dense,context_noise_refinement
tm_tw_refined,20262402,100,100,2,0.0,0.45,0.2,dense,1.0,1.0,deterministic,20.0,0.1,0.95,False,7171.174349165893,717117.4349165893,972856.5620947399,73.71255566930678,255739.12717815058,0.49,0.78,0.3725850351496644,0.00953386659861969,3.457291707999957,tm_tw_refined_dense,context_noise_refinement
tw,20261466,100,100,2,0.0,0.45,0.2,offline,1.0,1.0,deterministic,20.0,0.1,0.95,False,3091.4302488252974,309143.02488252975,841314.118671562,36.745255787537204,532171.0937890323,0.16,0.46,0.3168405113137399,0.00810745167660921,3.3745655840002655,tw_offline,context_noise_refinement
tm_tw,20261786,100,100,2,0.0,0.45,0.2,offline,1.0,1.0,deterministic,20.0,0.1,0.95,False,4889.854473056923,488985.4473056923,935308.3470772797,52.28066752891814,446322.8997715874,0.38,0.5,0.3163880132772203,0.008095669321403582,3.2758777920003013,tm_tw_offline,context_noise_refinement
tm_tw_refined,20262614,100,100,2,0.0,0.45,0.2,offline,1.0,1.0,deterministic,20.0,0.1,0.95,False,7340.138480167359,734013.848016736,947010.0788682337,77.50855713108689,212996.23085149773,0.47,0.76,0.3155062161947365,0.008073309157539281,3.3551771249999547,tm_tw_refined_offline,context_noise_refinement
tw,20262078,100,100,2,0.0,0.45,0.2,gated_offline,1.0,1.0,deterministic,20.0,0.1,0.95,False,5228.096953119929,522809.6953119929,965647.9233357392,54.140819099573726,442838.2280237463,0.42,0.59,0.3160281944686014,0.008085803970902451,3.3657714579999265,tw_gated_offline,context_noise_refinement
tm_tw,20262398,100,100,2,0.0,0.45,0.2,gated_offline,1.0,1.0,deterministic,20.0,0.1,0.95,False,4933.72361621221,493372.36162122095,943999.5545436932,52.26404602062607,450627.19292247226,0.29,0.6,0.31624527123361573,0.008092091394975943,3.3076503749998665,tm_tw_gated_offline,context_noise_refinement
tm_tw_refined,20263226,100,100,2,0.0,0.45,0.2,gated_offline,1.0,1.0,deterministic,20.0,0.1,0.95,False,8155.125175518624,815512.5175518624,1004092.8587827893,81.21883453493203,188580.34123092692,0.54,0.79,0.31624765913459735,0.008092281519315115,3.277260457999546,tm_tw_refined_gated_offline,context_noise_refinement
tw,20262358,100,100,2,0.0,0.45,0.2,support_offline,1.0,1.0,deterministic,20.0,0.1,0.95,True,3500.1126974855806,350011.26974855806,939632.1629870416,37.24981791128674,589620.8932384836,0.21,0.52,0.07436489483817463,0.000539682124900815,3.0808340000003227,tw_support_offline,context_noise_refinement
tm_tw,20262678,100,100,2,0.0,0.45,0.2,support_offline,1.0,1.0,deterministic,20.0,0.1,0.95,True,2963.5028211825033,296350.2821182503,961964.2667154938,30.806786943355096,665613.9845972434,0.24,0.56,0.07121628779205996,0.0005073273253273342,3.2153536250002617,tm_tw_support_offline,context_noise_refinement
tm_tw_refined,20263506,100,100,2,0.0,0.45,0.2,support_offline,1.0,1.0,deterministic,20.0,0.1,0.95,True,7340.448992618109,734044.8992618108,961044.9352417741,76.3798728180326,227000.03597996326,0.49,0.73,0.07134344057571941,0.0004628360466369839,3.0845855839997967,tm_tw_refined_support_offline,context_noise_refinement
oracle,20261640,100,100,2,0.0,0.45,0.3,dense,1.0,1.0,deterministic,20.0,0.1,0.95,False,8110.626802931431,811062.680293143,994138.2711723272,81.58449421092158,183075.5908791842,0.7,0.82,0.37531660145688206,0.009603763095584032,0.04583012500006589,oracle,context_noise_refinement
state_thompson,20262538,100,100,2,0.0,0.45,0.3,dense,1.0,1.0,deterministic,20.0,0.1,0.95,False,3516.9156989417597,351691.569894176,845680.0813360603,41.586833798728094,493988.51144188433,0.26,0.42,0.3755012008143271,0.009608486703571574,0.03198604199997135,state_thompson,context_noise_refinement
global_ucb_tw,20262374,100,100,2,0.0,0.45,0.3,dense,1.0,1.0,deterministic,20.0,0.1,0.95,False,5343.667850827365,534366.7850827365,991025.9598295299,53.92056381395448,456659.17474679335,0.27,0.59,0.3760467460452416,0.009621069086404201,3.5722544999998718,global_ucb_tw_dense,context_noise_refinement
local_ucb_tw,20262272,100,100,2,0.0,0.45,0.3,dense,1.0,1.0,deterministic,20.0,0.1,0.95,False,3947.7199514310223,394771.99514310225,873305.6024644877,45.20433557611986,478533.6073213854,0.27,0.57,0.37557732130928523,0.00961043450763209,3.2255529580002076,local_ucb_tw_dense,context_noise_refinement
exp4,20261395,100,100,2,0.0,0.45,0.3,dense,1.0,1.0,deterministic,20.0,0.1,0.95,False,6947.999442863033,694799.9442863034,914707.2123756224,75.95872590550707,219907.268089319,0.45,0.69,0.3762934837929828,0.00962875998219058,3.356815582999843,exp4_dense,context_noise_refinement
tw,20261245,100,100,2,0.0,0.45,0.3,dense,1.0,1.0,deterministic,20.0,0.1,0.95,False,3642.201242349456,364220.12423494563,949069.8681417147,38.3765343797176,584849.7439067691,0.23,0.57,0.3756653465661482,0.009612686935875492,3.3378817090001576,tw_dense,context_noise_refinement
tm_tw,20261565,100,100,2,0.0,0.45,0.3,dense,1.0,1.0,deterministic,20.0,0.1,0.95,False,4174.134006985894,417413.4006985894,879493.1646695619,47.46067592866598,462079.7639709725,0.28,0.61,0.37600134395775675,0.00962128458206865,3.558062792000328,tm_tw_dense,context_noise_refinement
tm_tw_refined,20262393,100,100,2,0.0,0.45,0.3,dense,1.0,1.0,deterministic,20.0,0.1,0.95,False,5506.80200041809,550680.200041809,798077.4652355745,69.00084566092347,247397.26519376552,0.4,0.73,0.37666133059770335,0.0096370188179198,3.540144041000076,tm_tw_refined_dense,context_noise_refinement
tw,20261457,100,100,2,0.0,0.45,0.3,offline,1.0,1.0,deterministic,20.0,0.1,0.95,False,4963.389609205841,496338.9609205841,898529.0037868825,55.239058375271796,402190.0428662984,0.33,0.57,0.31942692507273723,0.00817297564106399,3.084461999999803,tw_offline,context_noise_refinement
tm_tw,20261777,100,100,2,0.0,0.45,0.3,offline,1.0,1.0,deterministic,20.0,0.1,0.95,False,4196.16897082766,419616.897082766,902596.0522530758,46.4899991569109,482979.15517030976,0.25,0.53,0.3205809063023358,0.008203162517043512,3.127062209000087,tm_tw_offline,context_noise_refinement
tm_tw_refined,20262605,100,100,2,0.0,0.45,0.3,offline,1.0,1.0,deterministic,20.0,0.1,0.95,False,6119.956719100955,611995.6719100955,952040.2553843351,64.2825414628119,340044.58347423957,0.32,0.62,0.31971629981108973,0.008181038593186698,3.1097506659998544,tm_tw_refined_offline,context_noise_refinement
tw,20262069,100,100,2,0.0,0.45,0.3,gated_offline,1.0,1.0,deterministic,20.0,0.1,0.95,False,4297.37650534613,429737.65053461306,921822.4352785888,46.618267693250466,492084.78474397573,0.24,0.49,0.3192164712445792,0.00816824876421953,3.0821763330000067,tw_gated_offline,context_noise_refinement
tm_tw,20262389,100,100,2,0.0,0.45,0.3,gated_offline,1.0,1.0,deterministic,20.0,0.1,0.95,False,5337.065025561078,533706.5025561078,841381.3488223447,63.43217653958222,307674.84626623685,0.34,0.62,0.3191837564613117,0.008167411644233347,3.361917249999806,tm_tw_gated_offline,context_noise_refinement
tm_tw_refined,20263217,100,100,2,0.0,0.45,0.3,gated_offline,1.0,1.0,deterministic,20.0,0.1,0.95,False,5961.455360854826,596145.5360854826,764784.3984339843,77.94948972627891,168638.8623485017,0.45,0.71,0.31930415566312104,0.008170492470944946,3.330654208999931,tm_tw_refined_gated_offline,context_noise_refinement
tw,20262349,100,100,2,0.0,0.45,0.3,support_offline,1.0,1.0,deterministic,20.0,0.1,0.95,True,4839.340554153402,483934.05541534023,893255.4001349254,54.17644890165147,409321.34471958515,0.34,0.68,0.07268475542760693,0.00071638122211478,3.1044270409997807,tw_support_offline,context_noise_refinement
tm_tw,20262669,100,100,2,0.0,0.45,0.3,support_offline,1.0,1.0,deterministic,20.0,0.1,0.95,True,3971.6829325752433,397168.2932575243,968789.4071184355,40.99634970605847,571621.1138609112,0.24,0.54,0.07464175879524171,0.0007133283672787649,3.20060175000026,tm_tw_support_offline,context_noise_refinement
tm_tw_refined,20263497,100,100,2,0.0,0.45,0.3,support_offline,1.0,1.0,deterministic,20.0,0.1,0.95,True,5429.208435831256,542920.8435831256,857466.1847200777,63.31688097535458,314545.34113695205,0.4,0.69,0.07213791564872567,0.0006834954082554965,3.0909621670002707,tm_tw_refined_support_offline,context_noise_refinement
oracle,20261641,100,100,2,0.0,0.45,0.3,dense,1.0,1.0,deterministic,20.0,0.1,0.95,False,10834.379197013264,1083437.9197013264,1195550.1953722914,90.62253712935461,112112.27567096497,0.77,0.96,0.37722275932780225,0.009652417295653545,0.026144666000163852,oracle,context_noise_refinement
state_thompson,20262539,100,100,2,0.0,0.45,0.3,dense,1.0,1.0,deterministic,20.0,0.1,0.95,False,5523.377042190858,552337.7042190859,1052216.9263768909,52.49275984572458,499879.222157805,0.28,0.5,0.37457711454655346,0.009584840785535625,0.028842416999850684,state_thompson,context_noise_refinement
global_ucb_tw,20262375,100,100,2,0.0,0.45,0.3,dense,1.0,1.0,deterministic,20.0,0.1,0.95,False,7392.095657601897,739209.5657601897,1258663.9453140034,58.72970052985639,519454.3795538137,0.35,0.58,0.3754818684989025,0.009607992019945255,3.4152054170003794,global_ucb_tw_dense,context_noise_refinement
local_ucb_tw,20262273,100,100,2,0.0,0.45,0.3,dense,1.0,1.0,deterministic,20.0,0.1,0.95,False,5985.594212722348,598559.4212722348,1106704.2451122985,54.084858164748276,508144.82384006376,0.25,0.54,0.3760144558518919,0.00962153670589136,3.5195093749998705,local_ucb_tw_dense,context_noise_refinement
exp4,20261396,100,100,2,0.0,0.45,0.3,dense,1.0,1.0,deterministic,20.0,0.1,0.95,False,9472.51308936979,947251.308936979,1324599.3785068598,71.51228698331097,377348.0695698807,0.46,0.74,0.37723461208130543,0.009652841978799627,3.5382257080000272,exp4_dense,context_noise_refinement
tw,20261246,100,100,2,0.0,0.45,0.3,dense,1.0,1.0,deterministic,20.0,0.1,0.95,False,5819.785605605229,581978.5605605228,1188914.4148144193,48.95041672544321,606935.8542538965,0.32,0.57,0.3760919457963546,0.009623602940996925,3.435534458999882,tw_dense,context_noise_refinement
tm_tw,20261566,100,100,2,0.0,0.45,0.3,dense,1.0,1.0,deterministic,20.0,0.1,0.95,False,5790.9068926723385,579090.6892672338,1063011.3333412788,54.47643605520406,483920.644074045,0.35,0.62,0.3769857015618539,0.009646472749057234,3.4893637499999386,tm_tw_dense,context_noise_refinement
tm_tw_refined,20262394,100,100,2,0.0,0.45,0.3,dense,1.0,1.0,deterministic,20.0,0.1,0.95,False,8361.10223817747,836110.2238177469,1228086.2021823141,68.08237258361632,391975.9783645673,0.43,0.65,0.3753762669639423,0.00960528984231615,3.598418500000207,tm_tw_refined_dense,context_noise_refinement
tw,20261458,100,100,2,0.0,0.45,0.3,offline,1.0,1.0,deterministic,20.0,0.1,0.95,False,4726.298981715244,472629.8981715244,1185671.446269754,39.861793050551,713041.5480982297,0.29,0.59,0.31987083509257763,0.008184141225059578,3.3806663749996915,tw_offline,context_noise_refinement
tm_tw,20261778,100,100,2,0.0,0.45,0.3,offline,1.0,1.0,deterministic,20.0,0.1,0.95,False,6313.767859534698,631376.7859534698,1090120.522345913,57.918071718782265,458743.7363924433,0.34,0.6,0.3203341917002901,0.008196849477382941,3.192519665999953,tm_tw_offline,context_noise_refinement
tm_tw_refined,20262606,100,100,2,0.0,0.45,0.3,offline,1.0,1.0,deterministic,20.0,0.1,0.95,False,8352.650248382275,835265.0248382274,1199572.4125726107,69.6302295787974,364307.3877343832,0.49,0.69,0.3198544377783567,0.008184573327080662,3.475812667000355,tm_tw_refined_offline,context_noise_refinement
tw,20262070,100,100,2,0.0,0.45,0.3,gated_offline,1.0,1.0,deterministic,20.0,0.1,0.95,False,5349.7092712416115,534970.9271241612,1042797.705570432,51.30150596481423,507826.77844627085,0.32,0.56,0.3185313063987329,0.008150716470589596,3.2177716670003065,tw_gated_offline,context_noise_refinement
tm_tw,20262390,100,100,2,0.0,0.45,0.3,gated_offline,1.0,1.0,deterministic,20.0,0.1,0.95,False,7405.997495000649,740599.7495000649,1284787.7345630568,57.64374375444479,544187.985062992,0.44,0.68,0.31845168195836665,0.008148679006062507,3.218993167000008,tm_tw_gated_offline,context_noise_refinement
tm_tw_refined,20263218,100,100,2,0.0,0.45,0.3,gated_offline,1.0,1.0,deterministic,20.0,0.1,0.95,False,8175.670913735127,817567.0913735128,1155806.712363173,70.73562409945757,338239.62098966027,0.42,0.66,0.32055507538938427,0.008202359402642953,3.339895874999911,tm_tw_refined_gated_offline,context_noise_refinement
tw,20262350,100,100,2,0.0,0.45,0.3,support_offline,1.0,1.0,deterministic,20.0,0.1,0.95,True,8195.515432664757,819551.5432664758,1202997.7150666232,68.12577721488758,383446.1718001474,0.47,0.74,0.07492907783252385,0.000698898127947866,3.1106510829999934,tw_support_offline,context_noise_refinement
tm_tw,20262670,100,100,2,0.0,0.45,0.3,support_offline,1.0,1.0,deterministic,20.0,0.1,0.95,True,7013.420085534908,701342.0085534909,1041868.8406124897,67.3157677065367,340526.8320589989,0.41,0.64,0.07378932692697254,0.0006860814709883959,3.092066917000011,tm_tw_support_offline,context_noise_refinement
tm_tw_refined,20263498,100,100,2,0.0,0.45,0.3,support_offline,1.0,1.0,deterministic,20.0,0.1,0.95,True,8353.269692861622,835326.9692861622,1084468.4529063513,77.02639639239891,249141.48362018913,0.55,0.76,0.07418851042673319,0.0006837547037975661,3.1962314170000354,tm_tw_refined_support_offline,context_noise_refinement
oracle,20261642,100,100,2,0.0,0.45,0.3,dense,1.0,1.0,deterministic,20.0,0.1,0.95,False,9098.027818688048,909802.7818688047,988177.1517955346,92.0687935574788,78374.36992672994,0.76,0.9,0.37601503006012027,0.009621634787959594,0.025746124999841413,oracle,context_noise_refinement
state_thompson,20262540,100,100,2,0.0,0.45,0.3,dense,1.0,1.0,deterministic,20.0,0.1,0.95,False,4600.650523414093,460065.0523414093,1014714.8611804044,45.339343094494716,554649.8088389952,0.31,0.49,0.376287662626841,0.00962861102768031,0.028394166999987647,state_thompson,context_noise_refinement
global_ucb_tw,20262376,100,100,2,0.0,0.45,0.3,dense,1.0,1.0,deterministic,20.0,0.1,0.95,False,4593.150113315543,459315.0113315544,1026295.0447877995,44.75467495085918,566980.0334562451,0.36,0.58,0.37667341826510164,0.009638481909352636,3.6274664580000717,global_ucb_tw_dense,context_noise_refinement
local_ucb_tw,20262274,100,100,2,0.0,0.45,0.3,dense,1.0,1.0,deterministic,20.0,0.1,0.95,False,5176.1523925384945,517615.2392538495,1000885.9885086593,51.715704405564395,483270.7492548098,0.29,0.55,0.3780072605528517,0.009672612841181124,3.781278417000067,local_ucb_tw_dense,context_noise_refinement
exp4,20261397,100,100,2,0.0,0.45,0.3,dense,1.0,1.0,deterministic,20.0,0.1,0.95,False,5256.101685697337,525610.1685697337,1014727.7899429256,51.79814466294426,489117.6213731918,0.31,0.69,0.3771498234564367,0.00965067237089185,3.3383110419999866,exp4_dense,context_noise_refinement
tw,20261247,100,100,2,0.0,0.45,0.3,dense,1.0,1.0,deterministic,20.0,0.1,0.95,False,4210.136162406701,421013.6162406701,874090.3215467639,48.165916709346135,453076.7053060938,0.27,0.39,0.3757189617329898,0.00961405886389221,3.235343124999872,tw_dense,context_noise_refinement
tm_tw,20261567,100,100,2,0.0,0.45,0.3,dense,1.0,1.0,deterministic,20.0,0.1,0.95,False,6449.8887877047655,644988.8787704766,1030217.2788718023,62.60707250773431,385228.4001013257,0.34,0.54,0.3757177609186627,0.009614028136937222,3.015142916000059,tm_tw_dense,context_noise_refinement
tm_tw_refined,20262395,100,100,2,0.0,0.45,0.3,dense,1.0,1.0,deterministic,20.0,0.1,0.95,False,3521.438803558444,352143.8803558444,894690.1173581112,39.35931262945809,542546.2370022668,0.25,0.59,0.3764390368037662,0.009632484455416616,3.6111988749999,tm_tw_refined_dense,context_noise_refinement
tw,20261459,100,100,2,0.0,0.45,0.3,offline,1.0,1.0,deterministic,20.0,0.1,0.95,False,3982.3437155611687,398234.37155611685,1032406.1312366907,38.57342178693602,634171.7596805738,0.26,0.52,0.319242809433835,0.008168922717167511,3.2202170830000796,tw_offline,context_noise_refinement
tm_tw,20261779,100,100,2,0.0,0.45,0.3,offline,1.0,1.0,deterministic,20.0,0.1,0.95,False,6301.736942271748,630173.6942271749,965730.9181593381,65.25354862079719,335557.2239321632,0.39,0.58,0.3204796865703191,0.008200572462878275,3.1577314589999332,tm_tw_offline,context_noise_refinement
tm_tw_refined,20262607,100,100,2,0.0,0.45,0.3,offline,1.0,1.0,deterministic,20.0,0.1,0.95,False,6745.1014973299925,674510.1497329993,1071038.9091924757,62.977184483573545,396528.75945947645,0.39,0.62,0.31935789651860674,0.00817014583314684,3.0603314999998474,tm_tw_refined_offline,context_noise_refinement
tw,20262071,100,100,2,0.0,0.45,0.3,gated_offline,1.0,1.0,deterministic,20.0,0.1,0.95,False,3559.8077434816714,355980.7743481671,1030986.1767587543,34.528181111730355,675005.4024105872,0.15,0.47,0.3196553784673874,0.008179479711564857,3.0857184999999845,tw_gated_offline,context_noise_refinement
tm_tw,20262391,100,100,2,0.0,0.45,0.3,gated_offline,1.0,1.0,deterministic,20.0,0.1,0.95,False,5922.740752048943,592274.0752048943,1023973.4691372908,57.84076375571448,431699.39393239655,0.4,0.67,0.3196933902576386,0.008180294059740432,3.0789487500001087,tm_tw_gated_offline,context_noise_refinement
tm_tw_refined,20263219,100,100,2,0.0,0.45,0.3,gated_offline,1.0,1.0,deterministic,20.0,0.1,0.95,False,6627.420583940733,662742.0583940733,1014220.427984094,65.34497236575746,351478.36959002074,0.38,0.63,0.3180333423653349,0.0081379743521,3.504624749999948,tm_tw_refined_gated_offline,context_noise_refinement
tw,20262351,100,100,2,0.0,0.45,0.3,support_offline,1.0,1.0,deterministic,20.0,0.1,0.95,True,3965.8284711867636,396582.84711867635,890308.0425829492,44.544452947781515,493725.1954642728,0.31,0.59,0.07330475550216624,0.0007217191000816437,3.2341372910000246,tw_support_offline,context_noise_refinement
tm_tw,20262671,100,100,2,0.0,0.45,0.3,support_offline,1.0,1.0,deterministic,20.0,0.1,0.95,True,4262.428147360412,426242.81473604124,922603.7342845474,46.19998802265637,496360.91954850615,0.3,0.57,0.07397892080108985,0.0007297610738518383,3.095022291999612,tm_tw_support_offline,context_noise_refinement
tm_tw_refined,20263499,100,100,2,0.0,0.45,0.3,support_offline,1.0,1.0,deterministic,20.0,0.1,0.95,True,5904.018930822416,590401.8930822416,956075.5473547125,61.752640229715794,365673.65427247086,0.35,0.66,0.07363730512625578,0.0007135028363908019,2.9941203339999447,tm_tw_refined_support_offline,context_noise_refinement
oracle,20261643,100,100,2,0.0,0.45,0.3,dense,1.0,1.0,deterministic,20.0,0.1,0.95,False,9158.642152083548,915864.2152083549,1105471.5083756929,82.84828765546979,189607.293167338,0.7,0.85,0.3764482536501575,0.009632720300057877,0.024966833000235056,oracle,context_noise_refinement
state_thompson,20262541,100,100,2,0.0,0.45,0.3,dense,1.0,1.0,deterministic,20.0,0.1,0.95,False,3258.3493055036256,325834.93055036257,950355.6616548834,34.285577883860476,624520.7311045208,0.2,0.39,0.37659705282059414,0.009636239045128338,0.02832879099969432,state_thompson,context_noise_refinement
global_ucb_tw,20262377,100,100,2,0.0,0.45,0.3,dense,1.0,1.0,deterministic,20.0,0.1,0.95,False,5306.762605343567,530676.2605343567,1096851.1167167774,48.381795163124664,566174.8561824207,0.36,0.58,0.3757339838406972,0.009614443256064201,3.28891241600013,global_ucb_tw_dense,context_noise_refinement
local_ucb_tw,20262275,100,100,2,0.0,0.45,0.3,dense,1.0,1.0,deterministic,20.0,0.1,0.95,False,4511.151506594978,451115.15065949777,996151.4131773671,45.28580140448746,545036.2625178692,0.18,0.48,0.3768795448038935,0.009643756364142502,3.3130726670001422,local_ucb_tw_dense,context_noise_refinement
exp4,20261398,100,100,2,0.0,0.45,0.3,dense,1.0,1.0,deterministic,20.0,0.1,0.95,False,7559.91146731308,755991.146731308,1154697.404983829,65.47093147246618,398706.25825252105,0.44,0.67,0.37719780036263,0.009651900024662962,3.3146645000001627,exp4_dense,context_noise_refinement
tw,20261248,100,100,2,0.0,0.45,0.3,dense,1.0,1.0,deterministic,20.0,0.1,0.95,False,5790.229236459485,579022.9236459485,1114017.0679764433,51.97612678392037,534994.1443304948,0.34,0.59,0.375829468460731,0.009616886557710107,3.4177623750001658,tw_dense,context_noise_refinement
tm_tw,20261568,100,100,2,0.0,0.45,0.3,dense,1.0,1.0,deterministic,20.0,0.1,0.95,False,3851.6912917246054,385169.1291724605,940973.3711991641,40.933053045019335,555804.2420267035,0.25,0.49,0.3748556080414798,0.00959196699721545,3.7483165829999052,tm_tw_dense,context_noise_refinement
tm_tw_refined,20262396,100,100,2,0.0,0.45,0.3,dense,1.0,1.0,deterministic,20.0,0.1,0.95,False,6946.725016953406,694672.5016953406,999823.9034762932,69.47948526535822,305151.4017809526,0.42,0.66,0.37596947068740655,0.009620468995077994,3.864144832999955,tm_tw_refined_dense,context_noise_refinement
tw,20261460,100,100,2,0.0,0.45,0.3,offline,1.0,1.0,deterministic,20.0,0.1,0.95,False,5110.997674145399,511099.76741453994,901361.1792920072,56.70310405602267,390261.4118774673,0.32,0.53,0.3200351462275417,0.008189197372829254,3.3454882500000167,tw_offline,context_noise_refinement
tm_tw,20261780,100,100,2,0.0,0.45,0.3,offline,1.0,1.0,deterministic,20.0,0.1,0.95,False,5813.766827490934,581376.6827490934,1095563.3107191739,53.06646152356574,514186.6279700805,0.42,0.6,0.3199983154919067,0.008188168371282764,3.4899992499999826,tm_tw_offline,context_noise_refinement
tm_tw_refined,20262608,100,100,2,0.0,0.45,0.3,offline,1.0,1.0,deterministic,20.0,0.1,0.95,False,7818.173444542509,781817.3444542509,1057989.8366731766,73.89648911114843,276172.49221892573,0.48,0.76,0.32004312054994893,0.008189401423230833,4.128780082999583,tm_tw_refined_offline,context_noise_refinement
tw,20262072,100,100,2,0.0,0.45,0.3,gated_offline,1.0,1.0,deterministic,20.0,0.1,0.95,False,4825.422531998911,482542.2531998911,994902.141354595,48.50147900404482,512359.88815470383,0.32,0.5,0.3198251257854689,0.008183819411477757,3.2301114580000103,tw_gated_offline,context_noise_refinement
tm_tw,20262392,100,100,2,0.0,0.45,0.3,gated_offline,1.0,1.0,deterministic,20.0,0.1,0.95,False,3401.4865760409384,340148.65760409384,844159.3261171875,40.29436707980809,504010.66851309367,0.23,0.52,0.31925831982089814,0.008169319603642282,3.3397585000002437,tm_tw_gated_offline,context_noise_refinement
tm_tw_refined,20263220,100,100,2,0.0,0.45,0.3,gated_offline,1.0,1.0,deterministic,20.0,0.1,0.95,False,6938.937479275288,693893.7479275288,1129114.8223795742,61.45466644970344,435221.0744520454,0.42,0.7,0.3199578557734664,0.008187219631350173,3.6737635829999817,tm_tw_refined_gated_offline,context_noise_refinement
tw,20262352,100,100,2,0.0,0.45,0.3,support_offline,1.0,1.0,deterministic,20.0,0.1,0.95,True,5368.629949463231,536862.9949463231,948416.632319318,56.60623998478858,411553.6373729949,0.42,0.64,0.07601549042053547,0.0007514460832428142,3.5140269580001586,tw_support_offline,context_noise_refinement
tm_tw,20262672,100,100,2,0.0,0.45,0.3,support_offline,1.0,1.0,deterministic,20.0,0.1,0.95,True,7004.744266040677,700474.4266040677,1127500.1995387971,62.12632395901979,427025.77293472947,0.47,0.6,0.07589819552230594,0.0007880195346622917,3.720879709000201,tm_tw_support_offline,context_noise_refinement
tm_tw_refined,20263500,100,100,2,0.0,0.45,0.3,support_offline,1.0,1.0,deterministic,20.0,0.1,0.95,True,8130.697152123896,813069.7152123896,1100318.6694989107,73.89402159127815,287248.95428652107,0.48,0.71,0.07439614785217623,0.0006684810457045799,3.4794551670001965,tm_tw_refined_support_offline,context_noise_refinement
oracle,20261644,100,100,2,0.0,0.45,0.3,dense,1.0,1.0,deterministic,20.0,0.1,0.95,False,9007.108644606205,900710.8644606206,1018266.865760449,88.4552856178781,117556.00129982841,0.73,0.88,0.3764256868715787,0.00963214285159314,0.026742042000023503,oracle,context_noise_refinement
state_thompson,20262542,100,100,2,0.0,0.45,0.3,dense,1.0,1.0,deterministic,20.0,0.1,0.95,False,2597.9003334684644,259790.03334684644,984177.7158322389,26.39665877083624,724387.6824853924,0.17,0.39,0.3768074084677291,0.009641910508455817,0.029355415999816614,state_thompson,context_noise_refinement
global_ucb_tw,20262378,100,100,2,0.0,0.45,0.3,dense,1.0,1.0,deterministic,20.0,0.1,0.95,False,5928.594795970471,592859.4795970471,962060.1994656258,61.623948265020175,369200.7198685787,0.42,0.67,0.376751169004676,0.00964047142881562,3.368085708000308,global_ucb_tw_dense,context_noise_refinement
local_ucb_tw,20262276,100,100,2,0.0,0.45,0.3,dense,1.0,1.0,deterministic,20.0,0.1,0.95,False,5363.815498065198,536381.5498065198,905863.1022071119,59.21220861073158,369481.55240059213,0.29,0.63,0.3767813688169395,0.009641169602210066,3.6248621249997086,local_ucb_tw_dense,context_noise_refinement
exp4,20261399,100,100,2,0.0,0.45,0.3,dense,1.0,1.0,deterministic,20.0,0.1,0.95,False,6455.950925216824,645595.0925216824,1005480.77606958,64.20760176492989,359885.6835478976,0.35,0.74,0.3756940945382829,0.009613422551387276,3.442632666999998,exp4_dense,context_noise_refinement
tw,20261249,100,100,2,0.0,0.45,0.3,dense,1.0,1.0,deterministic,20.0,0.1,0.95,False,6181.897026265888,618189.7026265888,981306.0846308777,62.99662381683115,363116.38200428896,0.32,0.58,0.37645860769157363,0.009632985243735976,3.76657512499969,tw_dense,context_noise_refinement
tm_tw,20261569,100,100,2,0.0,0.45,0.3,dense,1.0,1.0,deterministic,20.0,0.1,0.95,False,5198.441936161027,519844.19361610274,898759.6249368971,57.84018097748901,378915.43132079433,0.35,0.68,0.3763228122912492,0.009629510452455432,3.8143503329997657,tm_tw_dense,context_noise_refinement
tm_tw_refined,20262397,100,100,2,0.0,0.45,0.3,dense,1.0,1.0,deterministic,20.0,0.1,0.95,False,5515.261129444635,551526.1129444635,948292.9958499522,58.15988469366815,396766.8829054887,0.42,0.65,0.3760583309476095,0.009622742789747049,3.865358916999867,tm_tw_refined_dense,context_noise_refinement
tw,20261461,100,100,2,0.0,0.45,0.3,offline,1.0,1.0,deterministic,20.0,0.1,0.95,False,3139.4408731471676,313944.0873147168,939479.1246020069,33.41682418411515,625535.0372872901,0.2,0.5,0.31947862092867624,0.008174956763417743,3.636999208999896,tw_offline,context_noise_refinement
tm_tw,20261781,100,100,2,0.0,0.45,0.3,offline,1.0,1.0,deterministic,20.0,0.1,0.95,False,6686.187235770022,668618.7235770022,978402.9035641302,68.33776976145053,309784.179987128,0.44,0.63,0.3201702077470139,0.008192653385249982,3.658364290999998,tm_tw_offline,context_noise_refinement
tm_tw_refined,20262609,100,100,2,0.0,0.45,0.3,offline,1.0,1.0,deterministic,20.0,0.1,0.95,False,5710.669501849126,571066.9501849127,876377.7569878094,65.16219126187343,305310.8068028968,0.3,0.62,0.3199921055397405,0.008187309024968436,3.2275260000001254,tm_tw_refined_offline,context_noise_refinement
tw,20262073,100,100,2,0.0,0.45,0.3,gated_offline,1.0,1.0,deterministic,20.0,0.1,0.95,False,3655.1298239882244,365512.98239882244,923529.9125694864,39.57781739650163,558016.930170664,0.26,0.46,0.32008002563637483,0.008190255147191202,3.504780916999607,tw_gated_offline,context_noise_refinement
tm_tw,20262393,100,100,2,0.0,0.45,0.3,gated_offline,1.0,1.0,deterministic,20.0,0.1,0.95,False,5656.4127993218935,565641.2799321894,890796.6082240546,63.498364801802026,325155.3282918652,0.4,0.61,0.3202603679421352,0.008194960443214475,3.5513806250000926,tm_tw_gated_offline,context_noise_refinement
tm_tw_refined,20263221,100,100,2,0.0,0.45,0.3,gated_offline,1.0,1.0,deterministic,20.0,0.1,0.95,False,6387.693466826704,638769.3466826704,1034222.709480901,61.76322960489649,395453.3627982306,0.43,0.7,0.3191472854981667,0.008166478409496188,3.694334291999894,tm_tw_refined_gated_offline,context_noise_refinement
tw,20262353,100,100,2,0.0,0.45,0.3,support_offline,1.0,1.0,deterministic,20.0,0.1,0.95,True,4963.766506306013,496376.65063060133,873141.7052431954,56.84949506476111,376765.0546125941,0.38,0.59,0.07543513775484734,0.00075575654656776,3.3628910419997737,tw_support_offline,context_noise_refinement
tm_tw,20262673,100,100,2,0.0,0.45,0.3,support_offline,1.0,1.0,deterministic,20.0,0.1,0.95,True,6201.3795497561405,620137.9549756141,969554.1501066318,63.96114697744434,349416.1951310177,0.41,0.56,0.07413128886633566,0.0007968897436489647,3.271647665999808,tm_tw_support_offline,context_noise_refinement
tm_tw_refined,20263501,100,100,2,0.0,0.45,0.3,support_offline,1.0,1.0,deterministic,20.0,0.1,0.95,True,6770.718673261759,677071.8673261759,1017195.5908837973,66.56260343577556,340123.72355762136,0.39,0.64,0.07823206345398512,0.0007341453809781922,3.3276294580000467,tm_tw_refined_support_offline,context_noise_refinement
oracle,20261645,100,100,2,0.0,0.45,0.3,dense,1.0,1.0,deterministic,20.0,0.1,0.95,False,8153.8694614820015,815386.9461482002,925073.6565932637,88.14292141352257,109686.71044506354,0.75,0.89,0.3754946639310367,0.009608319434982172,0.025161584000215953,oracle,context_noise_refinement
state_thompson,20262543,100,100,2,0.0,0.45,0.3,dense,1.0,1.0,deterministic,20.0,0.1,0.95,False,4628.862637761141,462886.2637761141,878477.953022873,52.6918475510178,415591.68924675894,0.32,0.52,0.3772434949263606,0.009653069276870624,0.028645500000038737,state_thompson,context_noise_refinement
global_ucb_tw,20262379,100,100,2,0.0,0.45,0.3,dense,1.0,1.0,deterministic,20.0,0.1,0.95,False,4932.0393262964635,493203.9326296463,904675.1796903736,54.51723930333163,411471.24706072727,0.3,0.59,0.3753327607596144,0.009604176586792867,3.8421415419998084,global_ucb_tw_dense,context_noise_refinement
local_ucb_tw,20262277,100,100,2,0.0,0.45,0.3,dense,1.0,1.0,deterministic,20.0,0.1,0.95,False,4670.896879314835,467089.6879314835,895712.9907335441,52.14724948322569,428623.3028020606,0.38,0.59,0.3755460842319559,0.009609635199822887,3.757108374999916,local_ucb_tw_dense,context_noise_refinement
exp4,20261400,100,100,2,0.0,0.45,0.3,dense,1.0,1.0,deterministic,20.0,0.1,0.95,False,5296.960124519606,529696.0124519606,854196.0179014202,62.011060851502464,324500.00544945966,0.41,0.57,0.3753035670927538,0.009603290185362903,3.823306499999944,exp4_dense,context_noise_refinement
tw,20261250,100,100,2,0.0,0.45,0.3,dense,1.0,1.0,deterministic,20.0,0.1,0.95,False,4525.41568010611,452541.568010611,1027956.9863162673,44.02339533994659,575415.4183056563,0.29,0.58,0.3769938527849349,0.009646681326069564,3.2793545419999646,tw_dense,context_noise_refinement
tm_tw,20261570,100,100,2,0.0,0.45,0.3,dense,1.0,1.0,deterministic,20.0,0.1,0.95,False,5897.6981723979225,589769.8172397922,966738.3252190258,61.00614839141429,376968.50797923363,0.47,0.66,0.37548579699080703,0.00960809254389071,3.3003566249999494,tm_tw_dense,context_noise_refinement
tm_tw_refined,20262398,100,100,2,0.0,0.45,0.3,dense,1.0,1.0,deterministic,20.0,0.1,0.95,False,7433.16205118327,743316.2051183269,929619.9069743773,79.95915314868732,186303.7018560504,0.49,0.73,0.3769266867067468,0.009644962651487963,3.488020416999916,tm_tw_refined_dense,context_noise_refinement
tw,20261462,100,100,2,0.0,0.45,0.3,offline,1.0,1.0,deterministic,20.0,0.1,0.95,False,5534.396480232062,553439.6480232062,929281.9259192592,59.55562381951372,375842.27789605304,0.41,0.56,0.3199320525561336,0.00818655936749452,3.2964713749997827,tw_offline,context_noise_refinement
tm_tw,20261782,100,100,2,0.0,0.45,0.3,offline,1.0,1.0,deterministic,20.0,0.1,0.95,False,3992.3064973181235,399230.64973181236,921409.3801554822,43.32825976488807,522178.73042366985,0.25,0.53,0.31998308433603617,0.008187865190691866,3.1690082080003776,tm_tw_offline,context_noise_refinement
tm_tw_refined,20262610,100,100,2,0.0,0.45,0.3,offline,1.0,1.0,deterministic,20.0,0.1,0.95,False,6911.709723349647,691170.9723349647,870115.5372170507,79.43439035068648,178944.564882086,0.57,0.76,0.31991569053772884,0.008185183816167441,3.154779458000121,tm_tw_refined_offline,context_noise_refinement
tw,20262074,100,100,2,0.0,0.45,0.3,gated_offline,1.0,1.0,deterministic,20.0,0.1,0.95,False,4574.507007201182,457450.7007201182,947728.3992955238,48.26812207591918,490277.6985754056,0.31,0.59,0.31949598017477704,0.0081754009592951,2.9548469999999725,tw_gated_offline,context_noise_refinement
tm_tw,20262394,100,100,2,0.0,0.45,0.3,gated_offline,1.0,1.0,deterministic,20.0,0.1,0.95,False,5387.824323531256,538782.4323531255,912128.1008471558,59.06872421239093,373345.66849403025,0.33,0.55,0.3189057585075684,0.008160298112675076,3.091073250000136,tm_tw_gated_offline,context_noise_refinement
tm_tw_refined,20263222,100,100,2,0.0,0.45,0.3,gated_offline,1.0,1.0,deterministic,20.0,0.1,0.95,False,7860.20665973729,786020.665973729,991140.0183456352,79.30470482724714,205119.35237190616,0.52,0.8,0.3199409985413847,0.00818678828122409,3.0858101670000906,tm_tw_refined_gated_offline,context_noise_refinement
tw,20262354,100,100,2,0.0,0.45,0.3,support_offline,1.0,1.0,deterministic,20.0,0.1,0.95,True,6344.979293617021,634497.9293617021,918560.3624771405,69.07525681280335,284062.43311543844,0.47,0.65,0.07569108227189694,0.0007735966703103329,2.947113624999929,tw_support_offline,context_noise_refinement
tm_tw,20262674,100,100,2,0.0,0.45,0.3,support_offline,1.0,1.0,deterministic,20.0,0.1,0.95,True,5779.45834289193,577945.834289193,873701.2040296858,66.14914018929933,295755.3697404928,0.44,0.73,0.07390952590287661,0.0006944107723935142,2.927544624999882,tm_tw_support_offline,context_noise_refinement
tm_tw_refined,20263502,100,100,2,0.0,0.45,0.3,support_offline,1.0,1.0,deterministic,20.0,0.1,0.95,True,7376.57798541963,737657.798541963,917479.7917917954,80.4004409842479,179821.99324983242,0.42,0.72,0.07291626742109247,0.0007180183796948945,2.977557833999981,tm_tw_refined_support_offline,context_noise_refinement
oracle,20261646,100,100,2,0.0,0.45,0.3,dense,1.0,1.0,deterministic,20.0,0.1,0.95,False,12542.018538685306,1254201.8538685306,1406897.868317292,89.14661697288714,152696.01444876147,0.73,0.92,0.37612429621147053,0.009624430737373667,0.024972208000235696,oracle,context_noise_refinement
state_thompson,20262544,100,100,2,0.0,0.45,0.3,dense,1.0,1.0,deterministic,20.0,0.1,0.95,False,5665.568618978894,566556.8618978894,1246523.612562321,45.45095304960089,679966.7506644315,0.28,0.52,0.3755392212997424,0.009609459588152994,0.028532833000099345,state_thompson,context_noise_refinement
global_ucb_tw,20262380,100,100,2,0.0,0.45,0.3,dense,1.0,1.0,deterministic,20.0,0.1,0.95,False,8629.294774579044,862929.4774579045,1282247.0203290302,67.29822442765146,419317.54287112574,0.5,0.64,0.37652912173553454,0.009634789587509964,3.334780000000137,global_ucb_tw_dense,context_noise_refinement
local_ucb_tw,20262278,100,100,2,0.0,0.45,0.3,dense,1.0,1.0,deterministic,20.0,0.1,0.95,False,7091.185628470398,709118.5628470398,1296944.3141393403,54.67609943743923,587825.7512923005,0.3,0.58,0.37564965645576864,0.009612285450562977,3.304123625000102,local_ucb_tw_dense,context_noise_refinement
exp4,20261401,100,100,2,0.0,0.45,0.3,dense,1.0,1.0,deterministic,20.0,0.1,0.95,False,10804.512600292986,1080451.2600292987,1347377.9892235275,80.18917250176735,266926.72919422877,0.54,0.69,0.37667206924671853,0.009638447390088336,3.3151948750000884,exp4_dense,context_noise_refinement
tw,20261251,100,100,2,0.0,0.45,0.3,dense,1.0,1.0,deterministic,20.0,0.1,0.95,False,8518.517163541648,851851.7163541649,1482808.2897545109,57.44854019498332,630956.573400346,0.33,0.53,0.3755895839297642,0.009610748288854542,3.2838301670003602,tw_dense,context_noise_refinement
tm_tw,20261571,100,100,2,0.0,0.45,0.3,dense,1.0,1.0,deterministic,20.0,0.1,0.95,False,6942.053116131652,694205.3116131652,1392299.390988985,49.86034728637306,698094.0793758199,0.31,0.45,0.37460232369500907,0.00958548584810059,3.2487211659999957,tm_tw_dense,context_noise_refinement
tm_tw_refined,20262399,100,100,2,0.0,0.45,0.3,dense,1.0,1.0,deterministic,20.0,0.1,0.95,False,9852.04790368443,985204.790368443,1374346.1370188221,71.68534649542586,389141.3466503791,0.39,0.69,0.37551839206706444,0.009608884322578495,3.2930499170001895,tm_tw_refined_dense,context_noise_refinement
tw,20261463,100,100,2,0.0,0.45,0.3,offline,1.0,1.0,deterministic,20.0,0.1,0.95,False,3481.95501105923,348195.501105923,1026522.6044489983,33.91990586440347,678327.1033430754,0.25,0.44,0.3193396130311633,0.00817139976937339,3.0424690419999934,tw_offline,context_noise_refinement
tm_tw,20261783,100,100,2,0.0,0.45,0.3,offline,1.0,1.0,deterministic,20.0,0.1,0.95,False,5211.348727597422,521134.8727597422,1250050.1422206569,41.68911751283592,728915.2694609147,0.25,0.48,0.320392012591622,0.008198329023292105,3.276940416999878,tm_tw_offline,context_noise_refinement
tm_tw_refined,20262611,100,100,2,0.0,0.45,0.3,offline,1.0,1.0,deterministic,20.0,0.1,0.95,False,5563.279210945952,556327.9210945952,1076733.8314322555,51.66810077422532,520405.9103376602,0.33,0.65,0.3197326960951923,0.008181458148377055,3.299934167000174,tm_tw_refined_offline,context_noise_refinement
tw,20262075,100,100,2,0.0,0.45,0.3,gated_offline,1.0,1.0,deterministic,20.0,0.1,0.95,False,6460.188629534719,646018.862953472,1350068.461833449,47.85082247430264,704049.5988799771,0.3,0.59,0.32027320987476715,0.008195289048126188,3.0791507079998155,tw_gated_offline,context_noise_refinement
tm_tw,20262395,100,100,2,0.0,0.45,0.3,gated_offline,1.0,1.0,deterministic,20.0,0.1,0.95,False,5879.774431632291,587977.4431632292,1158772.2282516488,50.74141654657769,570794.7850884197,0.35,0.58,0.3191214100222127,0.008165816296655769,3.2792179580001175,tm_tw_gated_offline,context_noise_refinement
tm_tw_refined,20263223,100,100,2,0.0,0.45,0.3,gated_offline,1.0,1.0,deterministic,20.0,0.1,0.95,False,8467.616384756662,846761.6384756662,1194191.4707397744,70.90668952367551,347429.83226410823,0.39,0.72,0.3194739153703452,0.008174836355561368,3.602150665999943,tm_tw_refined_gated_offline,context_noise_refinement
tw,20262355,100,100,2,0.0,0.45,0.3,support_offline,1.0,1.0,deterministic,20.0,0.1,0.95,True,10737.640891420004,1073764.0891420003,1325274.5954622612,81.02200802902036,251510.50632026093,0.48,0.68,0.07493266897986138,0.0007533539990423912,3.157737707999786,tw_support_offline,context_noise_refinement
tm_tw,20262675,100,100,2,0.0,0.45,0.3,support_offline,1.0,1.0,deterministic,20.0,0.1,0.95,True,7846.137794450636,784613.7794450636,1119328.4850214997,70.09682947807703,334714.7055764361,0.34,0.51,0.07340629246134522,0.0007279301000767128,2.9540649580003446,tm_tw_support_offline,context_noise_refinement
tm_tw_refined,20263503,100,100,2,0.0,0.45,0.3,support_offline,1.0,1.0,deterministic,20.0,0.1,0.95,True,6767.643712126404,676764.3712126404,1071490.2857824357,63.1610365667894,394725.91456979525,0.32,0.69,0.073264227124127,0.0007226225234014136,3.2248568749996593,tm_tw_refined_support_offline,context_noise_refinement
oracle,20261647,100,100,2,0.0,0.45,0.3,dense,1.0,1.0,deterministic,20.0,0.1,0.95,False,8370.19377119338,837019.377119338,946859.4070448558,88.39954177903476,109840.02992551774,0.71,0.85,0.376427283137704,0.009632183697539326,0.02495479199978945,oracle,context_noise_refinement
state_thompson,20262545,100,100,2,0.0,0.45,0.3,dense,1.0,1.0,deterministic,20.0,0.1,0.95,False,4248.053694994097,424805.3694994097,834168.8483465817,50.92558543050639,409363.478847172,0.29,0.45,0.3768702404809619,0.00964351828111379,0.03274179100026231,state_thompson,context_noise_refinement
global_ucb_tw,20262381,100,100,2,0.0,0.45,0.3,dense,1.0,1.0,deterministic,20.0,0.1,0.95,False,3751.4500455319626,375145.00455319625,802648.4912345818,46.73839278962234,427503.48668138555,0.32,0.53,0.37622510894805483,0.009627010377164218,3.394943708000028,global_ucb_tw_dense,context_noise_refinement
local_ucb_tw,20262279,100,100,2,0.0,0.45,0.3,dense,1.0,1.0,deterministic,20.0,0.1,0.95,False,4462.817987462048,446281.7987462048,889814.4602779658,50.15447811522332,443532.66153176094,0.35,0.59,0.3759720154594904,0.009620534111803794,3.392551624999669,local_ucb_tw_dense,context_noise_refinement
exp4,20261402,100,100,2,0.0,0.45,0.3,dense,1.0,1.0,deterministic,20.0,0.1,0.95,False,4674.264367193169,467426.43671931693,852266.1722037527,54.84512373765417,384839.73548443575,0.39,0.6,0.37666444794350606,0.00963825237289419,3.5843070829996577,exp4_dense,context_noise_refinement
tw,20261252,100,100,2,0.0,0.45,0.3,dense,1.0,1.0,deterministic,20.0,0.1,0.95,False,3919.6310525978192,391963.10525978194,823737.0388979876,47.58352323019956,431773.93363820564,0.34,0.6,0.3760741544522236,0.009620733124797021,3.311376332999771,tw_dense,context_noise_refinement
tm_tw,20261572,100,100,2,0.0,0.45,0.3,dense,1.0,1.0,deterministic,20.0,0.1,0.95,False,3774.2791202436515,377427.91202436516,865757.7886451078,43.59509287407413,488329.8766207426,0.28,0.51,0.3752105943488709,0.009601050539976752,3.394816833999812,tm_tw_dense,context_noise_refinement
tm_tw_refined,20262400,100,100,2,0.0,0.45,0.3,dense,1.0,1.0,deterministic,20.0,0.1,0.95,False,6922.44345781499,692244.345781499,906349.4808172963,76.37719890977054,214105.13503579726,0.55,0.78,0.3757357015618538,0.009614487209854118,3.318126458000279,tm_tw_refined_dense,context_noise_refinement
tw,20261464,100,100,2,0.0,0.45,0.3,offline,1.0,1.0,deterministic,20.0,0.1,0.95,False,4542.106804227019,454210.6804227019,862761.3595852816,52.64615474214505,408550.6791625797,0.36,0.6,0.3208862811468774,0.008210976580292899,3.063290541999777,tw_offline,context_noise_refinement
tm_tw,20261784,100,100,2,0.0,0.45,0.3,offline,1.0,1.0,deterministic,20.0,0.1,0.95,False,4592.010105214309,459201.01052143093,806229.0971369589,56.9566407553539,347028.0866155279,0.32,0.47,0.3203419208736938,0.008197047254806071,3.955865458000062,tm_tw_offline,context_noise_refinement
tm_tw_refined,20262612,100,100,2,0.0,0.45,0.3,offline,1.0,1.0,deterministic,20.0,0.1,0.95,False,8129.414851264383,812941.4851264383,972799.1099408569,83.56725215094642,159857.6248144186,0.58,0.78,0.3197960892955918,0.008183080280934327,4.267393208999692,tm_tw_refined_offline,context_noise_refinement
tw,20262076,100,100,2,0.0,0.45,0.3,gated_offline,1.0,1.0,deterministic,20.0,0.1,0.95,False,5350.079640829358,535007.9640829358,897218.7021039289,59.62960455777073,362210.73802099307,0.36,0.58,0.31985798300464663,0.008184664043860247,4.1625446250000095,tw_gated_offline,context_noise_refinement
tm_tw,20262396,100,100,2,0.0,0.45,0.3,gated_offline,1.0,1.0,deterministic,20.0,0.1,0.95,False,3798.478485178999,379847.8485178999,793000.7939272656,47.900059044926984,413152.94540936564,0.38,0.6,0.3191104232557808,0.008164748158361806,3.203666957999758,tm_tw_gated_offline,context_noise_refinement
tm_tw_refined,20263224,100,100,2,0.0,0.45,0.3,gated_offline,1.0,1.0,deterministic,20.0,0.1,0.95,False,6719.583790753631,671958.379075363,885264.3448623271,75.90482808610838,213305.96578696405,0.51,0.74,0.3194297541576081,0.00817370633940036,3.1007596659997034,tm_tw_refined_gated_offline,context_noise_refinement
tw,20262356,100,100,2,0.0,0.45,0.3,support_offline,1.0,1.0,deterministic,20.0,0.1,0.95,True,6198.422458835391,619842.2458835391,914306.7945579061,67.79368255523583,294464.548674367,0.45,0.65,0.07441151260971762,0.0007286674240714588,2.9583990000000995,tw_support_offline,context_noise_refinement
tm_tw,20262676,100,100,2,0.0,0.45,0.3,support_offline,1.0,1.0,deterministic,20.0,0.1,0.95,True,6246.990221400792,624699.0221400792,945292.3957672948,66.08526895352948,320593.3736272156,0.4,0.6,0.07723933750285432,0.0007777889842080519,2.9777160829999048,tm_tw_support_offline,context_noise_refinement
tm_tw_refined,20263504,100,100,2,0.0,0.45,0.3,support_offline,1.0,1.0,deterministic,20.0,0.1,0.95,True,5718.053316864346,571805.3316864346,795636.665150545,71.86764470918915,223831.3334641104,0.61,0.78,0.07734881912545301,0.0007479085809310541,3.0098479170001156,tm_tw_refined_support_offline,context_noise_refinement
oracle,20261648,100,100,2,0.0,0.45,0.3,dense,1.0,1.0,deterministic,20.0,0.1,0.95,False,9921.041482705854,992104.1482705855,1243980.0308098432,79.75241753878603,251875.88253925776,0.75,0.96,0.37681127334033143,0.009642009404483128,0.02659966600003827,oracle,context_noise_refinement
state_thompson,20262546,100,100,2,0.0,0.45,0.3,dense,1.0,1.0,deterministic,20.0,0.1,0.95,False,4178.062066835931,417806.20668359305,1114982.2668755278,37.47200463146337,697176.0601919347,0.22,0.46,0.37662576740783155,0.009637262598662016,0.030913832999885926,state_thompson,context_noise_refinement
global_ucb_tw,20262382,100,100,2,0.0,0.45,0.3,dense,1.0,1.0,deterministic,20.0,0.1,0.95,False,4616.908446376716,461690.8446376716,943322.941540442,48.94303152255924,481632.09690277046,0.34,0.57,0.37588603397270737,0.009618333980430797,3.6981463329998405,global_ucb_tw_dense,context_noise_refinement
local_ucb_tw,20262280,100,100,2,0.0,0.45,0.3,dense,1.0,1.0,deterministic,20.0,0.1,0.95,False,4640.3779283361955,464037.7928336196,1076322.737940878,43.11325743441732,612284.9451072584,0.25,0.56,0.37665399052072396,0.0096379847838491,3.589924875000179,local_ucb_tw_dense,context_noise_refinement
exp4,20261403,100,100,2,0.0,0.45,0.3,dense,1.0,1.0,deterministic,20.0,0.1,0.95,False,4852.4064859755445,485240.6485975544,1124350.5207531573,43.15741751713791,639109.8721556029,0.27,0.6,0.3764431720584025,0.009632590270096043,3.5143806660003065,exp4_dense,context_noise_refinement
tw,20261253,100,100,2,0.0,0.45,0.3,dense,1.0,1.0,deterministic,20.0,0.1,0.95,False,4948.464266930284,494846.42669302836,1215663.017107451,40.70588804045928,720816.5904144228,0.32,0.55,0.375948770556987,0.009619939311211557,3.2957955000001675,tw_dense,context_noise_refinement
tm_tw,20261573,100,100,2,0.0,0.45,0.3,dense,1.0,1.0,deterministic,20.0,0.1,0.95,False,6292.3108640076325,629231.0864007632,1096663.922392307,57.37683838710888,467432.83599154383,0.31,0.58,0.37679110830095847,0.009640478347467736,3.314544625000053,tm_tw_dense,context_noise_refinement
tm_tw_refined,20262401,100,100,2,0.0,0.45,0.3,dense,1.0,1.0,deterministic,20.0,0.1,0.95,False,7763.019231602127,776301.9231602127,1105709.920712513,70.20846142539521,329407.9975523002,0.44,0.79,0.3759331599707351,0.009619539860796724,3.337831416999961,tm_tw_refined_dense,context_noise_refinement
tw,20261465,100,100,2,0.0,0.45,0.3,offline,1.0,1.0,deterministic,20.0,0.1,0.95,False,4139.5679165406145,413956.7916540614,1124180.1991863973,36.82299260862754,710223.4075323358,0.3,0.54,0.3196541953247267,0.008179449436800094,3.266912333000164,tw_offline,context_noise_refinement
tm_tw,20261785,100,100,2,0.0,0.45,0.3,offline,1.0,1.0,deterministic,20.0,0.1,0.95,False,6431.313194907559,643131.3194907559,1160605.0339006567,55.41345252736561,517473.71440990083,0.42,0.67,0.3203197491975298,0.008196479916392356,3.229547416999594,tm_tw_offline,context_noise_refinement
tm_tw_refined,20262613,100,100,2,0.0,0.45,0.3,offline,1.0,1.0,deterministic,20.0,0.1,0.95,False,7909.826876857185,790982.6876857185,1063851.065980839,74.3508854744114,272868.37829512055,0.46,0.67,0.3200121031874198,0.008188607737578714,3.4008426659997895,tm_tw_refined_offline,context_noise_refinement
tw,20262077,100,100,2,0.0,0.45,0.3,gated_offline,1.0,1.0,deterministic,20.0,0.1,0.95,False,4941.964640514769,494196.4640514769,1144464.421028242,43.18146156151076,650267.9569767651,0.28,0.55,0.3192271402497212,0.00816852176732531,3.26277462500002,tw_gated_offline,context_noise_refinement
tm_tw,20262397,100,100,2,0.0,0.45,0.3,gated_offline,1.0,1.0,deterministic,20.0,0.1,0.95,False,3885.6956268844015,388569.56268844014,1088977.0493916867,35.68207088528624,700407.4867032466,0.17,0.49,0.3192983127311109,0.008170342959480251,3.512274250000246,tm_tw_gated_offline,context_noise_refinement
tm_tw_refined,20263225,100,100,2,0.0,0.45,0.3,gated_offline,1.0,1.0,deterministic,20.0,0.1,0.95,False,7276.152479969151,727615.247996915,1043879.8155802581,69.70297127475904,316264.56758334313,0.4,0.64,0.320536699905896,0.00820203134470243,3.2991022920000432,tm_tw_refined_gated_offline,context_noise_refinement
tw,20262357,100,100,2,0.0,0.45,0.3,support_offline,1.0,1.0,deterministic,20.0,0.1,0.95,True,6299.71397899091,629971.397899091,1067055.7000834576,59.03828617848338,437084.3021843666,0.43,0.66,0.07722975932983193,0.0007662027841315813,3.1330920000000333,tw_support_offline,context_noise_refinement
tm_tw,20262677,100,100,2,0.0,0.45,0.3,support_offline,1.0,1.0,deterministic,20.0,0.1,0.95,True,8607.832352587318,860783.2352587319,1224283.8914575833,70.30912039804083,363500.6561988514,0.53,0.76,0.07263671779658658,0.0006416759494643934,3.1394670829999995,tm_tw_support_offline,context_noise_refinement
tm_tw_refined,20263505,100,100,2,0.0,0.45,0.3,support_offline,1.0,1.0,deterministic,20.0,0.1,0.95,True,8677.390435603502,867739.0435603502,1098821.0964657292,78.97000215516101,231082.05290537898,0.43,0.73,0.07426540804824473,0.0006812353812637861,3.165139041999737,tm_tw_refined_support_offline,context_noise_refinement
oracle,20261649,100,100,2,0.0,0.45,0.3,dense,1.0,1.0,deterministic,20.0,0.1,0.95,False,7967.105907080013,796710.5907080013,1010644.0898337697,78.83196455826936,213933.49912576843,0.72,0.88,0.37713712345325573,0.009650347397732151,0.025387209000200528,oracle,context_noise_refinement
state_thompson,20262547,100,100,2,0.0,0.45,0.3,dense,1.0,1.0,deterministic,20.0,0.1,0.95,False,6090.988979633445,609098.8979633445,1044230.3838148173,58.32993440950875,435131.4858514728,0.33,0.56,0.3753361087253873,0.009604262255985247,0.028816374999678374,state_thompson,context_noise_refinement
global_ucb_tw,20262383,100,100,2,0.0,0.45,0.3,dense,1.0,1.0,deterministic,20.0,0.1,0.95,False,5613.837225144917,561383.7225144918,931651.8795157196,60.25681210521506,370268.15700122784,0.36,0.6,0.3753004262493241,0.00960334919739566,3.4659493340000154,global_ucb_tw_dense,context_noise_refinement
local_ucb_tw,20262281,100,100,2,0.0,0.45,0.3,dense,1.0,1.0,deterministic,20.0,0.1,0.95,False,6390.137930240199,639013.7930240199,1009836.8671349005,63.278913042363335,370823.0741108806,0.36,0.66,0.37627145560963193,0.009628196315532866,3.4685970000000452,local_ucb_tw_dense,context_noise_refinement
exp4,20261404,100,100,2,0.0,0.45,0.3,dense,1.0,1.0,deterministic,20.0,0.1,0.95,False,7075.6113961647025,707561.1396164702,1006556.8281960938,70.29520040955161,298995.6885796236,0.41,0.7,0.3767461510322232,0.009640343026771931,3.476543415999913,exp4_dense,context_noise_refinement
tw,20261254,100,100,2,0.0,0.45,0.3,dense,1.0,1.0,deterministic,20.0,0.1,0.95,False,5338.390650210709,533839.0650210709,924169.4641115846,57.764196476049655,390330.3990905137,0.41,0.63,0.3762643063905589,0.009628013378231319,3.4405379579998225,tw_dense,context_noise_refinement
tm_tw,20261574,100,100,2,0.0,0.45,0.3,dense,1.0,1.0,deterministic,20.0,0.1,0.95,False,3725.3830282178715,372538.30282178713,961270.382968571,38.754788394845136,588732.080146784,0.23,0.49,0.37663244743455165,0.009635528865837573,3.4716563749998386,tm_tw_dense,context_noise_refinement
tm_tw_refined,20262402,100,100,2,0.0,0.45,0.3,dense,1.0,1.0,deterministic,20.0,0.1,0.95,False,6846.762108646558,684676.2108646558,891470.9001050978,76.80297929903686,206794.689240442,0.48,0.73,0.3768132693959347,0.009642060480414927,3.5032888750001803,tm_tw_refined_dense,context_noise_refinement
tw,20261466,100,100,2,0.0,0.45,0.3,offline,1.0,1.0,deterministic,20.0,0.1,0.95,False,3029.9336108778243,302993.3610877824,930680.0671717252,32.55612447020157,627686.7060839428,0.19,0.43,0.3198281238192826,0.008183899994145018,3.211451790999945,tw_offline,context_noise_refinement
tm_tw,20261786,100,100,2,0.0,0.45,0.3,offline,1.0,1.0,deterministic,20.0,0.1,0.95,False,5870.876707929105,587087.6707929105,938456.1620994632,62.55888069182794,351368.49130655266,0.31,0.54,0.3188884981603166,0.008159856447464128,3.44223275000013,tm_tw_offline,context_noise_refinement
tm_tw_refined,20262614,100,100,2,0.0,0.45,0.3,offline,1.0,1.0,deterministic,20.0,0.1,0.95,False,7572.007471538397,757200.7471538397,946522.5017345733,79.99817709206201,189321.7545807336,0.54,0.75,0.3195976517659549,0.00817800257582747,3.236668666999776,tm_tw_refined_offline,context_noise_refinement
tw,20262078,100,100,2,0.0,0.45,0.3,gated_offline,1.0,1.0,deterministic,20.0,0.1,0.95,False,5721.825992569893,572182.5992569893,949458.627051765,60.26408976173256,377276.02779477567,0.39,0.55,0.31873686419823627,0.008155976372233214,3.2681944590003695,tw_gated_offline,context_noise_refinement
tm_tw,20262398,100,100,2,0.0,0.45,0.3,gated_offline,1.0,1.0,deterministic,20.0,0.1,0.95,False,5215.845630924364,521584.56309243635,981217.5230175005,53.156874072981026,459632.9599250642,0.29,0.53,0.3200772566959978,0.008190274913660988,3.247437916000308,tm_tw_gated_offline,context_noise_refinement
tm_tw_refined,20263226,100,100,2,0.0,0.45,0.3,gated_offline,1.0,1.0,deterministic,20.0,0.1,0.95,False,7083.672802347303,708367.2802347303,911054.0658606642,77.75249645206758,202686.7856259339,0.52,0.74,0.32013628855489573,0.008191772932374209,3.2609625840000263,tm_tw_refined_gated_offline,context_noise_refinement
tw,20262358,100,100,2,0.0,0.45,0.3,support_offline,1.0,1.0,deterministic,20.0,0.1,0.95,True,3231.5816037136087,323158.1603713609,930264.565220578,34.73830697772905,607106.404849217,0.18,0.48,0.07450083557981084,0.0007125120036482118,3.1889392499997484,tw_support_offline,context_noise_refinement
tm_tw,20262678,100,100,2,0.0,0.45,0.3,support_offline,1.0,1.0,deterministic,20.0,0.1,0.95,True,5342.232458681229,534223.2458681229,1006101.6409188551,53.09833759740478,471878.3950507322,0.33,0.66,0.07510340228390905,0.0007466292361761632,3.1968632920002165,tm_tw_support_offline,context_noise_refinement
tm_tw_refined,20263506,100,100,2,0.0,0.45,0.3,support_offline,1.0,1.0,deterministic,20.0,0.1,0.95,True,6970.352175926088,697035.2175926089,996688.185832593,69.93513392659851,299652.9682399841,0.47,0.73,0.07360840415267812,0.0007280450572290136,3.357719707999877,tm_tw_refined_support_offline,context_noise_refinement
